sa_score_H,sa_score_C,sa_score_O,WATER_PH,poly_logp_H,poly_logd_at_WATER_PH_H,poly_homo_eV_H,poly_lumo_eV_H,poly_charge_at_WATER_PH_H,poly_num_hbond_donors_sum_fullpolymerfeaturizer,poly_num_hbond_acceptors_sum_fullpolymerfeaturizer,poly_num_rotatable_bonds_sum_fullpolymerfeaturizer,poly_num_rings_sum_fullpolymerfeaturizer,poly_num_non_aromatic_rings_sum_fullpolymerfeaturizer,poly_num_aromatic_rings_sum_fullpolymerfeaturizer,poly_num_atoms_sum_fullpolymerfeaturizer,poly_topological_surface_area_sum_fullpolymerfeaturizer,poly_fraction_bicyclic_rings_sum_fullpolymerfeaturizer,poly_num_aliphatic_heterocycles_sum_fullpolymerfeaturizer,poly_slogp_vsa1_sum_fullpolymerfeaturizer,poly_balaban_j_index_sum_fullpolymerfeaturizer,poly_molecular_weight_sum_fullpolymerfeaturizer,poly_sp3_carbon_count_sum_fullpolymerfeaturizer,poly_sp2_carbon_count_sum_fullpolymerfeaturizer,poly_max_estate_index_sum_fullpolymerfeaturizer,poly_smr_vsa5_sum_fullpolymerfeaturizer,poly_fp_density_morgan1_sum_fullpolymerfeaturizer,poly_total_halogens_sum_fullpolymerfeaturizer,poly_fluorine_count_sum_fullpolymerfeaturizer,poly_chlorine_count_sum_fullpolymerfeaturizer,poly_bromine_count_sum_fullpolymerfeaturizer,poly_iodine_count_sum_fullpolymerfeaturizer,poly_single_bonds_sum_fullpolymerfeaturizer,poly_double_bonds_sum_fullpolymerfeaturizer,poly_triple_bonds_sum_fullpolymerfeaturizer,poly_bridging_rings_count_sum_fullpolymerfeaturizer,poly_max_ring_size_sum_fullpolymerfeaturizer,poly_heteroatom_count_sum_fullpolymerfeaturizer,poly_heteroatom_density_sum_fullpolymerfeaturizer,poly_num_hbond_donors_sidechainfeaturizer_sum,poly_num_hbond_acceptors_sidechainfeaturizer_sum,poly_num_rotatable_bonds_sidechainfeaturizer_sum,poly_num_rings_sidechainfeaturizer_sum,poly_num_non_aromatic_rings_sidechainfeaturizer_sum,poly_num_aromatic_rings_sidechainfeaturizer_sum,poly_num_atoms_sidechainfeaturizer_sum,poly_topological_surface_area_sidechainfeaturizer_sum,poly_fraction_bicyclic_rings_sidechainfeaturizer_sum,poly_num_aliphatic_heterocycles_sidechainfeaturizer_sum,poly_slogp_vsa1_sidechainfeaturizer_sum,poly_balaban_j_index_sidechainfeaturizer_sum,poly_molecular_weight_sidechainfeaturizer_sum,poly_sp3_carbon_count_sidechainfeaturizer_sum,poly_sp2_carbon_count_sidechainfeaturizer_sum,poly_max_estate_index_sidechainfeaturizer_sum,poly_smr_vsa5_sidechainfeaturizer_sum,poly_fp_density_morgan1_sidechainfeaturizer_sum,poly_total_halogens_sidechainfeaturizer_sum,poly_fluorine_count_sidechainfeaturizer_sum,poly_chlorine_count_sidechainfeaturizer_sum,poly_bromine_count_sidechainfeaturizer_sum,poly_iodine_count_sidechainfeaturizer_sum,poly_single_bonds_sidechainfeaturizer_sum,poly_double_bonds_sidechainfeaturizer_sum,poly_triple_bonds_sidechainfeaturizer_sum,poly_bridging_rings_count_sidechainfeaturizer_sum,poly_max_ring_size_sidechainfeaturizer_sum,poly_heteroatom_count_sidechainfeaturizer_sum,poly_heteroatom_density_sidechainfeaturizer_sum,poly_num_hbond_donors_sum_backbonefeaturizer,poly_num_hbond_acceptors_sum_backbonefeaturizer,poly_num_rotatable_bonds_sum_backbonefeaturizer,poly_num_rings_sum_backbonefeaturizer,poly_num_non_aromatic_rings_sum_backbonefeaturizer,poly_num_aromatic_rings_sum_backbonefeaturizer,poly_num_atoms_sum_backbonefeaturizer,poly_topological_surface_area_sum_backbonefeaturizer,poly_fraction_bicyclic_rings_sum_backbonefeaturizer,poly_num_aliphatic_heterocycles_sum_backbonefeaturizer,poly_slogp_vsa1_sum_backbonefeaturizer,poly_balaban_j_index_sum_backbonefeaturizer,poly_molecular_weight_sum_backbonefeaturizer,poly_sp3_carbon_count_sum_backbonefeaturizer,poly_sp2_carbon_count_sum_backbonefeaturizer,poly_max_estate_index_sum_backbonefeaturizer,poly_smr_vsa5_sum_backbonefeaturizer,poly_fp_density_morgan1_sum_backbonefeaturizer,poly_total_halogens_sum_backbonefeaturizer,poly_fluorine_count_sum_backbonefeaturizer,poly_chlorine_count_sum_backbonefeaturizer,poly_bromine_count_sum_backbonefeaturizer,poly_iodine_count_sum_backbonefeaturizer,poly_single_bonds_sum_backbonefeaturizer,poly_double_bonds_sum_backbonefeaturizer,poly_triple_bonds_sum_backbonefeaturizer,poly_bridging_rings_count_sum_backbonefeaturizer,poly_max_ring_size_sum_backbonefeaturizer,poly_heteroatom_count_sum_backbonefeaturizer,poly_heteroatom_density_sum_backbonefeaturizer,drug_logp,drug_logd_at_WATER_PH,drug_homo_eV,drug_lumo_eV,drug_charge_at_WATER_PH,drug_num_hbond_donors_sum_fullmolecularfeaturizer,drug_num_hbond_acceptors_sum_fullmolecularfeaturizer,drug_num_rotatable_bonds_sum_fullmolecularfeaturizer,drug_num_rings_sum_fullmolecularfeaturizer,drug_num_non_aromatic_rings_sum_fullmolecularfeaturizer,drug_num_aromatic_rings_sum_fullmolecularfeaturizer,drug_num_atoms_sum_fullmolecularfeaturizer,drug_topological_surface_area_sum_fullmolecularfeaturizer,drug_fraction_bicyclic_rings_sum_fullmolecularfeaturizer,drug_num_aliphatic_heterocycles_sum_fullmolecularfeaturizer,drug_slogp_vsa1_sum_fullmolecularfeaturizer,drug_balaban_j_index_sum_fullmolecularfeaturizer,drug_molecular_weight_sum_fullmolecularfeaturizer,drug_sp3_carbon_count_sum_fullmolecularfeaturizer,drug_sp2_carbon_count_sum_fullmolecularfeaturizer,drug_max_estate_index_sum_fullmolecularfeaturizer,drug_smr_vsa5_sum_fullmolecularfeaturizer,drug_fp_density_morgan1_sum_fullmolecularfeaturizer,drug_total_halogens_sum_fullmolecularfeaturizer,drug_fluorine_count_sum_fullmolecularfeaturizer,drug_chlorine_count_sum_fullmolecularfeaturizer,drug_bromine_count_sum_fullmolecularfeaturizer,drug_iodine_count_sum_fullmolecularfeaturizer,drug_single_bonds_sum_fullmolecularfeaturizer,drug_double_bonds_sum_fullmolecularfeaturizer,drug_triple_bonds_sum_fullmolecularfeaturizer,drug_bridging_rings_count_sum_fullmolecularfeaturizer,drug_max_ring_size_sum_fullmolecularfeaturizer,drug_heteroatom_count_sum_fullmolecularfeaturizer,drug_heteroatom_density_sum_fullmolecularfeaturizer,POLYMER_USED,DRUG
2.4671710767033,2.517937848808069,2.5873637229339437,8.2,6.614600000000006,9.276300000000003,-9.995983440716673,-6.442235509724883,-3.0,5.0,4.0,24.0,2.0,0.0,2.0,46.0,128.43,0.0,0.0,27.00082189318751,1.4976510306802182,605.3941051119999,19.0,25.0,12.270228876822262,109.65688316650682,0.5227272727272727,0.0,0.0,0.0,0.0,0.0,31.0,4.0,0.0,0.0,6.0,11.0,0.2391304347826087,0.0,0.0,0.0,0.0,0.0,0.0,0.0,0.0,0.0,0.0,0.0,0.0,0.0,0.0,0.0,0.0,0.0,0.0,0.0,0.0,0.0,0.0,0.0,0.0,0.0,0.0,0.0,0.0,0.0,0.0,5.0,4.0,24.0,2.0,0.0,2.0,46.0,128.42999999999998,0.0,0.0,27.00082189318751,1.4976510306802182,605.394105112,19.0,25.0,12.270228876822262,109.65688316650682,0.5227272727272727,0.0,0.0,0.0,0.0,0.0,31.0,4.0,0.0,0.0,6.0,11.0,0.2391304347826087,-1.243829999999999,-3.7802999999999987,-9.530334338249151,-6.09775544341932,2,3.0,1.0,0.0,0.0,0.0,0.0,9.0,91.49,0.0,0.0,11.46733495432437,3.927830970185914,129.10144535199998,2.0,7.0,7.0522222222222215,0.0,1.4444444444444444,0.0,0.0,0.0,0.0,0.0,6.0,2.0,0.0,0.0,0.0,5.0,0.5555555555555556,*CC(=O)NCCCCCCCCCCCNC(=O)Nc1ccc(CCc2ccc(NC(=O)CCCCCC(=O)N*)cc2)cc1,CN(C)C(=N)N=C(N)N
2.3404814274250647,2.3809834956300424,2.50044709788145,8.2,3.8336000000000015,6.4953000000000065,-9.702939732077832,-6.5367745463947164,-3.0,3.0,4.0,19.0,0.0,0.0,0.0,29.0,87.30000000000001,0.0,0.0,16.585250271382954,3.3548505186471775,399.25556304400004,18.0,9.0,11.751893645206374,96.81523992065479,0.6296296296296297,0.0,0.0,0.0,0.0,0.0,25.0,3.0,0.0,0.0,0.0,9.0,0.3103448275862069,0.0,0.0,0.0,0.0,0.0,0.0,0.0,0.0,0.0,0.0,0.0,0.0,0.0,0.0,0.0,0.0,0.0,0.0,0.0,0.0,0.0,0.0,0.0,0.0,0.0,0.0,0.0,0.0,0.0,0.0,3.0,4.0,19.0,0.0,0.0,0.0,29.0,87.29999999999998,0.0,0.0,16.585250271382954,3.3548505186471775,399.2555630439999,18.0,9.0,11.751893645206374,96.81523992065479,0.6296296296296297,0.0,0.0,0.0,0.0,0.0,25.0,3.0,0.0,0.0,0.0,9.0,0.3103448275862069,-1.243829999999999,-3.7802999999999987,-9.417953042492483,-5.999927732909126,2,3.0,1.0,0.0,0.0,0.0,0.0,9.0,91.49,0.0,0.0,11.46733495432437,3.927830970185914,129.10144535199998,2.0,7.0,7.0522222222222215,0.0,1.4444444444444444,0.0,0.0,0.0,0.0,0.0,6.0,2.0,0.0,0.0,0.0,5.0,0.5555555555555556,*CCCCCCCCCC(=O)NNC(=O)CCCSCCCCCC(=O)N*,CN(C)C(=N)N=C(N)N
2.4710543369605205,2.337496689120538,2.5352734973868998,8.2,5.208400000000004,6.144600000000006,-10.0790214962958,-7.466934517744237,-3.0,5.0,6.0,19.0,3.0,0.0,3.0,47.0,154.73,0.0,0.0,31.690470414872358,1.266211001032003,613.290033968,11.0,34.0,12.689424338866772,57.787394606334104,0.5333333333333333,0.0,0.0,0.0,0.0,0.0,26.0,5.0,0.0,0.0,6.0,13.0,0.2765957446808511,0.0,0.0,0.0,0.0,0.0,0.0,0.0,0.0,0.0,0.0,0.0,0.0,0.0,0.0,0.0,0.0,0.0,0.0,0.0,0.0,0.0,0.0,0.0,0.0,0.0,0.0,0.0,0.0,0.0,0.0,5.0,6.0,19.0,3.0,0.0,3.0,47.0,154.72999999999996,0.0,0.0,31.690470414872358,1.2662110010320036,613.290033968,11.0,34.0,12.689424338866772,57.787394606334104,0.5333333333333333,0.0,0.0,0.0,0.0,0.0,26.0,5.0,0.0,0.0,6.0,13.0,0.2765957446808511,-1.243829999999999,-3.7802999999999987,-9.511364948151993,-6.132749967568058,2,3.0,1.0,0.0,0.0,0.0,0.0,9.0,91.49,0.0,0.0,11.46733495432437,3.927830970185914,129.10144535199998,2.0,7.0,7.0522222222222215,0.0,1.4444444444444444,0.0,0.0,0.0,0.0,0.0,6.0,2.0,0.0,0.0,0.0,5.0,0.5555555555555556,*C(=O)NCCCCNC(=O)c1ccc(C(=O)Nc2ccc(NC(=O)CCCCCCCC(=O)Nc3ccc(O*)cc3)cc2)cc1,CN(C)C(=N)N=C(N)N
2.5524149727111727,2.597615019662813,2.7577457888935797,8.2,10.573399999999996,9.238700000000001,-10.611228973440053,-7.729990248818993,-1.0,0.0,6.0,27.0,2.0,0.0,2.0,47.0,78.90000000000002,0.0,0.0,0.0,1.3934630879704073,618.392039448,22.0,23.0,12.1575644264042,135.52622999979778,0.5555555555555556,0.0,0.0,0.0,0.0,0.0,32.0,4.0,0.0,0.0,6.0,8.0,0.1702127659574468,0.0,0.0,0.0,0.0,0.0,0.0,0.0,0.0,0.0,0.0,0.0,0.0,0.0,0.0,0.0,0.0,0.0,0.0,0.0,0.0,0.0,0.0,0.0,0.0,0.0,0.0,0.0,0.0,0.0,0.0,0.0,6.0,27.0,2.0,0.0,2.0,47.0,78.9,0.0,0.0,0.0,1.3934630879704073,618.3920394480001,22.0,23.0,12.1575644264042,135.52622999979778,0.5555555555555556,0.0,0.0,0.0,0.0,0.0,32.0,4.0,0.0,0.0,6.0,8.0,0.1702127659574468,-1.243829999999999,-3.7802999999999987,-9.440294763780651,-5.9710174337208395,2,3.0,1.0,0.0,0.0,0.0,0.0,9.0,91.49,0.0,0.0,11.46733495432437,3.927830970185914,129.10144535199998,2.0,7.0,7.0522222222222215,0.0,1.4444444444444444,0.0,0.0,0.0,0.0,0.0,6.0,2.0,0.0,0.0,0.0,5.0,0.5555555555555556,*CCCCCCCCCCCCCCCOC(=O)CCCCCCC(=O)OCc1ccc(/C=C/c2ccc(C(=O)O*)cc2)cc1,CN(C)C(=N)N=C(N)N
2.98858119565646,3.0141833182460696,3.1074787028614548,8.2,4.456300000000002,6.024500000000005,-8.333126614329231,-7.26674900453195,-2.0,3.0,5.0,20.0,1.0,1.0,0.0,37.0,113.60000000000001,0.0,1.0,16.367244685174846,2.2429494213946914,487.30462141199996,17.0,18.0,12.500723435298388,103.2360615435808,0.8,0.0,0.0,0.0,0.0,0.0,30.0,7.0,0.0,0.0,8.0,10.0,0.2702702702702703,0.0,0.0,0.0,0.0,0.0,0.0,0.0,0.0,0.0,0.0,0.0,0.0,0.0,0.0,0.0,0.0,0.0,0.0,0.0,0.0,0.0,0.0,0.0,0.0,0.0,0.0,0.0,0.0,0.0,0.0,3.0,5.0,20.0,1.0,1.0,0.0,37.0,113.6,0.0,1.0,16.367244685174846,2.2429494213946914,487.3046214119999,17.0,18.0,12.500723435298388,103.2360615435808,0.8,0.0,0.0,0.0,0.0,0.0,30.0,7.0,0.0,0.0,8.0,10.0,0.2702702702702703,-1.243829999999999,-3.7802999999999987,-9.02628213066258,-5.416403412498977,2,3.0,1.0,0.0,0.0,0.0,0.0,9.0,91.49,0.0,0.0,11.46733495432437,3.927830970185914,129.10144535199998,2.0,7.0,7.0522222222222215,0.0,1.4444444444444444,0.0,0.0,0.0,0.0,0.0,6.0,2.0,0.0,0.0,0.0,5.0,0.5555555555555556,*CCCCCCCCCCCCCNC(=O)c1ccc(NC(=O)CCCCC(=O)N*)cC(=O)Oc1,CN(C)C(=N)N=C(N)N
3.3902906928959364,3.417714147466537,3.613266504786635,8.2,4.717500000000004,3.3828000000000022,-8.438864060213687,-7.439444376040796,-1.0,0.0,7.0,13.0,2.0,0.0,2.0,33.0,83.42,0.0,0.0,0.0,1.8299687315382633,425.18383758399995,11.0,20.0,12.279776609379887,32.79308403298157,1.096774193548387,0.0,0.0,0.0,0.0,0.0,19.0,3.0,0.0,0.0,6.0,9.0,0.2727272727272727,1.0,1.0,0.0,0.0,0.0,0.0,5.0,20.23,0.0,0.0,0.0,2.6329931618554525,76.088815004,5.0,0.0,9.125,20.268296022307258,2.833333333333333,0.0,0.0,0.0,0.0,0.0,3.0,0.0,0.0,0.0,0.0,1.0,0.5,0.0,6.0,10.0,2.0,0.0,2.0,28.0,74.19,0.0,0.0,0.0,1.834904570424398,353.126322708,6.0,20.0,11.976722471057892,19.765380445542643,1.0,0.0,0.0,0.0,0.0,0.0,14.0,3.0,0.0,0.0,6.0,8.0,0.2857142857142857,-1.243829999999999,-3.7802999999999987,-9.41793643858967,-5.999872530261691,2,3.0,1.0,0.0,0.0,0.0,0.0,9.0,91.49,0.0,0.0,11.46733495432437,3.927830970185914,129.10144535199998,2.0,7.0,7.0522222222222215,0.0,1.4444444444444444,0.0,0.0,0.0,0.0,0.0,6.0,2.0,0.0,0.0,0.0,5.0,0.5555555555555556,*CC(OC)C(COCOC(=O)c1ccc(/C=N/c2ccc(C(=O)O*)cc2)cc1)CCC,CN(C)C(=N)N=C(N)N
2.7476300989512037,2.8101350618634093,2.9518092822376296,8.2,2.7022000000000004,3.795700000000002,-10.406851299455546,-5.852188649800637,-1.0,2.0,4.0,17.0,0.0,0.0,0.0,27.0,92.34,0.0,0.0,11.050456081168516,3.6333718193567197,374.22392856799996,17.0,8.0,12.049260934477108,90.51835308071534,0.92,0.0,0.0,0.0,0.0,0.0,22.0,4.0,0.0,0.0,0.0,9.0,0.3333333333333333,0.0,0.0,0.0,0.0,0.0,0.0,0.0,0.0,0.0,0.0,0.0,0.0,0.0,0.0,0.0,0.0,0.0,0.0,0.0,0.0,0.0,0.0,0.0,0.0,0.0,0.0,0.0,0.0,0.0,0.0,2.0,4.0,17.0,0.0,0.0,0.0,27.0,92.34,0.0,0.0,11.050456081168516,3.6333718193567197,374.2239285679999,17.0,8.0,12.049260934477106,90.51835308071534,0.92,0.0,0.0,0.0,0.0,0.0,22.0,4.0,0.0,0.0,0.0,9.0,0.3333333333333333,-1.243829999999999,-3.7802999999999987,-9.359319205059201,-5.850386254271728,2,3.0,1.0,0.0,0.0,0.0,0.0,9.0,91.49,0.0,0.0,11.46733495432437,3.927830970185914,129.10144535199998,2.0,7.0,7.0522222222222215,0.0,1.4444444444444444,0.0,0.0,0.0,0.0,0.0,6.0,2.0,0.0,0.0,0.0,5.0,0.5555555555555556,*CCC(C)NC(=O)CCCCS(=O)(=O)CCCCCCCCC(=O)N*,CN(C)C(=N)N=C(N)N
3.52437496384497,3.572961964790765,3.689447679076478,8.2,16.333279999999963,14.998579999999967,-10.531233159092547,-7.64338115287282,-1.0,0.0,5.0,40.0,2.0,0.0,2.0,60.0,76.39000000000001,0.0,0.0,0.0,1.5773144977505218,795.616560072,36.0,20.0,13.045026838570354,224.72875680241043,0.5344827586206896,0.0,0.0,0.0,0.0,0.0,45.0,3.0,1.0,0.0,6.0,7.0,0.11666666666666667,0.0,1.0,2.0,2.0,0.0,2.0,16.0,23.79,0.0,0.0,0.0,2.154291254669887,205.089149352,0.0,14.0,8.668375927557024,0.0,0.75,0.0,0.0,0.0,0.0,0.0,3.0,1.0,1.0,0.0,6.0,1.0,0.0625,0.0,4.0,37.0,0.0,0.0,0.0,44.0,52.6,0.0,0.0,0.0,3.1348056681641756,592.543060784,36.0,6.0,11.920545388326907,225.23167237917505,0.35714285714285715,0.0,0.0,0.0,0.0,0.0,41.0,2.0,0.0,0.0,0.0,6.0,0.13636363636363635,-1.243829999999999,-3.7802999999999987,-9.233460716988517,-5.420577788942514,2,3.0,1.0,0.0,0.0,0.0,0.0,9.0,91.49,0.0,0.0,11.46733495432437,3.927830970185914,129.10144535199998,2.0,7.0,7.0522222222222215,0.0,1.4444444444444444,0.0,0.0,0.0,0.0,0.0,6.0,2.0,0.0,0.0,0.0,5.0,0.5555555555555556,*CCCCCCCCCCCOC(=O)CC(CCCCCCCCCCCCCCCCCCCCCCCC(=O)O*)c1ccc(/C=C/c2ccc(C#N)cc2)cc1,CN(C)C(=N)N=C(N)N
2.158168588822436,2.2138749019501667,2.3369811956564597,8.2,3.0603000000000007,5.221800000000004,-10.420078608970188,-6.977996700454136,-3.0,5.0,4.0,18.0,1.0,0.0,1.0,35.0,128.43,0.0,0.0,27.00082189318751,1.9590732145110334,459.28455466400004,14.0,19.0,11.95380754949343,71.13195342895074,0.696969696969697,0.0,0.0,0.0,0.0,0.0,25.0,4.0,0.0,0.0,6.0,11.0,0.3142857142857143,0.0,0.0,0.0,0.0,0.0,0.0,0.0,0.0,0.0,0.0,0.0,0.0,0.0,0.0,0.0,0.0,0.0,0.0,0.0,0.0,0.0,0.0,0.0,0.0,0.0,0.0,0.0,0.0,0.0,0.0,5.0,4.0,18.0,1.0,0.0,1.0,35.0,128.42999999999998,0.0,0.0,27.00082189318751,1.9590732145110334,459.2845546639999,14.0,19.0,11.95380754949343,71.13195342895074,0.696969696969697,0.0,0.0,0.0,0.0,0.0,25.0,4.0,0.0,0.0,6.0,11.0,0.3142857142857143,-1.243829999999999,-3.7802999999999987,-9.440299585702567,-5.971024300367873,2,3.0,1.0,0.0,0.0,0.0,0.0,9.0,91.49,0.0,0.0,11.46733495432437,3.927830970185914,129.10144535199998,2.0,7.0,7.0522222222222215,0.0,1.4444444444444444,0.0,0.0,0.0,0.0,0.0,6.0,2.0,0.0,0.0,0.0,5.0,0.5555555555555556,*CCCCCNC(=O)CCCC(=O)NCCCCCCNC(=O)Nc1ccc(C(=O)N*)cc1,CN(C)C(=N)N=C(N)N
3.2084308789112264,3.20895089842349,3.3568893599619516,8.2,2.4467,3.2308000000000003,-7.55216383380408,-5.499072477720411,-1.0,4.0,4.0,17.0,0.0,0.0,0.0,29.0,99.33000000000001,0.0,0.0,21.68403328918118,3.3765852303623873,404.225740136,17.0,10.0,13.665031307259438,71.00674198452158,0.8888888888888888,1.0,1.0,0.0,0.0,0.0,25.0,3.0,0.0,0.0,0.0,11.0,0.3793103448275862,0.0,0.0,0.0,0.0,0.0,0.0,0.0,0.0,0.0,0.0,0.0,0.0,0.0,0.0,0.0,0.0,0.0,0.0,0.0,0.0,0.0,0.0,0.0,0.0,0.0,0.0,0.0,0.0,0.0,0.0,4.0,4.0,17.0,0.0,0.0,0.0,29.0,99.32999999999998,0.0,0.0,21.68403328918118,3.3765852303623873,404.22574013599996,17.0,10.0,13.665031307259438,71.00674198452158,0.8888888888888888,1.0,1.0,0.0,0.0,0.0,25.0,3.0,0.0,0.0,0.0,11.0,0.3793103448275862,-1.243829999999999,-3.7802999999999987,-9.359318802972222,-5.850393415247428,2,3.0,1.0,0.0,0.0,0.0,0.0,9.0,91.49,0.0,0.0,11.46733495432437,3.927830970185914,129.10144535199998,2.0,7.0,7.0522222222222215,0.0,1.4444444444444444,0.0,0.0,0.0,0.0,0.0,6.0,2.0,0.0,0.0,0.0,5.0,0.5555555555555556,*CCCCCCC(F)NC(=O)NCCCCCSCCCNC(=O)C(=O)N*,CN(C)C(=N)N=C(N)N
2.5661519661658705,2.56826491899073,2.793005578331389,8.2,8.425000000000006,7.793000000000009,-8.126596094202489,-7.449712638028847,-1.0,0.0,6.0,14.0,4.0,0.0,4.0,44.0,74.19,0.0,0.0,9.843390348640755,1.311448160172292,561.25152322,9.0,33.0,12.64904204285631,51.869488560172684,0.7380952380952381,0.0,0.0,0.0,0.0,0.0,20.0,3.0,0.0,0.0,6.0,8.0,0.18181818181818182,0.0,0.0,0.0,0.0,0.0,0.0,0.0,0.0,0.0,0.0,0.0,0.0,0.0,0.0,0.0,0.0,0.0,0.0,0.0,0.0,0.0,0.0,0.0,0.0,0.0,0.0,0.0,0.0,0.0,0.0,0.0,6.0,14.0,4.0,0.0,4.0,44.0,74.19,0.0,0.0,9.843390348640755,1.3114481601722923,561.2515232199999,9.0,33.0,12.64904204285631,51.869488560172684,0.7380952380952381,0.0,0.0,0.0,0.0,0.0,20.0,3.0,0.0,0.0,6.0,8.0,0.18181818181818182,-1.243829999999999,-3.7802999999999987,-9.530331425434396,-6.097752311727318,2,3.0,1.0,0.0,0.0,0.0,0.0,9.0,91.49,0.0,0.0,11.46733495432437,3.927830970185914,129.10144535199998,2.0,7.0,7.0522222222222215,0.0,1.4444444444444444,0.0,0.0,0.0,0.0,0.0,6.0,2.0,0.0,0.0,0.0,5.0,0.5555555555555556,*CCCCCCOC(=O)c1ccc(/C=N/c2ccc(C(C)(C)c3ccc(C(=O)Oc4ccc(O*)cc4)cc3)cc2)cc1,CN(C)C(=N)N=C(N)N
3.120769226608852,3.162870457537039,3.408868534460117,8.2,2.3888,1.0541,-10.83510676874258,-7.66487251456994,-1.0,0.0,7.0,11.0,1.0,0.0,1.0,26.0,88.13000000000001,0.0,0.0,4.736862953800049,2.480804446543564,336.12090298,8.0,16.0,12.01802049757001,39.39996599749449,1.2083333333333333,0.0,0.0,0.0,0.0,0.0,17.0,3.0,0.0,0.0,6.0,9.0,0.34615384615384615,1.0,1.0,0.0,1.0,0.0,1.0,7.0,20.23,0.0,0.0,0.0,3.0214653097240864,94.041864812,0.0,7.0,8.632222222222222,0.0,1.0,0.0,0.0,0.0,0.0,0.0,1.0,0.0,0.0,0.0,6.0,1.0,0.14285714285714285,0.0,6.0,9.0,0.0,0.0,0.0,19.0,78.9,0.0,0.0,0.0,3.7578943608248907,244.094688232,8.0,9.0,11.523023227056868,33.10993926815928,1.2941176470588236,0.0,0.0,0.0,0.0,0.0,15.0,3.0,0.0,0.0,0.0,8.0,0.42105263157894735,-1.243829999999999,-3.7802999999999987,-9.511370591551167,-6.132756580262992,2,3.0,1.0,0.0,0.0,0.0,0.0,9.0,91.49,0.0,0.0,11.46733495432437,3.927830970185914,129.10144535199998,2.0,7.0,7.0522222222222215,0.0,1.4444444444444444,0.0,0.0,0.0,0.0,0.0,6.0,2.0,0.0,0.0,0.0,5.0,0.5555555555555556,*CCCOC(=O)C(C)CCC(=O)OC(Oc1ccccc1)C(=O)O*,CN(C)C(=N)N=C(N)N
2.370473146374003,2.3908595670920363,2.4977676642580278,8.2,5.739600000000005,8.401300000000006,-10.636631088535575,-8.003992779479816,-3.0,3.0,5.0,19.0,2.0,0.0,2.0,40.0,104.37,0.0,0.0,16.367244685174846,1.511496853579933,537.266127728,15.0,23.0,12.41234327969059,71.13195342895074,0.5789473684210527,0.0,0.0,0.0,0.0,0.0,25.0,4.0,0.0,0.0,6.0,10.0,0.25,0.0,0.0,0.0,0.0,0.0,0.0,0.0,0.0,0.0,0.0,0.0,0.0,0.0,0.0,0.0,0.0,0.0,0.0,0.0,0.0,0.0,0.0,0.0,0.0,0.0,0.0,0.0,0.0,0.0,0.0,3.0,5.0,19.0,2.0,0.0,2.0,40.0,104.36999999999998,0.0,0.0,16.367244685174846,1.511496853579933,537.2661277279999,15.0,23.0,12.41234327969059,71.13195342895074,0.5789473684210527,0.0,0.0,0.0,0.0,0.0,25.0,4.0,0.0,0.0,6.0,10.0,0.25,-1.243829999999999,-3.7802999999999987,-9.53033533406761,-6.097752413862464,2,3.0,1.0,0.0,0.0,0.0,0.0,9.0,91.49,0.0,0.0,11.46733495432437,3.927830970185914,129.10144535199998,2.0,7.0,7.0522222222222215,0.0,1.4444444444444444,0.0,0.0,0.0,0.0,0.0,6.0,2.0,0.0,0.0,0.0,5.0,0.5555555555555556,*CCCCCCCSC(=O)c1ccc(C(=O)NCCCCCCCNC(=O)c2ccc(C(=O)N*)cc2)cc1,CN(C)C(=N)N=C(N)N
2.435976509771626,2.4971735710017633,3.1739237188441995,8.2,5.311700000000006,4.679700000000005,-11.107367434423427,-8.109370463039491,-1.0,0.0,7.0,15.0,2.0,0.0,2.0,36.0,95.97000000000001,0.0,0.0,5.106527394840706,1.6944476093857908,488.18687436399995,13.0,21.0,12.791763633472963,69.0871082876635,0.9411764705882353,0.0,0.0,0.0,0.0,0.0,21.0,4.0,0.0,0.0,6.0,10.0,0.2777777777777778,0.0,0.0,0.0,0.0,0.0,0.0,2.0,0.0,0.0,0.0,0.0,1.0,30.046950192,2.0,0.0,2.0,13.847474399381248,1.0,0.0,0.0,0.0,0.0,0.0,1.0,0.0,0.0,0.0,0.0,0.0,0.0,0.0,7.0,14.0,2.0,0.0,2.0,34.0,95.97,0.0,0.0,5.106527394840706,1.7107028368727897,460.15557423599984,11.0,21.0,12.76377097476316,55.74254946504685,0.9375,0.0,0.0,0.0,0.0,0.0,19.0,4.0,0.0,0.0,6.0,10.0,0.29411764705882354,-1.243829999999999,-3.7802999999999987,-9.496670185470656,-5.967845207578615,2,3.0,1.0,0.0,0.0,0.0,0.0,9.0,91.49,0.0,0.0,11.46733495432437,3.927830970185914,129.10144535199998,2.0,7.0,7.0522222222222215,0.0,1.4444444444444444,0.0,0.0,0.0,0.0,0.0,6.0,2.0,0.0,0.0,0.0,5.0,0.5555555555555556,*CC(CC)(C)CCC(=O)OCCCCCOC(=O)c1ccc(S(=O)(=O)c2ccc(O*)cc2)cc1,CN(C)C(=N)N=C(N)N
2.8832923507812556,2.9216671167929285,3.094506677232488,8.2,9.712900000000001,8.378200000000007,-8.736436787233627,-7.617414528895752,-1.0,0.0,9.0,27.0,1.0,0.0,1.0,44.0,95.97000000000001,0.0,0.0,0.0,1.8356497559794767,622.29979594,25.0,17.0,12.097485730506516,122.49852641235884,0.6190476190476191,0.0,0.0,0.0,0.0,0.0,34.0,4.0,0.0,0.0,6.0,11.0,0.25,0.0,0.0,0.0,0.0,0.0,0.0,0.0,0.0,0.0,0.0,0.0,0.0,0.0,0.0,0.0,0.0,0.0,0.0,0.0,0.0,0.0,0.0,0.0,0.0,0.0,0.0,0.0,0.0,0.0,0.0,0.0,9.0,27.0,1.0,0.0,1.0,44.0,95.97,0.0,0.0,0.0,1.8356497559794767,622.2997959400001,25.0,17.0,12.097485730506516,122.49852641235884,0.6190476190476191,0.0,0.0,0.0,0.0,0.0,34.0,4.0,0.0,0.0,6.0,11.0,0.25,-1.243829999999999,-3.7802999999999987,-9.530336800210444,-6.097765641898472,2,3.0,1.0,0.0,0.0,0.0,0.0,9.0,91.49,0.0,0.0,11.46733495432437,3.927830970185914,129.10144535199998,2.0,7.0,7.0522222222222215,0.0,1.4444444444444444,0.0,0.0,0.0,0.0,0.0,6.0,2.0,0.0,0.0,0.0,5.0,0.5555555555555556,*CCCCCCCCCCCCOC(=O)SCCCCCSCCCCCCC(=O)OC(=O)c1ccc(C(=O)O*)cc1,CN(C)C(=N)N=C(N)N
2.0804016275028996,2.157268538232696,2.3502048019689603,8.2,3.118900000000002,3.3293000000000017,-8.45129097534256,-7.622956590849658,-2.0,1.0,7.0,9.0,2.0,0.0,2.0,30.0,98.76999999999998,0.0,0.0,5.316788604006331,1.8728619802147204,399.077658264,5.0,23.0,12.34108894880665,13.344558822616634,0.9285714285714286,0.0,0.0,0.0,0.0,0.0,15.0,4.0,0.0,0.0,6.0,10.0,0.3333333333333333,0.0,0.0,0.0,0.0,0.0,0.0,0.0,0.0,0.0,0.0,0.0,0.0,0.0,0.0,0.0,0.0,0.0,0.0,0.0,0.0,0.0,0.0,0.0,0.0,0.0,0.0,0.0,0.0,0.0,0.0,1.0,7.0,9.0,2.0,0.0,2.0,30.0,98.76999999999998,0.0,0.0,5.316788604006331,1.8728619802147202,399.0776582639999,5.0,23.0,12.34108894880665,13.344558822616634,0.9285714285714286,0.0,0.0,0.0,0.0,0.0,15.0,4.0,0.0,0.0,6.0,10.0,0.3333333333333333,-1.243829999999999,-3.7802999999999987,-9.359322554111767,-5.8503997281677345,2,3.0,1.0,0.0,0.0,0.0,0.0,9.0,91.49,0.0,0.0,11.46733495432437,3.927830970185914,129.10144535199998,2.0,7.0,7.0522222222222215,0.0,1.4444444444444444,0.0,0.0,0.0,0.0,0.0,6.0,2.0,0.0,0.0,0.0,5.0,0.5555555555555556,*CCCOC(=O)COC(=O)c1ccc(NC(=O)c2ccc(C(=O)S*)cc2)cc1,CN(C)C(=N)N=C(N)N
2.6537166043355622,2.6979534188362795,2.886954535461591,8.2,9.028900000000005,7.6942000000000075,-9.965098876077496,-6.501471939131961,-1.0,2.0,6.0,33.0,0.0,0.0,0.0,43.0,93.73,0.0,0.0,10.633577208012662,3.260270771805825,598.437944084,31.0,10.0,11.959399307788306,161.02345614991492,0.5609756097560976,0.0,0.0,0.0,0.0,0.0,39.0,3.0,0.0,0.0,0.0,10.0,0.23255813953488372,0.0,0.0,0.0,0.0,0.0,0.0,0.0,0.0,0.0,0.0,0.0,0.0,0.0,0.0,0.0,0.0,0.0,0.0,0.0,0.0,0.0,0.0,0.0,0.0,0.0,0.0,0.0,0.0,0.0,0.0,2.0,6.0,33.0,0.0,0.0,0.0,43.0,93.72999999999999,0.0,0.0,10.633577208012662,3.260270771805825,598.437944084,31.0,10.0,11.959399307788306,161.02345614991492,0.5609756097560976,0.0,0.0,0.0,0.0,0.0,39.0,3.0,0.0,0.0,0.0,10.0,0.23255813953488372,-1.243829999999999,-3.7802999999999987,-9.233444931943952,-5.420573651457243,2,3.0,1.0,0.0,0.0,0.0,0.0,9.0,91.49,0.0,0.0,11.46733495432437,3.927830970185914,129.10144535199998,2.0,7.0,7.0522222222222215,0.0,1.4444444444444444,0.0,0.0,0.0,0.0,0.0,6.0,2.0,0.0,0.0,0.0,5.0,0.5555555555555556,*CCCCCCCCCCCCCCCCCOC(=O)CCCCCCCC(=O)NCCCCSCCNC(=O)O*,CN(C)C(=N)N=C(N)N
2.467410870196616,2.49009178904228,2.6445236072241,8.2,8.789300000000006,7.454600000000007,-10.454953027932904,-6.864215395427667,-1.0,2.0,6.0,35.0,0.0,0.0,0.0,46.0,110.8,0.0,0.0,10.633577208012662,3.300382170246362,622.492087832,32.0,12.0,12.05762512357846,186.70674264161897,0.4318181818181818,0.0,0.0,0.0,0.0,0.0,41.0,4.0,0.0,0.0,0.0,10.0,0.21739130434782608,0.0,0.0,0.0,0.0,0.0,0.0,0.0,0.0,0.0,0.0,0.0,0.0,0.0,0.0,0.0,0.0,0.0,0.0,0.0,0.0,0.0,0.0,0.0,0.0,0.0,0.0,0.0,0.0,0.0,0.0,2.0,6.0,35.0,0.0,0.0,0.0,46.0,110.79999999999998,0.0,0.0,10.633577208012662,3.300382170246362,622.492087832,32.0,12.0,12.05762512357846,186.70674264161897,0.4318181818181818,0.0,0.0,0.0,0.0,0.0,41.0,4.0,0.0,0.0,0.0,10.0,0.21739130434782608,-1.243829999999999,-3.7802999999999987,-9.064786467915958,-5.4206486959767055,2,3.0,1.0,0.0,0.0,0.0,0.0,9.0,91.49,0.0,0.0,11.46733495432437,3.927830970185914,129.10144535199998,2.0,7.0,7.0522222222222215,0.0,1.4444444444444444,0.0,0.0,0.0,0.0,0.0,6.0,2.0,0.0,0.0,0.0,5.0,0.5555555555555556,*CCCCCCCCCCCCCCNC(=O)CCCCCCCCCCCC(=O)NCCCCOC(=O)CCCC(=O)O*,CN(C)C(=N)N=C(N)N
1.9220620565125763,2.0435883691579253,2.3806888325499553,8.2,4.744800000000003,5.338100000000003,-7.041790741633947,-6.380454735747764,-1.0,3.0,4.0,8.0,3.0,0.0,3.0,29.0,70.22999999999999,0.0,1.0,21.74730745564076,1.4029268307047453,377.119797848,3.0,24.0,12.147522039653799,19.26246486877803,0.8148148148148148,0.0,0.0,0.0,0.0,0.0,12.0,2.0,0.0,0.0,6.0,8.0,0.27586206896551724,0.0,0.0,0.0,0.0,0.0,0.0,0.0,0.0,0.0,0.0,0.0,0.0,0.0,0.0,0.0,0.0,0.0,0.0,0.0,0.0,0.0,0.0,0.0,0.0,0.0,0.0,0.0,0.0,0.0,0.0,3.0,4.0,8.0,3.0,0.0,3.0,29.0,70.22999999999999,0.0,1.0,21.74730745564076,1.4029268307047453,377.11979784799996,3.0,24.0,12.147522039653799,19.26246486877803,0.8148148148148148,0.0,0.0,0.0,0.0,0.0,12.0,2.0,0.0,0.0,6.0,8.0,0.27586206896551724,-1.243829999999999,-3.7802999999999987,-9.073776697754841,-5.411895738871948,2,3.0,1.0,0.0,0.0,0.0,0.0,9.0,91.49,0.0,0.0,11.46733495432437,3.927830970185914,129.10144535199998,2.0,7.0,7.0522222222222215,0.0,1.4444444444444444,0.0,0.0,0.0,0.0,0.0,6.0,2.0,0.0,0.0,0.0,5.0,0.5555555555555556,*Nc1ccc(NC(=O)CCCC(=O)Nc2ccc(-c3ccc(*)s3)cc2)cc1,CN(C)C(=N)N=C(N)N
2.4995831200120247,2.5513066772324873,2.8337187651445763,8.2,6.290100000000007,5.6581000000000055,-8.185666938341654,-7.491343089664031,-1.0,0.0,7.0,15.0,4.0,0.0,4.0,44.0,95.97000000000001,0.0,0.0,14.580253302440804,1.1698570279803138,580.1555742359998,7.0,33.0,12.89688880490781,35.47425344273959,0.6666666666666666,0.0,0.0,0.0,0.0,0.0,18.0,4.0,1.0,0.0,6.0,10.0,0.22727272727272727,0.0,0.0,0.0,0.0,0.0,0.0,0.0,0.0,0.0,0.0,0.0,0.0,0.0,0.0,0.0,0.0,0.0,0.0,0.0,0.0,0.0,0.0,0.0,0.0,0.0,0.0,0.0,0.0,0.0,0.0,0.0,7.0,15.0,4.0,0.0,4.0,44.0,95.97,0.0,0.0,14.580253302440804,1.1698570279803138,580.155574236,7.0,33.0,12.89688880490781,35.47425344273959,0.6666666666666666,0.0,0.0,0.0,0.0,0.0,18.0,4.0,1.0,0.0,6.0,10.0,0.22727272727272727,-1.243829999999999,-3.7802999999999987,-9.530338414494492,-6.097753961475914,2,3.0,1.0,0.0,0.0,0.0,0.0,9.0,91.49,0.0,0.0,11.46733495432437,3.927830970185914,129.10144535199998,2.0,7.0,7.0522222222222215,0.0,1.4444444444444444,0.0,0.0,0.0,0.0,0.0,6.0,2.0,0.0,0.0,0.0,5.0,0.5555555555555556,*C#CCOc1ccc(C(=O)c2ccc(OCCCCCC(=O)c3ccc(S(=O)(=O)c4ccc(O*)cc4)cc3)cc2)cc1,CN(C)C(=N)N=C(N)N
2.4871585576730784,2.5306165243277885,2.629196985866251,8.2,5.479000000000004,7.047200000000006,-9.334625503460083,-6.314824651441888,-2.0,3.0,4.0,26.0,0.0,0.0,0.0,35.0,87.30000000000001,0.0,0.0,16.367244685174846,3.2363685423955473,483.34946342800004,24.0,9.0,11.935782283107251,122.49852641235884,0.5757575757575758,0.0,0.0,0.0,0.0,0.0,31.0,3.0,0.0,0.0,0.0,9.0,0.2571428571428571,0.0,0.0,0.0,0.0,0.0,0.0,0.0,0.0,0.0,0.0,0.0,0.0,0.0,0.0,0.0,0.0,0.0,0.0,0.0,0.0,0.0,0.0,0.0,0.0,0.0,0.0,0.0,0.0,0.0,0.0,3.0,4.0,26.0,0.0,0.0,0.0,35.0,87.29999999999998,0.0,0.0,16.367244685174846,3.2363685423955473,483.349463428,24.0,9.0,11.935782283107251,122.49852641235884,0.5757575757575758,0.0,0.0,0.0,0.0,0.0,31.0,3.0,0.0,0.0,0.0,9.0,0.2571428571428571,-1.243829999999999,-3.7802999999999987,-9.073774191784308,-5.411929015044455,2,3.0,1.0,0.0,0.0,0.0,0.0,9.0,91.49,0.0,0.0,11.46733495432437,3.927830970185914,129.10144535199998,2.0,7.0,7.0522222222222215,0.0,1.4444444444444444,0.0,0.0,0.0,0.0,0.0,6.0,2.0,0.0,0.0,0.0,5.0,0.5555555555555556,*CCCCCCCCCSCCCCCCC(=O)NCCCCCCCNC(=O)CC(=O)N*,CN(C)C(=N)N=C(N)N
2.442972115684176,2.515390812703213,2.7843033830596866,8.2,4.331880000000003,2.997180000000001,-8.367128860846165,-6.735228792790236,-1.0,2.0,4.0,7.0,2.0,0.0,2.0,29.0,91.22000000000001,0.0,0.0,10.633577208012662,1.9053655975937995,359.12699140399997,2.0,23.0,11.947242263595772,13.344558822616634,1.0740740740740742,0.0,0.0,0.0,0.0,0.0,13.0,4.0,1.0,0.0,6.0,8.0,0.27586206896551724,0.0,1.0,0.0,0.0,0.0,0.0,2.0,23.79,0.0,0.0,0.0,3.0,27.010899031999998,0.0,0.0,6.5,0.0,1.5,0.0,0.0,0.0,0.0,0.0,0.0,0.0,1.0,0.0,0.0,1.0,0.5,2.0,3.0,7.0,2.0,0.0,2.0,27.0,67.43,0.0,0.0,10.633577208012662,1.8943184706684666,334.1317424359999,2.0,23.0,11.830521269642635,13.344558822616634,0.96,0.0,0.0,0.0,0.0,0.0,12.0,4.0,0.0,0.0,6.0,7.0,0.25925925925925924,-1.243829999999999,-3.7802999999999987,-9.233468458300818,-5.4205814056545805,2,3.0,1.0,0.0,0.0,0.0,0.0,9.0,91.49,0.0,0.0,11.46733495432437,3.927830970185914,129.10144535199998,2.0,7.0,7.0522222222222215,0.0,1.4444444444444444,0.0,0.0,0.0,0.0,0.0,6.0,2.0,0.0,0.0,0.0,5.0,0.5555555555555556,*CC(C#N)=C/C=C/C(=O)Nc1ccc(Cc2ccc(NC(=O)O*)cc2)cc1,CN(C)C(=N)N=C(N)N
3.367328322687408,3.2571247697104315,3.237123460381463,8.2,4.707200000000005,7.059500000000008,-7.462114568497533,-6.586427587044816,-3.0,4.0,7.0,24.0,2.0,0.0,2.0,50.0,136.71,0.0,0.0,26.1670641468758,1.5438491819520523,697.333161732,21.0,27.0,13.058503457245617,64.20821622926012,0.6666666666666666,0.0,0.0,0.0,0.0,0.0,34.0,5.0,0.0,0.0,6.0,14.0,0.28,0.0,0.0,3.0,2.0,0.0,2.0,16.0,0.0,0.0,0.0,0.0,2.2096872143470314,210.140850576,4.0,12.0,2.300925925925926,25.683286491704038,0.75,0.0,0.0,0.0,0.0,0.0,5.0,0.0,0.0,0.0,6.0,0.0,0.0,5.0,7.0,20.0,0.0,0.0,0.0,34.0,145.49999999999997,0.0,0.0,26.583943020031654,3.4091699645206024,489.20796121999996,17.0,15.0,11.78559585178224,38.524929737556064,0.5625,0.0,0.0,0.0,0.0,0.0,28.0,5.0,0.0,0.0,0.0,14.0,0.4117647058823529,-1.243829999999999,-3.7802999999999987,-9.069659219889814,-5.205677196724613,2,3.0,1.0,0.0,0.0,0.0,0.0,9.0,91.49,0.0,0.0,11.46733495432437,3.927830970185914,129.10144535199998,2.0,7.0,7.0522222222222215,0.0,1.4444444444444444,0.0,0.0,0.0,0.0,0.0,6.0,2.0,0.0,0.0,0.0,5.0,0.5555555555555556,*C(=O)CN(c1ccc(CC(C)(C)c2ccccc2)cc1)C(=O)NCCCCCSCCNC(=O)C(=O)NCCCSCCCCNC(*)=O,CN(C)C(=N)N=C(N)N
2.6334927184683607,2.44987068443578,2.6209903715283467,8.2,2.5785200000000006,3.1718200000000016,-10.54478301543817,-7.461833178044395,-1.0,1.0,4.0,7.0,1.0,0.0,1.0,22.0,79.19,0.0,0.0,10.423315998847038,2.8274785636755406,272.116092372,6.0,12.0,12.047046957671956,39.53076089108529,1.4,0.0,0.0,0.0,0.0,0.0,13.0,2.0,1.0,0.0,6.0,7.0,0.3181818181818182,0.0,1.0,0.0,0.0,0.0,0.0,2.0,23.79,0.0,0.0,0.0,3.0,27.010899031999998,0.0,0.0,6.5,0.0,1.5,0.0,0.0,0.0,0.0,0.0,0.0,0.0,1.0,0.0,0.0,1.0,0.5,1.0,3.0,7.0,1.0,0.0,1.0,20.0,55.4,0.0,0.0,10.423315998847038,2.5510539009216133,247.120843404,6.0,12.0,11.888305461073319,39.53076089108528,1.2777777777777777,0.0,0.0,0.0,0.0,0.0,12.0,2.0,0.0,0.0,6.0,6.0,0.3,-1.243829999999999,-3.7802999999999987,-9.496661600679609,-5.967837720325454,2,3.0,1.0,0.0,0.0,0.0,0.0,9.0,91.49,0.0,0.0,11.46733495432437,3.927830970185914,129.10144535199998,2.0,7.0,7.0522222222222215,0.0,1.4444444444444444,0.0,0.0,0.0,0.0,0.0,6.0,2.0,0.0,0.0,0.0,5.0,0.5555555555555556,*Oc1c(C)cc(C)c(NC(=O)CCCCC(*)=O)c1C#N,CN(C)C(=N)N=C(N)N
1.8749518484601317,1.988833373397533,2.2576712854854435,8.2,4.1316200000000025,2.796920000000001,-11.171181595776645,-7.967452020437499,-1.0,0.0,6.0,5.0,3.0,0.0,3.0,30.0,78.9,0.0,0.0,15.540092976061707,1.8371889175734801,374.079038168,1.0,27.0,12.727617586788313,6.923737199690624,0.7857142857142857,0.0,0.0,0.0,0.0,0.0,11.0,3.0,0.0,0.0,6.0,8.0,0.26666666666666666,1.0,1.0,1.0,1.0,0.0,1.0,9.0,37.3,0.0,0.0,0.0,2.981454614041131,122.036779432,0.0,9.0,10.200925925925926,0.0,1.2222222222222223,0.0,0.0,0.0,0.0,0.0,2.0,1.0,0.0,0.0,6.0,2.0,0.2222222222222222,0.0,4.0,3.0,2.0,0.0,2.0,21.0,52.6,0.0,0.0,10.803230022261658,2.1925480761621463,254.0579088,1.0,18.0,12.160106056311413,6.923737199690624,1.105263157894737,0.0,0.0,0.0,0.0,0.0,8.0,2.0,0.0,0.0,6.0,6.0,0.2857142857142857,-1.243829999999999,-3.7802999999999987,-9.53033715342766,-6.097760077519965,2,3.0,1.0,0.0,0.0,0.0,0.0,9.0,91.49,0.0,0.0,11.46733495432437,3.927830970185914,129.10144535199998,2.0,7.0,7.0522222222222215,0.0,1.4444444444444444,0.0,0.0,0.0,0.0,0.0,6.0,2.0,0.0,0.0,0.0,5.0,0.5555555555555556,*c1ccc(OC(=O)c2ccc(C(=O)O*)cc2C)c(OC(=O)c2ccccc2)c1,CN(C)C(=N)N=C(N)N
3.0137034440720907,3.0174547280845756,3.1571774705594944,8.2,6.802800000000007,7.396100000000009,-10.151245751493589,-7.088032114753771,-1.0,3.0,13.0,33.0,4.0,0.0,4.0,63.0,179.60000000000002,0.0,0.0,30.530619114459796,0.9552292865983876,845.3734888199999,25.0,36.0,12.825535189126985,19.765380445542643,0.4098360655737705,0.0,0.0,0.0,0.0,0.0,39.0,3.0,0.0,0.0,6.0,18.0,0.2857142857142857,0.0,0.0,0.0,0.0,0.0,0.0,0.0,0.0,0.0,0.0,0.0,0.0,0.0,0.0,0.0,0.0,0.0,0.0,0.0,0.0,0.0,0.0,0.0,0.0,0.0,0.0,0.0,0.0,0.0,0.0,3.0,13.0,33.0,4.0,0.0,4.0,63.0,179.6,0.0,0.0,30.530619114459796,0.9552292865983876,845.37348882,25.0,36.0,12.825535189126985,19.765380445542643,0.4098360655737705,0.0,0.0,0.0,0.0,0.0,39.0,3.0,0.0,0.0,6.0,18.0,0.2857142857142857,-1.243829999999999,-3.7802999999999987,-9.511369431745745,-6.132750032384519,2,3.0,1.0,0.0,0.0,0.0,0.0,9.0,91.49,0.0,0.0,11.46733495432437,3.927830970185914,129.10144535199998,2.0,7.0,7.0522222222222215,0.0,1.4444444444444444,0.0,0.0,0.0,0.0,0.0,6.0,2.0,0.0,0.0,0.0,5.0,0.5555555555555556,*CCOCCOCCCOCCOCCOCCOCCCOCCOc1ccc(C(=O)Nc2ccc(OC(=O)Nc3ccc(C(=O)Nc4ccc(O*)cc4)cc3)cc2)cc1,CN(C)C(=N)N=C(N)N
2.8124077944258303,2.8728996253178725,2.9632001881696546,8.2,9.2446,10.431199999999993,-7.778082177840915,-7.552043569379921,-2.0,5.0,7.0,24.0,4.0,0.0,4.0,57.0,145.5,0.0,0.0,33.067188961649116,0.957291990091951,761.361090732,16.0,39.0,12.757839259910188,77.04985947511214,0.4909090909090909,0.0,0.0,0.0,0.0,0.0,31.0,5.0,0.0,0.0,6.0,13.0,0.22807017543859648,0.0,0.0,0.0,0.0,0.0,0.0,0.0,0.0,0.0,0.0,0.0,0.0,0.0,0.0,0.0,0.0,0.0,0.0,0.0,0.0,0.0,0.0,0.0,0.0,0.0,0.0,0.0,0.0,0.0,0.0,5.0,7.0,24.0,4.0,0.0,4.0,57.0,145.49999999999997,0.0,0.0,33.067188961649116,0.9572919900919508,761.3610907320001,16.0,39.0,12.757839259910188,77.04985947511214,0.4909090909090909,0.0,0.0,0.0,0.0,0.0,31.0,5.0,0.0,0.0,6.0,13.0,0.22807017543859648,-1.243829999999999,-3.7802999999999987,-9.53033291574483,-6.097758693978117,2,3.0,1.0,0.0,0.0,0.0,0.0,9.0,91.49,0.0,0.0,11.46733495432437,3.927830970185914,129.10144535199998,2.0,7.0,7.0522222222222215,0.0,1.4444444444444444,0.0,0.0,0.0,0.0,0.0,6.0,2.0,0.0,0.0,0.0,5.0,0.5555555555555556,*Nc1ccc(C(=O)c2ccc(C(=O)NCCCCCCCNC(=O)c3ccc(NC(=O)SCCCCCCCCC(=O)Nc4ccc(*)cc4)cc3)cc2)cc1,CN(C)C(=N)N=C(N)N
2.6583012042299785,2.743944116317479,2.9430384091214474,8.2,4.602820000000004,3.2681200000000015,-10.048487712476735,-6.907290136931662,-1.0,0.0,5.0,12.0,2.0,1.0,1.0,33.0,80.75000000000001,0.0,1.0,0.0,1.6462474535488354,449.22359421999994,17.0,14.0,12.680064418195384,82.44825852739453,1.032258064516129,0.0,0.0,0.0,0.0,0.0,24.0,4.0,0.0,0.0,8.0,9.0,0.2727272727272727,0.0,0.0,0.0,0.0,0.0,0.0,0.0,0.0,0.0,0.0,0.0,0.0,0.0,0.0,0.0,0.0,0.0,0.0,0.0,0.0,0.0,0.0,0.0,0.0,0.0,0.0,0.0,0.0,0.0,0.0,0.0,5.0,12.0,2.0,1.0,1.0,33.0,80.75,0.0,1.0,0.0,1.6462474535488352,449.2235942199999,17.0,14.0,12.680064418195384,82.44825852739453,1.032258064516129,0.0,0.0,0.0,0.0,0.0,24.0,4.0,0.0,0.0,8.0,9.0,0.2727272727272727,-1.243829999999999,-3.7802999999999987,-9.359322713851732,-5.850395305662735,2,3.0,1.0,0.0,0.0,0.0,0.0,9.0,91.49,0.0,0.0,11.46733495432437,3.927830970185914,129.10144535199998,2.0,7.0,7.0522222222222215,0.0,1.4444444444444444,0.0,0.0,0.0,0.0,0.0,6.0,2.0,0.0,0.0,0.0,5.0,0.5555555555555556,*Cc1ccc(S(=O)(=O)CCCCCCC(=O)N2CCC(CCC(=O)O*)CCCC2)cc1,CN(C)C(=N)N=C(N)N
2.285904261415377,2.3479117823516447,2.5448511955158004,8.2,7.088400000000007,5.753700000000006,-11.043969783757966,-8.212868752760127,-1.0,0.0,6.0,19.0,1.0,0.0,1.0,34.0,78.90000000000002,0.0,0.0,0.0,1.9622293306918885,446.2668389359999,17.0,15.0,11.907369513031707,103.2360615435808,0.75,0.0,0.0,0.0,0.0,0.0,25.0,3.0,0.0,0.0,6.0,8.0,0.23529411764705882,0.0,0.0,0.0,0.0,0.0,0.0,0.0,0.0,0.0,0.0,0.0,0.0,0.0,0.0,0.0,0.0,0.0,0.0,0.0,0.0,0.0,0.0,0.0,0.0,0.0,0.0,0.0,0.0,0.0,0.0,0.0,6.0,19.0,1.0,0.0,1.0,34.0,78.9,0.0,0.0,0.0,1.9622293306918885,446.2668389359999,17.0,15.0,11.907369513031707,103.2360615435808,0.75,0.0,0.0,0.0,0.0,0.0,25.0,3.0,0.0,0.0,6.0,8.0,0.23529411764705882,-1.243829999999999,-3.7802999999999987,-9.530333021387197,-6.097758131753641,2,3.0,1.0,0.0,0.0,0.0,0.0,9.0,91.49,0.0,0.0,11.46733495432437,3.927830970185914,129.10144535199998,2.0,7.0,7.0522222222222215,0.0,1.4444444444444444,0.0,0.0,0.0,0.0,0.0,6.0,2.0,0.0,0.0,0.0,5.0,0.5555555555555556,*CCCCCCCCCCCCCCCC(=O)OCCc1ccc(C(=O)OC(=O)O*)cc1,CN(C)C(=N)N=C(N)N
2.4303775621499533,2.4778043459462324,2.701815334957221,8.2,5.617000000000005,5.066400000000004,-8.085242096674026,-6.957824498807719,-2.0,1.0,6.0,18.0,1.0,0.0,1.0,32.0,81.7,0.0,0.0,4.722094864452088,2.1069171357276524,435.20794415599994,15.0,15.0,12.14946684300584,77.55277505187675,0.8666666666666667,0.0,0.0,0.0,0.0,0.0,23.0,3.0,0.0,0.0,6.0,9.0,0.28125,0.0,0.0,0.0,0.0,0.0,0.0,0.0,0.0,0.0,0.0,0.0,0.0,0.0,0.0,0.0,0.0,0.0,0.0,0.0,0.0,0.0,0.0,0.0,0.0,0.0,0.0,0.0,0.0,0.0,0.0,1.0,6.0,18.0,1.0,0.0,1.0,32.0,81.69999999999999,0.0,0.0,4.722094864452088,2.1069171357276524,435.20794415599994,15.0,15.0,12.14946684300584,77.55277505187675,0.8666666666666667,0.0,0.0,0.0,0.0,0.0,23.0,3.0,0.0,0.0,6.0,9.0,0.28125,-1.243829999999999,-3.7802999999999987,-9.53033757321314,-6.097756476326851,2,3.0,1.0,0.0,0.0,0.0,0.0,9.0,91.49,0.0,0.0,11.46733495432437,3.927830970185914,129.10144535199998,2.0,7.0,7.0522222222222215,0.0,1.4444444444444444,0.0,0.0,0.0,0.0,0.0,6.0,2.0,0.0,0.0,0.0,5.0,0.5555555555555556,*CCCCCCCCCCCCOC(=O)c1ccc(C(=O)NSCCC(=O)O*)cc1,CN(C)C(=N)N=C(N)N
2.7911203015184416,2.829617712424257,2.939226762198011,8.2,10.442899999999998,11.226999999999993,-6.9220522396925706,-5.572900967508024,-1.0,5.0,5.0,40.0,0.0,0.0,0.0,53.0,128.43,0.0,0.0,27.00082189318751,3.2679847955430796,737.585277008,38.0,13.0,12.096726676067284,205.969207510397,0.39215686274509803,0.0,0.0,0.0,0.0,0.0,48.0,4.0,0.0,0.0,0.0,12.0,0.22641509433962265,0.0,0.0,0.0,0.0,0.0,0.0,0.0,0.0,0.0,0.0,0.0,0.0,0.0,0.0,0.0,0.0,0.0,0.0,0.0,0.0,0.0,0.0,0.0,0.0,0.0,0.0,0.0,0.0,0.0,0.0,5.0,5.0,40.0,0.0,0.0,0.0,53.0,128.42999999999998,0.0,0.0,27.00082189318751,3.2679847955430796,737.585277008,38.0,13.0,12.096726676067284,205.969207510397,0.39215686274509803,0.0,0.0,0.0,0.0,0.0,48.0,4.0,0.0,0.0,0.0,12.0,0.22641509433962265,-1.243829999999999,-3.7802999999999987,-9.496669359298147,-5.96784508904839,2,3.0,1.0,0.0,0.0,0.0,0.0,9.0,91.49,0.0,0.0,11.46733495432437,3.927830970185914,129.10144535199998,2.0,7.0,7.0522222222222215,0.0,1.4444444444444444,0.0,0.0,0.0,0.0,0.0,6.0,2.0,0.0,0.0,0.0,5.0,0.5555555555555556,*CCCCCCCCCCCCCCCCCCNC(=O)NCCSCCCCCNC(=O)CCCCCCCCCCCCC(=O)NC(=O)N*,CN(C)C(=N)N=C(N)N
2.9011573278492584,2.560902047402074,2.8213693224998586,8.2,1.9446999999999997,2.0968,-7.813685023466374,-6.216124758426912,-2.0,2.0,3.0,7.0,1.0,0.0,1.0,22.0,67.43,0.0,0.0,15.740104602853368,2.916337080486059,276.1473925,7.0,13.0,11.883869992441422,39.15178009730724,1.45,0.0,0.0,0.0,0.0,0.0,14.0,2.0,0.0,0.0,6.0,7.0,0.3181818181818182,2.0,1.0,1.0,0.0,0.0,0.0,9.0,55.120000000000005,0.0,0.0,11.050456081168516,4.464250271786817,132.126263132,5.0,4.0,11.835416666666667,27.19203322199788,3.333333333333333,0.0,0.0,0.0,0.0,0.0,6.0,1.0,0.0,0.0,0.0,3.0,0.5,0.0,2.0,4.0,1.0,0.0,1.0,13.0,26.3,0.0,0.0,5.106527394840706,2.537561264495031,148.052429496,2.0,9.0,10.836597064751826,12.841643245852019,1.5454545454545454,0.0,0.0,0.0,0.0,0.0,6.0,1.0,0.0,0.0,6.0,4.0,0.3076923076923077,-1.243829999999999,-3.7802999999999987,-9.530332397885878,-6.097755934207008,2,3.0,1.0,0.0,0.0,0.0,0.0,9.0,91.49,0.0,0.0,11.46733495432437,3.927830970185914,129.10144535199998,2.0,7.0,7.0522222222222215,0.0,1.4444444444444444,0.0,0.0,0.0,0.0,0.0,6.0,2.0,0.0,0.0,0.0,5.0,0.5555555555555556,*Oc1ccc(CC(NC(=O)NCC)C(*)=O)cc1C(C)C,CN(C)C(=N)N=C(N)N
3.157010913958101,3.153322536080988,3.3657322526801776,8.2,6.425170000000006,4.8483700000000045,-9.127600678128212,-5.746583376510398,-1.0,5.0,6.0,28.0,0.0,0.0,0.0,40.0,115.34,0.0,0.0,21.267154416025324,3.3828198521574624,553.4025616200001,25.0,13.0,11.969403733542501,116.07770478943283,0.7631578947368421,0.0,0.0,0.0,0.0,0.0,35.0,4.0,0.0,0.0,0.0,11.0,0.275,0.0,0.0,4.0,0.0,0.0,0.0,7.0,0.0,0.0,0.0,0.0,2.447472887876344,100.12520051199999,7.0,0.0,2.245694444444444,45.95158251401129,0.7142857142857143,0.0,0.0,0.0,0.0,0.0,6.0,0.0,0.0,0.0,0.0,0.0,0.0,5.0,6.0,23.0,0.0,0.0,0.0,33.0,115.34,0.0,0.0,21.267154416025324,3.302993857982402,457.308661236,21.0,10.0,11.89053684309334,77.04985947511214,0.7741935483870968,0.0,0.0,0.0,0.0,0.0,29.0,3.0,0.0,0.0,0.0,11.0,0.3333333333333333,-1.243829999999999,-3.7802999999999987,-9.496663308838263,-5.967839742452471,2,3.0,1.0,0.0,0.0,0.0,0.0,9.0,91.49,0.0,0.0,11.46733495432437,3.927830970185914,129.10144535199998,2.0,7.0,7.0522222222222215,0.0,1.4444444444444444,0.0,0.0,0.0,0.0,0.0,6.0,2.0,0.0,0.0,0.0,5.0,0.5555555555555556,*OC(=O)NCCCCCCCNC(=O)CCCCCCC(=N)NCCSCCCNC(*)=CCCCCCC,CN(C)C(=N)N=C(N)N
