PSMILES,SA_score,diversity,num_hbond_donors_sum_fullmolecularfeaturizer,num_hbond_acceptors_sum_fullmolecularfeaturizer,num_rotatable_bonds_sum_fullmolecularfeaturizer,num_rings_sum_fullmolecularfeaturizer,num_non_aromatic_rings_sum_fullmolecularfeaturizer,num_aromatic_rings_sum_fullmolecularfeaturizer,num_atoms_sum_fullmolecularfeaturizer,topological_surface_area_sum_fullmolecularfeaturizer,fraction_bicyclic_rings_sum_fullmolecularfeaturizer,num_aliphatic_heterocycles_sum_fullmolecularfeaturizer,slogp_vsa1_sum_fullmolecularfeaturizer,balaban_j_index_sum_fullmolecularfeaturizer,molecular_weight_sum_fullmolecularfeaturizer,sp3_carbon_count_sum_fullmolecularfeaturizer,sp2_carbon_count_sum_fullmolecularfeaturizer,max_estate_index_sum_fullmolecularfeaturizer,smr_vsa5_sum_fullmolecularfeaturizer,fp_density_morgan1_sum_fullmolecularfeaturizer,total_halogens_sum_fullmolecularfeaturizer,fluorine_count_sum_fullmolecularfeaturizer,chlorine_count_sum_fullmolecularfeaturizer,bromine_count_sum_fullmolecularfeaturizer,iodine_count_sum_fullmolecularfeaturizer,single_bonds_sum_fullmolecularfeaturizer,double_bonds_sum_fullmolecularfeaturizer,triple_bonds_sum_fullmolecularfeaturizer,bridging_rings_count_sum_fullmolecularfeaturizer,max_ring_size_sum_fullmolecularfeaturizer,heteroatom_count_sum_fullmolecularfeaturizer,heteroatom_density_sum_fullmolecularfeaturizer,num_hbond_donors_sum_fullpolymerfeaturizer,num_hbond_acceptors_sum_fullpolymerfeaturizer,num_rotatable_bonds_sum_fullpolymerfeaturizer,num_rings_sum_fullpolymerfeaturizer,num_non_aromatic_rings_sum_fullpolymerfeaturizer,num_aromatic_rings_sum_fullpolymerfeaturizer,num_atoms_sum_fullpolymerfeaturizer,topological_surface_area_sum_fullpolymerfeaturizer,fraction_bicyclic_rings_sum_fullpolymerfeaturizer,num_aliphatic_heterocycles_sum_fullpolymerfeaturizer,slogp_vsa1_sum_fullpolymerfeaturizer,balaban_j_index_sum_fullpolymerfeaturizer,molecular_weight_sum_fullpolymerfeaturizer,sp3_carbon_count_sum_fullpolymerfeaturizer,sp2_carbon_count_sum_fullpolymerfeaturizer,max_estate_index_sum_fullpolymerfeaturizer,smr_vsa5_sum_fullpolymerfeaturizer,fp_density_morgan1_sum_fullpolymerfeaturizer,total_halogens_sum_fullpolymerfeaturizer,fluorine_count_sum_fullpolymerfeaturizer,chlorine_count_sum_fullpolymerfeaturizer,bromine_count_sum_fullpolymerfeaturizer,iodine_count_sum_fullpolymerfeaturizer,single_bonds_sum_fullpolymerfeaturizer,double_bonds_sum_fullpolymerfeaturizer,triple_bonds_sum_fullpolymerfeaturizer,bridging_rings_count_sum_fullpolymerfeaturizer,max_ring_size_sum_fullpolymerfeaturizer,heteroatom_count_sum_fullpolymerfeaturizer,heteroatom_density_sum_fullpolymerfeaturizer
*/CCC[Fe]CCCC(=O)OCCCCOCCCNCC(*)=O,,,,,,,,,,,,,,,,,,,,,,,,,,,,,,,,,1.0,5.0,18.0,0.0,0.0,0.0,24.0,64.63,0.0,0.0,5.316788604006331,3.1496981287080668,355.14459590800004,16.0,5.0,11.545432629116238,56.087150767951,1.0454545454545454,0.0,0.0,0.0,0.0,0.0,21.0,2.0,0.0,0.0,0.0,8.0,0.3333333333333333
C[C@@]1(C(=O)C=C(O1)C(=O)[O-])c2ccccc2,3.4582263714425157,0.8495719236949892,0.0,4.0,2.0,2.0,1.0,1.0,16.0,66.43,0.0,1.0,5.106527394840706,2.377813803871396,217.05063234791,2.0,14.0,11.718846371882087,12.524788010674312,1.3125,0.0,0.0,0.0,0.0,0.0,8.0,3.0,0.0,0.0,6.0,4.0,0.25,,,,,,,,,,,,,,,,,,,,,,,,,,,,,,
*CCCC1CCCC(*)c2ccc2Ncc1,,,,,,,,,,,,,,,,,,,,,,,,,,,,,,,,,1.0,1.0,3.0,2.0,2.0,0.0,17.0,12.03,0.5,1.0,5.316788604006331,1.9288348916977525,201.151749608,8.0,7.0,3.493521589191232,45.448666937246685,1.4666666666666666,0.0,0.0,0.0,0.0,0.0,15.0,3.0,0.0,1.0,10.0,3.0,0.17647058823529413
c1ccc(cc1)C(c2ccccc2)[S@](=O)CC(=O)NO,2.75965368412456,0.8223322638038377,2.0,3.0,5.0,2.0,0.0,2.0,20.0,66.4,0.0,0.0,5.480096598121202,2.3506948952001725,289.07726434,4.0,16.0,12.452600151171579,5.249938029982174,1.0,0.0,0.0,0.0,0.0,0.0,7.0,2.0,0.0,0.0,6.0,5.0,0.25,,,,,,,,,,,,,,,,,,,,,,,,,,,,,,
*CCC/*,,,,,,,,,,,,,,,,,,,,,,,,,,,,,,,,,0.0,0.0,2.0,0.0,0.0,0.0,5.0,0.0,0.0,0.0,0.0,2.19060968716425,42.046950192,3.0,0.0,1.65625,20.268296022307258,1.6666666666666667,0.0,0.0,0.0,0.0,0.0,4.0,0.0,0.0,0.0,0.0,2.0,0.4
CCC[S@](=O)c1ccc2c(c1)[nH]/c(=N\C(=O)OC)/[nH]2,3.812618487593367,0.8635487547530785,2.0,3.0,3.0,2.0,0.0,2.0,19.0,87.31,0.5,1.0,5.618183454609236,2.4128024698604245,281.08341234000005,5.0,14.0,11.908725837187237,18.24004229813441,1.368421052631579,0.0,0.0,0.0,0.0,0.0,7.0,3.0,0.0,1.0,6.0,7.0,0.3684210526315789,,,,,,,,,,,,,,,,,,,,,,,,,,,,,,
*C(=O)CNC(*)C(=O)OCCCCCNC,,,,,,,,,,,,,,,,,,,,,,,,,,,,,,,,,2.0,5.0,10.0,0.0,0.0,0.0,17.0,67.43,0.0,0.0,10.633577208012662,3.4684905510563984,214.131742436,10.0,5.0,11.518964710884354,25.807221274690605,1.4666666666666666,0.0,0.0,0.0,0.0,0.0,14.0,2.0,0.0,0.0,0.0,7.0,0.4117647058823529
CCC[S@](=O)c1ccc2c(c1)[nH]/c(=N/C(=O)OC)/[nH]2,3.812618487593367,0.8635487547530785,2.0,3.0,3.0,2.0,0.0,2.0,19.0,87.31,0.5,1.0,5.618183454609236,2.4128024698604245,281.08341234000005,5.0,14.0,11.908725837187237,18.24004229813441,1.368421052631579,0.0,0.0,0.0,0.0,0.0,7.0,3.0,0.0,1.0,6.0,7.0,0.3684210526315789,,,,,,,,,,,,,,,,,,,,,,,,,,,,,,
*CC(C)(C)CCCCCCC(C)C(=O)N*,,,,,,,,,,,,,,,,,,,,,,,,,,,,,,,,,1.0,1.0,9.0,0.0,0.0,0.0,17.0,29.1,0.0,0.0,5.733667477162185,3.442355690957018,211.19361442,12.0,3.0,11.360340213488211,66.21987853631856,1.4,0.0,0.0,0.0,0.0,0.0,15.0,1.0,0.0,0.0,0.0,4.0,0.23529411764705882
CC(C)C[C@@H]1C(=O)N(C(=S)N1)CC=C,3.205145402973243,0.9204004564312731,1.0,2.0,4.0,1.0,1.0,0.0,14.0,32.34,0.0,1.0,5.316788604006331,2.636438425340596,212.098334132,6.0,8.0,11.76949074074074,26.31013685145522,1.7142857142857142,0.0,0.0,0.0,0.0,0.0,11.0,3.0,0.0,0.0,5.0,4.0,0.2857142857142857,,,,,,,,,,,,,,,,,,,,,,,,,,,,,,
*Oc1ccc(CCCNC(=O)NCCCC(=O)C(C)C(*)=O)cc1,,,,,,,,,,,,,,,,,,,,,,,,,,,,,,,,,2.0,4.0,11.0,1.0,0.0,1.0,25.0,84.5,0.0,0.0,15.740104602853368,2.0837988449597633,318.157957184,8.0,15.0,11.701535092056703,32.60702369139466,1.173913043478261,0.0,0.0,0.0,0.0,0.0,16.0,3.0,0.0,0.0,6.0,8.0,0.32
CCC(=O)O[C@]1(CC[NH+](C[C@@H]1CC=C)C)c2ccccc2,4.600303999559022,0.8516359999928373,1.0,2.0,5.0,2.0,1.0,1.0,21.0,30.740000000000002,0.0,1.0,4.899909730850478,2.421156675524895,288.19580549208996,10.0,11.0,12.035035430839002,31.78725287945234,1.4761904761904763,0.0,0.0,0.0,0.0,0.0,14.0,2.0,0.0,0.0,6.0,3.0,0.14285714285714285,,,,,,,,,,,,,,,,,,,,,,,,,,,,,,
*CCCCC*,,,,,,,,,,,,,,,,,,,,,,,,,,,,,,,,,0.0,0.0,4.0,0.0,0.0,0.0,7.0,0.0,0.0,0.0,0.0,2.447472887876344,70.07825032,5.0,0.0,1.6388888888888888,33.10993926815928,1.0,0.0,0.0,0.0,0.0,0.0,6.0,0.0,0.0,0.0,0.0,2.0,0.2857142857142857
C[C@@H](c1ccc(cc1)NCC(=C)C)C(=O)[O-],3.1383474317775297,0.8441991188377103,1.0,3.0,5.0,1.0,0.0,1.0,16.0,52.16,0.0,0.0,10.423315998847038,2.67386682451243,218.11865233191,4.0,12.0,10.66134484467953,19.76538044554264,1.4375,0.0,0.0,0.0,0.0,0.0,8.0,2.0,0.0,0.0,6.0,3.0,0.1875,,,,,,,,,,,,,,,,,,,,,,,,,,,,,,
*CC(*)C(C)(C)CCC,,,,,,,,,,,,,,,,,,,,,,,,,,,,,,,,,0.0,0.0,4.0,0.0,0.0,0.0,10.0,0.0,0.0,0.0,0.0,3.8231802758378657,112.12520051199999,8.0,0.0,2.48212962962963,46.95741366754052,1.75,0.0,0.0,0.0,0.0,0.0,9.0,0.0,0.0,0.0,0.0,2.0,0.2
C[C@H](Cc1ccccc1)[NH2+][C@@H](C#N)c2ccccc2,3.500292918590903,0.8570796242948717,1.0,1.0,5.0,2.0,0.0,2.0,19.0,40.4,0.0,0.0,5.316788604006331,1.9777433209729276,251.15427502808998,5.0,12.0,9.313185311161503,25.428240480912557,1.0,0.0,0.0,0.0,0.0,0.0,7.0,0.0,1.0,0.0,6.0,2.0,0.10526315789473684,,,,,,,,,,,,,,,,,,,,,,,,,,,,,,
*CC(*)(C)CC=O,,,,,,,,,,,,,,,,,,,,,,,,,,,,,,,,,0.0,1.0,3.0,0.0,0.0,0.0,8.0,17.07,0.0,0.0,0.0,3.5256248299571906,84.057514876,4.0,2.0,10.047152777777779,26.18620206846865,2.3333333333333335,0.0,0.0,0.0,0.0,0.0,6.0,1.0,0.0,0.0,0.0,3.0,0.375
C[C@@H](CC(c1ccccc1)(c2ccccc2)C(=O)N)[NH+](C)C,3.3892488745121687,0.8216916090880408,2.0,1.0,6.0,2.0,0.0,2.0,22.0,47.53,0.0,0.0,10.633577208012664,2.628783313688539,297.19613984009004,7.0,15.0,12.593394746787602,24.801390121161376,1.0,0.0,0.0,0.0,0.0,0.0,10.0,1.0,0.0,0.0,6.0,3.0,0.13636363636363635,,,,,,,,,,,,,,,,,,,,,,,,,,,,,,
*Oc1ccc(*)cc1O,,,,,,,,,,,,,,,,,,,,,,,,,,,,,,,,,1.0,2.0,1.0,1.0,0.0,1.0,10.0,29.46,0.0,0.0,11.172894463302317,3.0699827149988397,108.021129368,0.0,8.0,9.246342592592592,0.0,1.75,0.0,0.0,0.0,0.0,0.0,4.0,0.0,0.0,0.0,6.0,4.0,0.4
Cc1c(c(=O)n(n1C)c2ccccc2)NC(=O)[C@H](C)[NH+](C)C,3.435772451574172,0.8546921691557907,2.0,4.0,4.0,2.0,0.0,2.0,22.0,60.47,0.0,1.0,15.775965229908817,2.43644083335036,303.18155239609,7.0,15.0,12.659591836734695,19.88931522852921,1.2272727272727273,0.0,0.0,0.0,0.0,0.0,10.0,2.0,0.0,0.0,6.0,6.0,0.2727272727272727,,,,,,,,,,,,,,,,,,,,,,,,,,,,,,
*CC(*)COCCCCC(C)=O,,,,,,,,,,,,,,,,,,,,,,,,,,,,,,,,,0.0,2.0,8.0,0.0,0.0,0.0,13.0,26.3,0.0,0.0,0.0,3.035493331772603,156.115029752,9.0,2.0,10.608439473802479,39.53076089108528,1.7272727272727273,0.0,0.0,0.0,0.0,0.0,11.0,1.0,0.0,0.0,0.0,4.0,0.3076923076923077
c1ccc(cc1)[C@@H](C(=O)[O-])O,2.8240557149088943,0.7959428940615331,1.0,3.0,2.0,1.0,0.0,1.0,11.0,60.36,0.0,0.0,5.106527394840706,2.8511778901644047,151.04006766391,2.0,9.0,10.138614890400603,6.103966387748303,1.3636363636363635,0.0,0.0,0.0,0.0,0.0,4.0,1.0,0.0,0.0,6.0,3.0,0.2727272727272727,,,,,,,,,,,,,,,,,,,,,,,,,,,,,,
*O*,,,,,,,,,,,,,,,,,,,,,,,,,,,,,,,,,0.0,1.0,0.0,0.0,0.0,0.0,3.0,9.23,0.0,0.0,0.0,1.6329931618554523,15.99491462,1.0,0.0,4.75,0.0,4.0,0.0,0.0,0.0,0.0,0.0,2.0,0.0,0.0,0.0,0.0,3.0,1.0
CC[C@](C)(C[NH+](C)C)OC(=O)c1ccccc1,3.573413131020785,0.8199744076086789,1.0,2.0,5.0,1.0,0.0,1.0,17.0,30.740000000000002,0.0,0.0,4.899909730850478,2.7198859109315947,236.16450536409,8.0,9.0,11.969197373393802,25.869346833290944,1.2941176470588236,0.0,0.0,0.0,0.0,0.0,10.0,1.0,0.0,0.0,6.0,3.0,0.17647058823529413,,,,,,,,,,,,,,,,,,,,,,,,,,,,,,
*C(=O)O*,,,,,,,,,,,,,,,,,,,,,,,,,,,,,,,,,0.0,2.0,0.0,0.0,0.0,0.0,5.0,26.3,0.0,0.0,0.0,2.8473789230876716,43.98982924,0.0,3.0,9.76388888888889,0.0,3.0,0.0,0.0,0.0,0.0,0.0,3.0,1.0,0.0,0.0,0.0,4.0,0.8
COc1cc(c(c2c1OCO2)OC)CC=C,2.556031552271408,0.9064254665545937,0.0,4.0,4.0,2.0,1.0,1.0,16.0,36.92,0.5,1.0,18.947451815200196,2.575034626719236,222.089208928,4.0,12.0,5.388444822373394,6.4208216229260096,1.3125,0.0,0.0,0.0,0.0,0.0,10.0,1.0,0.0,1.0,6.0,4.0,0.25,,,,,,,,,,,,,,,,,,,,,,,,,,,,,,
*Cc1ccc(C(=O)OCCCCCOC(=O)OCCCCCCC(=O)C(*)=O)cc1,,,,,,,,,,,,,,,,,,,,,,,,,,,,,,,,,0.0,7.0,16.0,1.0,0.0,1.0,31.0,95.97,0.0,0.0,0.0,1.930484532162762,404.183503236,12.0,17.0,11.94413155721221,58.29031018309871,0.7586206896551724,0.0,0.0,0.0,0.0,0.0,21.0,4.0,0.0,0.0,6.0,9.0,0.2903225806451613
Cc1ccccc1NC(=O)[C@H](C)[NH+]2CCCC2,3.809179268144531,0.8442149866811748,2.0,1.0,3.0,2.0,1.0,1.0,17.0,33.54,0.0,1.0,10.216698334856808,1.986640575007798,233.16483971209,8.0,9.0,12.119726001511715,32.730958474381225,1.2941176470588236,0.0,0.0,0.0,0.0,0.0,11.0,1.0,0.0,0.0,6.0,3.0,0.17647058823529413,,,,,,,,,,,,,,,,,,,,,,,,,,,,,,
*CCN(CF)c1ccc(*)cc1,,,,,,,,,,,,,,,,,,,,,,,,,,,,,,,,,0.0,1.0,4.0,1.0,0.0,1.0,13.0,3.24,0.0,0.0,10.966276799312087,2.729874915494075,151.07972754,4.0,7.0,12.600154478458052,6.923737199690624,1.4545454545454546,1.0,1.0,0.0,0.0,0.0,7.0,0.0,0.0,0.0,6.0,4.0,0.3076923076923077
COc1cccc2c1cc(c3c2c4c(cc3C(=O)[O-])OCO4)[N+](=O)[O-],2.961695192220599,0.8798288930292435,0.0,7.0,3.0,4.0,1.0,3.0,25.0,110.96000000000001,0.75,1.0,19.31711625624085,2.33535825227751,340.04627523990996,2.0,23.0,11.612564720332578,0.0,1.2,0.0,0.0,0.0,0.0,0.0,10.0,2.0,0.0,3.0,6.0,8.0,0.32,,,,,,,,,,,,,,,,,,,,,,,,,,,,,,
*CN(*)c1ccc1,,,,,,,,,,,,,,,,,,,,,,,,,,,,,,,,,0.0,1.0,2.0,1.0,1.0,0.0,8.0,3.24,0.0,0.0,0.0,2.35837459457946,79.04219916,1.0,5.0,2.5694444444444446,0.0,2.1666666666666665,0.0,0.0,0.0,0.0,0.0,6.0,2.0,0.0,0.0,4.0,3.0,0.375
CC(=O)Oc1ccccc1C(=O)[O-],2.369947002756078,0.8314232615842391,0.0,4.0,2.0,1.0,0.0,1.0,13.0,66.43,0.0,0.0,9.843390348640755,3.0435273546341013,179.03498228391,1.0,12.0,10.5524111866969,6.923737199690624,1.3076923076923077,0.0,0.0,0.0,0.0,0.0,5.0,2.0,0.0,0.0,6.0,4.0,0.3076923076923077,,,,,,,,,,,,,,,,,,,,,,,,,,,,,,
*Oc1c(C)c(C)c(S(=O)/c2ccc(*)cc2OC)cc1,,,,,,,,,,,,,,,,,,,,,,,,,,,,,,,,,0.0,3.0,4.0,2.0,0.0,2.0,21.0,35.53,0.0,0.0,15.909757417102366,2.529174997843545,274.066365308,4.0,15.0,12.936331254724111,23.638441350416798,1.105263157894737,0.0,0.0,0.0,0.0,0.0,9.0,1.0,0.0,0.0,6.0,6.0,0.2857142857142857
C[NH+]1[C@@H]2CC[C@H]1CC(C2)OC(=O)[C@H](CO)c3ccccc3,5.379587089036747,0.8136592923323339,2.0,3.0,4.0,3.0,2.0,1.0,21.0,50.97,0.3333333333333333,2.0,4.899909730850478,1.632677623313254,290.17507004809,12.0,9.0,12.36919359410431,49.78884058390966,1.2857142857142858,0.0,0.0,0.0,0.0,0.0,16.0,1.0,0.0,1.0,6.0,4.0,0.19047619047619047,,,,,,,,,,,,,,,,,,,,,,,,,,,,,,
*OC(=O)CCCCCOC(=O)O*,,,,,,,,,,,,,,,,,,,,,,,,,,,,,,,,,0.0,5.0,6.0,0.0,0.0,0.0,14.0,61.83,0.0,0.0,0.0,3.1381552197716123,174.05282342,5.0,7.0,10.742223907328976,25.683286491704038,1.1666666666666667,0.0,0.0,0.0,0.0,0.0,11.0,2.0,0.0,0.0,0.0,7.0,0.5
C[N+]1([C@@H]2CC[C@H]1CC(C2)OC(=O)[C@H](CO)c3ccccc3)[O-],4.806618786089102,0.8164798325095746,1.0,4.0,4.0,3.0,2.0,1.0,22.0,69.59,0.3333333333333333,2.0,0.0,1.650048832778602,305.162708216,13.0,9.0,12.44720061407381,49.78884058390966,1.3181818181818181,0.0,0.0,0.0,0.0,0.0,17.0,1.0,0.0,1.0,6.0,5.0,0.22727272727272727,,,,,,,,,,,,,,,,,,,,,,,,,,,,,,
*C(=O)/C(*)=O,,,,,,,,,,,,,,,,,,,,,,,,,,,,,,,,,0.0,2.0,1.0,0.0,0.0,0.0,6.0,34.14,0.0,0.0,0.0,3.5677034550432034,55.989829240000006,0.0,4.0,9.967592592592592,0.0,1.5,0.0,0.0,0.0,0.0,0.0,3.0,2.0,0.0,0.0,0.0,4.0,0.6666666666666666
c1cc(ccc1[C@@H](CC(=O)[O-])C[NH3+])Cl,3.8259415513483397,0.8458385379849692,1.0,2.0,4.0,1.0,0.0,1.0,14.0,67.77,0.0,0.0,10.84019487200289,2.7829771877466487,213.055656304,5.0,9.0,10.443913594244282,12.338727669087403,1.4285714285714286,1.0,0.0,1.0,0.0,0.0,7.0,1.0,0.0,0.0,6.0,4.0,0.2857142857142857,,,,,,,,,,,,,,,,,,,,,,,,,,,,,,
*CCCOC(=O)Nc1ccc(C(*)=O)cc1OC,,,,,,,,,,,,,,,,,,,,,,,,,,,,,,,,,1.0,4.0,6.0,1.0,0.0,1.0,19.0,64.63,0.0,0.0,10.05365155780638,2.720252864196301,235.084457896,4.0,13.0,11.551157407407407,13.344558822616634,1.5294117647058822,0.0,0.0,0.0,0.0,0.0,11.0,2.0,0.0,0.0,6.0,7.0,0.3684210526315789
c1cc(ccc1C(=O)[O-])N[C@@H]2[C@@H]([C@H]([C@@H](CO2)O)O)O,3.932762440652496,0.8877236993964867,4.0,7.0,3.0,2.0,1.0,1.0,19.0,122.08000000000001,0.0,1.0,10.423315998847038,2.0250296944126527,268.08266074791004,9.0,10.0,10.576328729558348,24.539800333979777,1.2105263157894737,0.0,0.0,0.0,0.0,0.0,13.0,1.0,0.0,0.0,6.0,7.0,0.3684210526315789,,,,,,,,,,,,,,,,,,,,,,,,,,,,,,
*NC(=O)OCc1ccc(O*)c(C)ccc1,,,,,,,,,,,,,,,,,,,,,,,,,,,,,,,,,1.0,3.0,3.0,1.0,1.0,0.0,17.0,47.56,0.0,0.0,5.733667477162185,2.715005060252312,205.073893212,2.0,13.0,11.016676797262114,6.923737199690624,1.6,0.0,0.0,0.0,0.0,0.0,12.0,5.0,0.0,0.0,8.0,6.0,0.35294117647058826
C[C@@H](c1ccccc1)NNC(=O)c2ccccc2,2.1095927572663022,0.8100486966760015,2.0,2.0,4.0,2.0,0.0,2.0,18.0,41.129999999999995,0.0,0.0,10.85158279422077,1.907184204743615,240.126263132,3.0,15.0,11.806828546233309,12.965578028838586,0.9444444444444444,0.0,0.0,0.0,0.0,0.0,6.0,1.0,0.0,0.0,6.0,3.0,0.16666666666666666,,,,,,,,,,,,,,,,,,,,,,,,,,,,,,
*CCC(*)(C)CC,,,,,,,,,,,,,,,,,,,,,,,,,,,,,,,,,0.0,0.0,3.0,0.0,0.0,0.0,8.0,0.0,0.0,0.0,0.0,3.373381552563661,84.093900384,6.0,0.0,2.4809722222222224,39.53076089108528,2.0,0.0,0.0,0.0,0.0,0.0,7.0,0.0,0.0,0.0,0.0,2.0,0.25
C[C@@H](c1ccc2c(c1)nc(o2)c3ccc(cc3)Cl)C(=O)[O-],2.8829380863971608,0.8604669618412317,0.0,4.0,3.0,3.0,0.0,3.0,21.0,66.16,0.3333333333333333,1.0,5.106527394840706,2.0377604789298283,300.04329447191,3.0,18.0,10.926949660772262,12.841643245852017,1.2380952380952381,1.0,0.0,1.0,0.0,0.0,6.0,1.0,0.0,1.0,6.0,5.0,0.23809523809523808,,,,,,,,,,,,,,,,,,,,,,,,,,,,,,
*c1ccc(/C=C/c2c(*)cc2)cc1,,,,,,,,,,,,,,,,,,,,,,,,,,,,,,,,,0.0,0.0,2.0,2.0,1.0,1.0,14.0,0.0,0.0,0.0,6.06636706846161,2.1109397489275756,152.062600256,0.0,12.0,2.263168461829176,0.0,1.0,0.0,0.0,0.0,0.0,0.0,6.0,3.0,0.0,0.0,6.0,2.0,0.14285714285714285
CCc1c(c2ccccc2o1)C(=O)c3ccc(cc3)O,2.044948993772003,0.8567842732769394,1.0,3.0,3.0,3.0,0.0,3.0,20.0,50.44,0.3333333333333333,1.0,0.0,2.173924697713828,266.09429430800003,2.0,18.0,12.67078231292517,13.344558822616634,1.1,0.0,0.0,0.0,0.0,0.0,5.0,1.0,0.0,1.0,6.0,3.0,0.15,,,,,,,,,,,,,,,,,,,,,,,,,,,,,,
*C(=O)CC(C)(C)CCO*,,,,,,,,,,,,,,,,,,,,,,,,,,,,,,,,,0.0,2.0,5.0,0.0,0.0,0.0,11.0,26.3,0.0,0.0,0.0,3.6952549816499474,128.083729624,7.0,2.0,10.908442460317461,26.689117645233267,1.8888888888888888,0.0,0.0,0.0,0.0,0.0,9.0,1.0,0.0,0.0,0.0,4.0,0.36363636363636365
c1ccc(cc1)C(=O)O[C@@H]2C[NH+]3CCC2CC3,4.637255082371755,0.8537853748869414,1.0,2.0,2.0,4.0,3.0,1.0,17.0,30.740000000000002,0.75,3.0,4.899909730850478,1.6572441159130684,232.13320523609,8.0,9.0,11.957730536659108,18.94560963360032,1.1764705882352942,0.0,0.0,0.0,0.0,0.0,12.0,1.0,0.0,2.0,6.0,3.0,0.17647058823529413,,,,,,,,,,,,,,,,,,,,,,,,,,,,,,
*CCCCCCCCCCCCCCCCNC(=O)CCCCCCCCCCCCC(=O)NCCCCCCCCCCN1C(=C/C(*)=O)c1,,,,,,,,,,,,,,,,,,,,,,,,,,,,,,,,,2.0,4.0,41.0,1.0,1.0,0.0,52.0,78.28,0.0,1.0,10.633577208012662,1.6910483479720435,699.627793452,39.0,11.0,12.12612935069582,225.23167237917505,0.48,0.0,0.0,0.0,0.0,0.0,48.0,4.0,0.0,0.0,3.0,8.0,0.15384615384615385
c1ccc(cc1)[C@@H](C(=O)c2ccccc2)O,1.975409740247624,0.807949920839422,1.0,2.0,3.0,2.0,0.0,2.0,16.0,37.3,0.0,0.0,0.0,2.2393989303204456,212.083729624,2.0,14.0,11.895096371882087,6.103966387748303,0.875,0.0,0.0,0.0,0.0,0.0,4.0,1.0,0.0,0.0,6.0,2.0,0.125,,,,,,,,,,,,,,,,,,,,,,,,,,,,,,
*CCCCNC(=O)CC*,,,,,,,,,,,,,,,,,,,,,,,,,,,,,,,,,1.0,1.0,6.0,0.0,0.0,0.0,11.0,29.1,0.0,0.0,5.316788604006331,3.040425665876032,127.099714036,6.0,3.0,10.950717120181405,33.10993926815928,1.4444444444444444,0.0,0.0,0.0,0.0,0.0,9.0,1.0,0.0,0.0,0.0,4.0,0.36363636363636365
c1ccc(cc1)COC(=O)[C@H](c2ccccc2)O,2.0384634673254745,0.7990606595398322,1.0,3.0,4.0,2.0,0.0,2.0,18.0,46.53,0.0,0.0,0.0,1.9259496439299544,242.094294308,3.0,15.0,11.644571523053667,12.71084835226122,1.0,0.0,0.0,0.0,0.0,0.0,6.0,1.0,0.0,0.0,6.0,3.0,0.16666666666666666,,,,,,,,,,,,,,,,,,,,,,,,,,,,,,
*NC(=O)c1ccc(C(=O)OCCCCCCCCCCCc2ccc(*)cc2)cc1,,,,,,,,,,,,,,,,,,,,,,,,,,,,,,,,,1.0,3.0,14.0,2.0,0.0,2.0,31.0,55.400000000000006,0.0,0.0,11.800034545623795,1.4156089516028745,393.230393852,11.0,18.0,12.053508761636902,64.20821622926012,0.7586206896551724,0.0,0.0,0.0,0.0,0.0,18.0,2.0,0.0,0.0,6.0,6.0,0.1935483870967742
C[C@@H](C[N+](C)(C)C)OC(=O)N,3.5139546892678704,0.8907645239099602,1.0,2.0,3.0,0.0,0.0,0.0,11.0,52.32,0.0,0.0,5.733667477162185,3.6942591252386228,161.12845420409,7.0,4.0,10.288622448979591,13.027703587438927,1.5454545454545454,0.0,0.0,0.0,0.0,0.0,9.0,1.0,0.0,0.0,0.0,4.0,0.36363636363636365,,,,,,,,,,,,,,,,,,,,,,,,,,,,,,
*C(=C)c1ccc(S(=O)(=O)Oc2ccc(*)c(F)c2)cc1,,,,,,,,,,,,,,,,,,,,,,,,,,,,,,,,,0.0,3.0,4.0,2.0,0.0,2.0,21.0,43.370000000000005,0.0,0.0,10.249452501111318,2.287765329786338,276.02564336800003,2.0,17.0,13.48352073611814,4.895483475517775,1.263157894736842,1.0,1.0,0.0,0.0,0.0,7.0,3.0,0.0,0.0,6.0,7.0,0.3333333333333333
C[N+](C)(C)CCO[C@H](Cc1ccccc1)c2ccccc2,2.58920515288999,0.8484224824112248,0.0,1.0,7.0,2.0,0.0,2.0,21.0,9.23,0.0,0.0,0.0,2.040753706567096,284.20089087209,9.0,12.0,6.192510393046108,12.524788010674312,0.8571428571428571,0.0,0.0,0.0,0.0,0.0,10.0,0.0,0.0,0.0,6.0,2.0,0.09523809523809523,,,,,,,,,,,,,,,,,,,,,,,,,,,,,,
*CC(O)CCC(=O)NCCCCCCCCCCCCCCCCCC(=O)N*,,,,,,,,,,,,,,,,,,,,,,,,,,,,,,,,,3.0,3.0,22.0,0.0,0.0,0.0,30.0,78.43,0.0,0.0,11.050456081168516,3.1434658154856416,396.335193268,22.0,6.0,11.64338577871907,128.60249280010714,0.7142857142857143,0.0,0.0,0.0,0.0,0.0,27.0,2.0,0.0,0.0,0.0,7.0,0.23333333333333334
CC1=C(C(=O)C[C@@H]1OC(=O)[C@H]2[C@H](C2(C)C)C=C(C)C)CC=C,4.167391302739001,0.9074813201329508,0.0,3.0,5.0,2.0,2.0,0.0,22.0,43.370000000000005,0.0,0.0,0.0,2.067252683908674,302.18819469199997,11.0,11.0,12.480061098513481,53.564295632053444,1.4090909090909092,0.0,0.0,0.0,0.0,0.0,18.0,5.0,0.0,0.0,5.0,3.0,0.13636363636363635,,,,,,,,,,,,,,,,,,,,,,,,,,,,,,
*O[Si](*)(C)O,,,,,,,,,,,,,,,,,,,,,,,,,,,,,,,,,1.0,2.0,1.0,0.0,0.0,0.0,6.0,29.46,0.0,0.0,0.0,3.168489872670569,75.998055898,4.0,0.0,8.916666666666668,6.5470113536810866,2.75,0.0,0.0,0.0,0.0,0.0,5.0,0.0,0.0,0.0,0.0,5.0,0.8333333333333334
C[C@H](Cc1cc(c(cc1OC)Br)OC)[NH3+],3.2562650358771217,0.8935669553496087,1.0,2.0,4.0,1.0,0.0,1.0,15.0,46.1,0.0,0.0,15.207393384762284,3.10253018838229,274.04371730409,7.0,8.0,5.313204837490551,19.386399651764595,1.2666666666666666,1.0,0.0,0.0,1.0,0.0,9.0,0.0,0.0,0.0,6.0,4.0,0.26666666666666666,,,,,,,,,,,,,,,,,,,,,,,,,,,,,,
*CC(C)OC(=O)CNC(=O)NCCCC(C)COC(=O)NCC(C)CN=C(C)C(=O)O*,,,,,,,,,,,,,,,,,,,,,,,,,,,,,,,,,3.0,8.0,15.0,0.0,0.0,0.0,33.0,144.42,0.0,0.0,15.950365812018994,3.8636732462347085,442.24274942799997,15.0,16.0,11.84234686666241,53.56429563205343,1.096774193548387,0.0,0.0,0.0,0.0,0.0,27.0,5.0,0.0,0.0,0.0,13.0,0.3939393939393939
COc1ccc(cc1)C(=O)/C(=C/C(=O)[O-])/Br,2.7533152016452913,0.867504274560395,0.0,4.0,4.0,1.0,0.0,1.0,16.0,66.43,0.0,0.0,9.843390348640755,2.922272653330866,282.96114441591,2.0,14.0,11.63267857142857,0.0,1.3125,1.0,0.0,0.0,1.0,0.0,7.0,3.0,0.0,0.0,6.0,5.0,0.3125,,,,,,,,,,,,,,,,,,,,,,,,,,,,,,
*OC(=O)NCCCCC(=O)OC(=O)OCCCCCCCNC(=O)N*,,,,,,,,,,,,,,,,,,,,,,,,,,,,,,,,,3.0,7.0,13.0,0.0,0.0,0.0,27.0,132.06,0.0,0.0,16.367244685174846,3.4326492870794922,359.1692501400001,11.0,14.0,11.45636039250737,51.36657298340809,0.88,0.0,0.0,0.0,0.0,0.0,22.0,4.0,0.0,0.0,0.0,12.0,0.4444444444444444
C[NH+](C)CCO[C@H](c1ccccc1)c2ccc(cc2)Br,3.3231605667156536,0.834864701163709,1.0,1.0,6.0,2.0,0.0,2.0,20.0,13.670000000000002,0.0,0.0,4.899909730850478,2.175532947780809,334.08010281209,8.0,12.0,6.128778344671202,6.103966387748303,0.95,1.0,0.0,0.0,1.0,0.0,9.0,0.0,0.0,0.0,6.0,3.0,0.15,,,,,,,,,,,,,,,,,,,,,,,,,,,,,,
*OC(=O)OCCCCCOc1ccc(C(=O)CCCCCCCCC(=O)CCCCCCC(C2(*)O)cc2)cc1,,,,,,,,,,,,,,,,,,,,,,,,,,,,,,,,,1.0,7.0,24.0,2.0,1.0,1.0,41.0,99.13000000000001,0.0,0.0,4.736862953800049,1.37811478153568,542.3243538119999,22.0,17.0,12.483732139684008,115.25793397749051,0.7948717948717948,0.0,0.0,0.0,0.0,0.0,32.0,4.0,0.0,0.0,6.0,9.0,0.21951219512195122
C[NH+](C)CC[C@@H](c1ccc(cc1)Br)c2ccccn2,3.522859706751569,0.8570492803903655,1.0,1.0,5.0,2.0,0.0,2.0,19.0,17.330000000000002,0.0,1.0,4.899909730850478,2.25847511572667,319.08043716009,7.0,12.0,4.534850127551021,12.338727669087403,1.105263157894737,1.0,0.0,0.0,1.0,0.0,8.0,0.0,0.0,0.0,6.0,3.0,0.15789473684210525,,,,,,,,,,,,,,,,,,,,,,,,,,,,,,
*Oc1cccc(C(=O)NCC(O*)CS(C)(C)C)c1,,,,,,,,,,,,,,,,,,,,,,,,,,,,,,,,,1.0,3.0,7.0,1.0,0.0,1.0,20.0,47.56,0.0,0.0,10.423315998847038,2.567173670781402,269.108564468,7.0,10.0,12.124209656084656,6.103966387748303,1.5,0.0,0.0,0.0,0.0,0.0,13.0,1.0,0.0,0.0,6.0,7.0,0.35
CCOc1ccc(cc1)NC(=O)C[C@@H](C)O,2.1074176301837735,0.8364293958856807,2.0,3.0,5.0,1.0,0.0,1.0,16.0,58.56,0.0,0.0,10.05365155780638,2.512025760546569,223.120843404,6.0,10.0,11.33115449420509,26.37226241005556,1.4375,0.0,0.0,0.0,0.0,0.0,9.0,1.0,0.0,0.0,6.0,4.0,0.25,,,,,,,,,,,,,,,,,,,,,,,,,,,,,,
*c1ccc(OC(=O)CCCCCCCCCCCCCCCCCCCC(=O)C=C/C(=O)O*)cc1CCCCSC,,,,,,,,,,,,,,,,,,,,,,,,,,,,,,,,,0.0,6.0,28.0,1.0,0.0,1.0,43.0,69.67,0.0,0.0,10.803230022261658,1.8743153399856491,586.369195828,25.0,16.0,12.31115414206965,141.25807570437226,0.7317073170731707,0.0,0.0,0.0,0.0,0.0,33.0,4.0,0.0,0.0,6.0,8.0,0.18604651162790697
CCc1cccc2c1oc(c2)[C@@H](C[NH2+]C(C)(C)C)O,3.80572716237287,0.8627548898398548,2.0,2.0,4.0,2.0,0.0,2.0,19.0,49.980000000000004,0.5,1.0,5.316788604006331,2.209614177708545,262.18015542809,10.0,9.0,10.223481670445956,45.75866206182015,1.3157894736842106,0.0,0.0,0.0,0.0,0.0,10.0,0.0,0.0,1.0,6.0,3.0,0.15789473684210525,,,,,,,,,,,,,,,,,,,,,,,,,,,,,,
*CCCCCCCCCCCCCCCCCCCNC(=O)C(=O)Oc1ccc(C(=O)CCCCCCCCC(CCCCCC)(CC)C(=O)O*)cc1,,,,,,,,,,,,,,,,,,,,,,,,,,,,,,,,,1.0,6.0,37.0,1.0,0.0,1.0,55.0,98.77,0.0,0.0,10.05365155780638,2.0911299856204733,739.5750891839999,36.0,17.0,12.722750953263322,219.81668190977828,0.6037735849056604,0.0,0.0,0.0,0.0,0.0,45.0,4.0,0.0,0.0,6.0,9.0,0.16363636363636364
C[NH+]1CCc2cc3c(c-4c2[C@@H]1Cc5c4c(c(cc5)OC)O)OCO3,4.4191966817623936,0.9095854748850688,2.0,4.0,1.0,5.0,3.0,2.0,24.0,52.360000000000014,1.0,2.0,19.110498592250625,1.883409285300213,326.1386845400899,8.0,16.0,10.818268849206351,18.88348407499998,1.2083333333333333,0.0,0.0,0.0,0.0,0.0,16.0,0.0,0.0,3.0,6.0,5.0,0.20833333333333334,,,,,,,,,,,,,,,,,,,,,,,,,,,,,,
*c1ccc(C(=O)c2ccc(*)cc2)cc1,,,,,,,,,,,,,,,,,,,,,,,,,,,,,,,,,0.0,1.0,2.0,2.0,0.0,2.0,16.0,17.07,0.0,0.0,12.13273413692322,2.3156276954086836,180.057514876,0.0,14.0,12.109712773998488,0.0,0.7857142857142857,0.0,0.0,0.0,0.0,0.0,4.0,1.0,0.0,0.0,6.0,3.0,0.1875
CC(C)(C)[NH2+]C[C@H](COc1ccccc1C#N)O,3.5932786224999704,0.8446385658320874,2.0,3.0,5.0,1.0,0.0,1.0,18.0,69.86,0.0,0.0,10.05365155780638,2.4317419278932815,249.15975433209,9.0,7.0,9.798258692365836,32.41410323920352,1.3888888888888888,0.0,0.0,0.0,0.0,0.0,11.0,0.0,1.0,0.0,6.0,4.0,0.2222222222222222,,,,,,,,,,,,,,,,,,,,,,,,,,,,,,
*CCCCCCCCCCCCN(C)C(=O)NCC(*)=O,,,,,,,,,,,,,,,,,,,,,,,,,,,,,,,,,1.0,2.0,14.0,0.0,0.0,0.0,22.0,49.410000000000004,0.0,0.0,5.316788604006331,3.3085295582339826,282.2307282,14.0,6.0,11.654886836725208,71.13195342895074,0.95,0.0,0.0,0.0,0.0,0.0,19.0,2.0,0.0,0.0,0.0,6.0,0.2727272727272727
Cc1ccc(c(c1)OC[C@H](C[NH2+]C(C)(C)C)O)Cl,3.5245079199881957,0.8610529056325157,2.0,2.0,5.0,1.0,0.0,1.0,18.0,46.07,0.0,0.0,10.05365155780638,2.4235298819629367,272.14118307609,11.0,7.0,9.834681594860166,39.33784043889415,1.3888888888888888,1.0,0.0,1.0,0.0,0.0,12.0,0.0,0.0,0.0,6.0,4.0,0.2222222222222222,,,,,,,,,,,,,,,,,,,,,,,,,,,,,,
*CS(*)(Cl)C(=O)S(C)(C)F,,,,,,,,,,,,,,,,,,,,,,,,,,,,,,,,,0.0,1.0,1.0,0.0,0.0,0.0,11.0,17.07,0.0,0.0,0.0,4.4975656797147,189.968912776,5.0,2.0,13.203078703703703,0.0,2.0,2.0,1.0,1.0,0.0,0.0,9.0,1.0,0.0,0.0,0.0,7.0,0.6363636363636364
CC[C@@H](c1ccc(cc1)c2ccccc2)C(=O)[O-],2.5052261892189662,0.8036038846487135,0.0,2.0,4.0,2.0,0.0,2.0,18.0,40.129999999999995,0.0,0.0,5.106527394840706,2.278413079195737,239.10775329991,3.0,15.0,10.974780048995417,19.262464868778025,1.0,0.0,0.0,0.0,0.0,0.0,6.0,1.0,0.0,0.0,6.0,2.0,0.1111111111111111,,,,,,,,,,,,,,,,,,,,,,,,,,,,,,
*OC/C(*)=O,,,,,,,,,,,,,,,,,,,,,,,,,,,,,,,,,0.0,2.0,2.0,0.0,0.0,0.0,6.0,26.3,0.0,0.0,0.0,2.831257109931365,58.005479304000005,2.0,2.0,10.069861111111111,0.0,2.75,0.0,0.0,0.0,0.0,0.0,4.0,1.0,0.0,0.0,0.0,4.0,0.6666666666666666
C[C@]12CC[C@H](C1(C)C)[C@@H](C2=O)Br,4.513710135339785,0.935528895935004,0.0,1.0,0.0,2.0,2.0,0.0,12.0,17.07,0.5,0.0,0.0,2.5049326155667955,230.0306272,10.0,2.0,11.85726851851852,38.4400289152207,1.4166666666666667,1.0,0.0,0.0,1.0,0.0,12.0,1.0,0.0,1.0,5.0,2.0,0.16666666666666666,,,,,,,,,,,,,,,,,,,,,,,,,,,,,,
*CCCCOc1sc(*)cc1C,,,,,,,,,,,,,,,,,,,,,,,,,,,,,,,,,0.0,2.0,5.0,1.0,0.0,1.0,13.0,9.23,0.0,1.0,10.116925724265965,2.318301529430329,168.060886004,5.0,6.0,5.745972222222222,26.689117645233267,1.7272727272727273,0.0,0.0,0.0,0.0,0.0,8.0,0.0,0.0,0.0,5.0,4.0,0.3076923076923077
C[NH+](C)CCO[C@@H](c1ccc(cc1)Cl)c2ccccn2,3.5493119837197034,0.8514250869702413,1.0,2.0,6.0,2.0,0.0,2.0,20.0,26.560000000000002,0.0,1.0,4.899909730850478,2.17553294778081,291.12586736009,8.0,12.0,6.038500566893424,6.103966387748303,1.15,1.0,0.0,1.0,0.0,0.0,9.0,0.0,0.0,0.0,6.0,4.0,0.2,,,,,,,,,,,,,,,,,,,,,,,,,,,,,,
*CCCCCCCCCCCCCCNC(=O)O*,,,,,,,,,,,,,,,,,,,,,,,,,,,,,,,,,1.0,2.0,14.0,0.0,0.0,0.0,20.0,38.33,0.0,0.0,5.316788604006331,2.9733874326069434,255.219829168,14.0,4.0,10.86256670544557,83.97359667480276,0.8333333333333334,0.0,0.0,0.0,0.0,0.0,18.0,1.0,0.0,0.0,0.0,5.0,0.25
C#C[C@@H](c1ccccc1)OC(=O)N,2.9085851286204925,0.822191081735747,1.0,2.0,2.0,1.0,0.0,1.0,13.0,52.32,0.0,0.0,5.733667477162185,2.804394774418995,175.063328528,1.0,10.0,10.446373299319728,6.103966387748303,1.4615384615384615,0.0,0.0,0.0,0.0,0.0,5.0,1.0,1.0,0.0,6.0,3.0,0.23076923076923078,,,,,,,,,,,,,,,,,,,,,,,,,,,,,,
*CC(*)c1ccc(C(C)(C)OC#N)cc1,,,,,,,,,,,,,,,,,,,,,,,,,,,,,,,,,0.0,2.0,4.0,1.0,0.0,1.0,16.0,33.019999999999996,0.0,0.0,0.0,2.909849201988885,187.099714036,5.0,7.0,8.590117455562982,32.79308403298157,1.5714285714285714,0.0,0.0,0.0,0.0,0.0,9.0,0.0,1.0,0.0,6.0,4.0,0.25
CC(C)(C)[NH2+]C[C@H](COc1cccc2c1CCC(=O)N2)O,3.7152000070013953,0.848826821389442,3.0,3.0,5.0,2.0,1.0,1.0,21.0,75.17,0.5,1.0,15.37044016181271,1.9182621722216335,293.18596908009,11.0,10.0,11.38627414969472,45.25574648505554,1.380952380952381,0.0,0.0,0.0,0.0,0.0,15.0,1.0,0.0,1.0,6.0,5.0,0.23809523809523808,,,,,,,,,,,,,,,,,,,,,,,,,,,,,,
*NC(=O)CCCC(=O)N*,,,,,,,,,,,,,,,,,,,,,,,,,,,,,,,,,2.0,2.0,4.0,0.0,0.0,0.0,11.0,58.2,0.0,0.0,11.46733495432437,3.2703753945873237,128.058577496,3.0,6.0,10.71692932728647,19.26246486877803,1.2222222222222223,0.0,0.0,0.0,0.0,0.0,8.0,2.0,0.0,0.0,0.0,6.0,0.5454545454545454
CN1[C@@H](S(=O)(=O)CCC1=O)c2ccc(cc2)Cl,3.1331385490809858,0.8994803871347818,0.0,3.0,1.0,2.0,1.0,1.0,17.0,54.45,0.0,1.0,0.0,2.460046269675074,273.022641924,6.0,11.0,11.996250944822375,11.79469443589475,1.2941176470588236,1.0,0.0,1.0,0.0,0.0,9.0,3.0,0.0,0.0,6.0,6.0,0.35294117647058826,,,,,,,,,,,,,,,,,,,,,,,,,,,,,,
*CCCCCCCC*,,,,,,,,,,,,,,,,,,,,,,,,,,,,,,,,,0.0,0.0,7.0,0.0,0.0,0.0,10.0,0.0,0.0,0.0,0.0,2.6476048489438337,112.12520051199999,8.0,0.0,1.6311728395061729,52.372404136937305,0.625,0.0,0.0,0.0,0.0,0.0,9.0,0.0,0.0,0.0,0.0,2.0,0.2
c1ccc(cc1)[C@@H](C(=O)NC(=O)N)Cl,2.4549609845467195,0.8246349885761941,2.0,2.0,2.0,1.0,0.0,1.0,14.0,72.19,0.0,0.0,11.050456081168516,2.7073870394662696,212.035255208,2.0,12.0,11.210003779289494,5.3770878682057255,1.2857142857142858,1.0,0.0,1.0,0.0,0.0,6.0,2.0,0.0,0.0,6.0,5.0,0.35714285714285715,,,,,,,,,,,,,,,,,,,,,,,,,,,,,,
*CCCCOC(=O)C*,,,,,,,,,,,,,,,,,,,,,,,,,,,,,,,,,0.0,2.0,5.0,0.0,0.0,0.0,10.0,26.3,0.0,0.0,0.0,2.9617756061821483,114.06807956,5.0,3.0,10.630856009070294,26.689117645233267,1.625,0.0,0.0,0.0,0.0,0.0,8.0,1.0,0.0,0.0,0.0,4.0,0.4
c1cc(ccc1OC[C@@H](CO)O)Cl,2.1021428209281847,0.8575212432406023,2.0,3.0,4.0,1.0,0.0,1.0,13.0,49.69,0.0,0.0,4.736862953800049,2.411261457917634,202.039671892,6.0,7.0,8.972765477590213,6.103966387748303,1.3076923076923077,1.0,0.0,1.0,0.0,0.0,7.0,0.0,0.0,0.0,6.0,4.0,0.3076923076923077,,,,,,,,,,,,,,,,,,,,,,,,,,,,,,
*C#CCOC(=O)N=CCCCOC(=O)c1ccc(O*)cc1,,,,,,,,,,,,,,,,,,,,,,,,,,,,,,,,,0.0,5.0,7.0,1.0,0.0,1.0,23.0,74.19000000000001,0.0,0.0,5.106527394840706,2.1904574651793074,287.07937251600003,4.0,15.0,11.768997759182437,12.841643245852019,1.3333333333333333,0.0,0.0,0.0,0.0,0.0,13.0,3.0,1.0,0.0,6.0,8.0,0.34782608695652173
c1cc(ccc1OC[C@@H](COC(=O)N)O)Cl,2.3833557420718847,0.8391745976844656,2.0,4.0,5.0,1.0,0.0,1.0,16.0,81.78,0.0,0.0,10.470530430962235,2.2812283973730882,245.045485544,5.0,11.0,10.248885336044427,6.103966387748303,1.375,1.0,0.0,1.0,0.0,0.0,9.0,1.0,0.0,0.0,6.0,6.0,0.375,,,,,,,,,,,,,,,,,,,,,,,,,,,,,,
*OCCNCC(=O)c1ccc(C)c(*)c1,,,,,,,,,,,,,,,,,,,,,,,,,,,,,,,,,1.0,3.0,6.0,1.0,0.0,1.0,16.0,38.33,0.0,0.0,11.383155672467941,2.4956378920796323,191.094628656,6.0,8.0,11.811432350718064,6.923737199690624,1.7142857142857142,0.0,0.0,0.0,0.0,0.0,9.0,1.0,0.0,0.0,6.0,5.0,0.3125
C[C@@](c1ccccc1)(c2ccc(cc2)Cl)OCC[NH+](C)C,3.4593886730985943,0.8564618059513175,1.0,1.0,6.0,2.0,0.0,2.0,21.0,13.670000000000002,0.0,0.0,4.899909730850478,2.3144370213061762,304.14626845609,9.0,12.0,6.288500566893424,12.524788010674312,0.9523809523809523,1.0,0.0,1.0,0.0,0.0,10.0,0.0,0.0,0.0,6.0,3.0,0.14285714285714285,,,,,,,,,,,,,,,,,,,,,,,,,,,,,,
*OC(=O)CCCCCC(=O)NCCCNC(=O)N*,,,,,,,,,,,,,,,,,,,,,,,,,,,,,,,,,3.0,4.0,10.0,0.0,0.0,0.0,20.0,96.53,0.0,0.0,16.367244685174846,3.32837048959684,257.137556088,8.0,10.0,11.467013731418493,38.524929737556064,1.0,0.0,0.0,0.0,0.0,0.0,16.0,3.0,0.0,0.0,0.0,9.0,0.45
c1ccc(cc1)C2(C[C@@H]2C3=[NH+]CCN3)c4ccccc4,3.7086427124646413,0.9016226795363101,2.0,1.0,3.0,4.0,2.0,2.0,20.0,26.0,0.0,1.0,10.309193336642,1.7972389555410482,263.15427502809,5.0,15.0,3.518362622826908,11.83581209232279,0.9,0.0,0.0,0.0,0.0,0.0,10.0,1.0,0.0,0.0,6.0,2.0,0.1,,,,,,,,,,,,,,,,,,,,,,,,,,,,,,
*CCOCCO*,,,,,,,,,,,,,,,,,,,,,,,,,,,,,,,,,0.0,2.0,5.0,0.0,0.0,0.0,8.0,18.46,0.0,0.0,0.0,2.53006045688352,88.052429496,6.0,0.0,5.200694444444444,6.923737199690624,1.5,0.0,0.0,0.0,0.0,0.0,7.0,0.0,0.0,0.0,0.0,4.0,0.5
C[C@@H]([C@H](c1ccccc1)O)[NH+](C)C/C=C/c2ccccc2,3.7981797622708857,0.8406529779648465,2.0,1.0,6.0,2.0,0.0,2.0,21.0,24.67,0.0,0.0,4.899909730850478,1.9054167529793362,282.18524080809,7.0,14.0,10.430886491955217,19.069544416586886,1.0,0.0,0.0,0.0,0.0,0.0,9.0,1.0,0.0,0.0,6.0,2.0,0.09523809523809523,,,,,,,,,,,,,,,,,,,,,,,,,,,,,,
