POLYMER_USED,DRUG,WATER_PH,CONCENTRATION,CAPACITY,SOURCE,charge_at_WATER_PH_H,charge_at_WATER_PH_C,charge_at_WATER_PH_O,charge_at_WATER_PH
*CC(C)(C(=O)OCCOC(=O)C(CCN)N)*,Clc1cc(Cl)ccc1OCC(=O)O,6.5,25.0,50.81,https://www.researchgate.net/publication/363374372_Single_and_Dual_polymeric_sponges_for_emerging_pollutants_removal,1,2,0,-1.0
*CC(C)(C(=O)OCCOC(=O)C(CCN)N)*,CC1([C@@H](N2[C@H](S1)[C@@H](C2=O)NC(=O)[C@@H](C3=CC=CC=C3)N)C(=O)O)C,6.5,25.0,13.44,https://www.researchgate.net/publication/363374372_Single_and_Dual_polymeric_sponges_for_emerging_pollutants_removal,1,2,0,1.0
*CC(C)(C(=O)OCCOC(=O)C(CCN)N)*,C[C@@H]1[C@H]2[C@@H]([C@H]3[C@@H](C(=O)C(=C([C@]3(C(=O)C2=C(C4=C1C=CC=C4O)O)O)O)C(=O)N)N(C)C)O,6.5,25.0,6.75,https://www.researchgate.net/publication/363374372_Single_and_Dual_polymeric_sponges_for_emerging_pollutants_removal,1,2,0,-2.0
*CC(C)(C(=O)OCCOC(=O)C(CCN)N)*,C1=CC(=C(C=C1F)F)C(CN2C=NC=N2)(CN3C=NC=N3)O,6.5,25.0,0.0,https://www.researchgate.net/publication/363374372_Single_and_Dual_polymeric_sponges_for_emerging_pollutants_removal,1,2,0,0.0
*CC(C)(C(=O)OCCOC(=O)C(CCN)N)*,CCN1C=C(C(=O)C2=CC(=C(C(=C21)F)N3CCNC(C3)C)F)C(=O)O,6.5,25.0,0.0,https://www.researchgate.net/publication/363374372_Single_and_Dual_polymeric_sponges_for_emerging_pollutants_removal,1,2,0,-1.0
*CC(C)(C(=O)OCCOC(=O)C(CCN)N)*,CN(C)C1=CC2=C(C=C1)N=C3C=CC(=O)C=C3S2,6.5,25.0,0.0,https://www.researchgate.net/publication/363374372_Single_and_Dual_polymeric_sponges_for_emerging_pollutants_removal,1,2,0,0.0
*CC(C)(C(=O)OCCOC(=O)C(CCN)N)*,C[C@@H]\1C/C(=C/C[C@@H]2C[C@@H](C[C@@]3(O2)C/C(=N\OC)/[C@@H]([C@H](O3)/C(=C/C(C)C)/C)C)OC(=O)[C@@H]4C=C([C@H]([C@@H]5[C@]4(/C(=C/C=C1)/CO5)O)O)C)/C,6.5,25.0,13.17,https://www.researchgate.net/publication/363374372_Single_and_Dual_polymeric_sponges_for_emerging_pollutants_removal,1,2,0,0.0
*CC(C)(C(=O)OCCOC(=O)C(CCN)N)*,CN1C(=C(C2=CC=CC=C2S1(=O)=O)O)C(=O)NC3=CC=CC=N3,6.5,25.0,13.78,https://www.researchgate.net/publication/363374372_Single_and_Dual_polymeric_sponges_for_emerging_pollutants_removal,1,2,0,1.0
*CC(C)(C(=O)OCCOC(=O)C(CCN)N)*,CC1=CC(=C(C=C1C2(C3=CC=CC=C3S(=O)(=O)O2)C4=CC(=C(C=C4C)O)C(C)C)C(C)C)O,6.5,25.0,22.63,https://www.researchgate.net/publication/363374372_Single_and_Dual_polymeric_sponges_for_emerging_pollutants_removal,1,2,0,-2.0
*CC(C)(C(=O)O)*,Clc1cc(Cl)ccc1OCC(=O)O,6.5,25.0,0.0,https://www.researchgate.net/publication/363374372_Single_and_Dual_polymeric_sponges_for_emerging_pollutants_removal,-1,-1,-1,-1.0
*CC(C)(C(=O)O)*,CC1([C@@H](N2[C@H](S1)[C@@H](C2=O)NC(=O)[C@@H](C3=CC=CC=C3)N)C(=O)O)C,6.5,25.0,0.0,https://www.researchgate.net/publication/363374372_Single_and_Dual_polymeric_sponges_for_emerging_pollutants_removal,-1,-1,-1,1.0
*CC(C)(C(=O)O)*,C[C@@H]1[C@H]2[C@@H]([C@H]3[C@@H](C(=O)C(=C([C@]3(C(=O)C2=C(C4=C1C=CC=C4O)O)O)O)C(=O)N)N(C)C)O,6.5,25.0,7.91,https://www.researchgate.net/publication/363374372_Single_and_Dual_polymeric_sponges_for_emerging_pollutants_removal,-1,-1,-1,-2.0
*CC(C)(C(=O)O)*,C1=CC(=C(C=C1F)F)C(CN2C=NC=N2)(CN3C=NC=N3)O,6.5,25.0,0.0,https://www.researchgate.net/publication/363374372_Single_and_Dual_polymeric_sponges_for_emerging_pollutants_removal,-1,-1,-1,0.0
*CC(C)(C(=O)O)*,CCN1C=C(C(=O)C2=CC(=C(C(=C21)F)N3CCNC(C3)C)F)C(=O)O,6.5,25.0,23.67,https://www.researchgate.net/publication/363374372_Single_and_Dual_polymeric_sponges_for_emerging_pollutants_removal,-1,-1,-1,-1.0
*CC(C)(C(=O)O)*,CN(C)C1=CC2=C(C=C1)N=C3C=CC(=O)C=C3S2,6.5,25.0,24.44,https://www.researchgate.net/publication/363374372_Single_and_Dual_polymeric_sponges_for_emerging_pollutants_removal,-1,-1,-1,0.0
*CC(C)(C(=O)O)*,C[C@@H]\1C/C(=C/C[C@@H]2C[C@@H](C[C@@]3(O2)C/C(=N\OC)/[C@@H]([C@H](O3)/C(=C/C(C)C)/C)C)OC(=O)[C@@H]4C=C([C@H]([C@@H]5[C@]4(/C(=C/C=C1)/CO5)O)O)C)/C,6.5,25.0,22.69,https://www.researchgate.net/publication/363374372_Single_and_Dual_polymeric_sponges_for_emerging_pollutants_removal,-1,-1,-1,0.0
*CC(C)(C(=O)O)*,CN1C(=C(C2=CC=CC=C2S1(=O)=O)O)C(=O)NC3=CC=CC=N3,6.5,25.0,0.0,https://www.researchgate.net/publication/363374372_Single_and_Dual_polymeric_sponges_for_emerging_pollutants_removal,-1,-1,-1,1.0
*CC(C)(C(=O)O)*,CC1=CC(=C(C=C1C2(C3=CC=CC=C3S(=O)(=O)O2)C4=CC(=C(C=C4C)O)C(C)C)C(C)C)O,6.5,25.0,0.0,https://www.researchgate.net/publication/363374372_Single_and_Dual_polymeric_sponges_for_emerging_pollutants_removal,-1,-1,-1,-2.0
*CC(C1=CC=C(C=C1)CN(C)C[C@@H]([C@H]([C@@H]([C@@H](CO)O)O)O)O)*,Clc1cc(Cl)ccc1OCC(=O)O,6.5,25.0,24.38,https://www.researchgate.net/publication/363374372_Single_and_Dual_polymeric_sponges_for_emerging_pollutants_removal,0,1,0,-1.0
*CC(C1=CC=C(C=C1)CN(C)C[C@@H]([C@H]([C@@H]([C@@H](CO)O)O)O)O)*,Clc1cc(Cl)ccc1OCC(=O)O,6.5,25.0,22.19,https://www.researchgate.net/publication/363374372_Single_and_Dual_polymeric_sponges_for_emerging_pollutants_removal,0,1,0,-1.0
*CC(C1=CC=C(C=C1)CN(C)C[C@@H]([C@H]([C@@H]([C@@H](CO)O)O)O)O)*,Clc1cc(Cl)ccc1OCC(=O)O,6.5,33.33333,29.84,interpolated,0,1,0,-1.0
*CC(C1=CC=C(C=C1)CN(C)C[C@@H]([C@H]([C@@H]([C@@H](CO)O)O)O)O)*,Clc1cc(Cl)ccc1OCC(=O)O,6.5,41.66667,37.49,interpolated,0,1,0,-1.0
*CC(C1=CC=C(C=C1)CN(C)C[C@@H]([C@H]([C@@H]([C@@H](CO)O)O)O)O)*,Clc1cc(Cl)ccc1OCC(=O)O,6.5,50.0,45.14,https://www.researchgate.net/publication/363374372_Single_and_Dual_polymeric_sponges_for_emerging_pollutants_removal,0,1,0,-1.0
*CC(C1=CC=C(C=C1)CN(C)C[C@@H]([C@H]([C@@H]([C@@H](CO)O)O)O)O)*,Clc1cc(Cl)ccc1OCC(=O)O,6.5,66.66667,60.51667,interpolated,0,1,0,-1.0
*CC(C1=CC=C(C=C1)CN(C)C[C@@H]([C@H]([C@@H]([C@@H](CO)O)O)O)O)*,Clc1cc(Cl)ccc1OCC(=O)O,6.5,83.33333,75.89333,interpolated,0,1,0,-1.0
*CC(C1=CC=C(C=C1)CN(C)C[C@@H]([C@H]([C@@H]([C@@H](CO)O)O)O)O)*,Clc1cc(Cl)ccc1OCC(=O)O,6.5,100.0,91.27,https://www.researchgate.net/publication/363374372_Single_and_Dual_polymeric_sponges_for_emerging_pollutants_removal,0,1,0,-1.0
*CC(C1=CC=C(C=C1)CN(C)C[C@@H]([C@H]([C@@H]([C@@H](CO)O)O)O)O)*,CC1([C@@H](N2[C@H](S1)[C@@H](C2=O)NC(=O)[C@@H](C3=CC=CC=C3)N)C(=O)O)C,6.5,25.0,0.0,https://www.researchgate.net/publication/363374372_Single_and_Dual_polymeric_sponges_for_emerging_pollutants_removal,0,1,0,1.0
*CC(C1=CC=C(C=C1)CN(C)C[C@@H]([C@H]([C@@H]([C@@H](CO)O)O)O)O)*,C[C@@H]1[C@H]2[C@@H]([C@H]3[C@@H](C(=O)C(=C([C@]3(C(=O)C2=C(C4=C1C=CC=C4O)O)O)O)C(=O)N)N(C)C)O,6.5,25.0,0.0,https://www.researchgate.net/publication/363374372_Single_and_Dual_polymeric_sponges_for_emerging_pollutants_removal,0,1,0,-2.0
*CC(C1=CC=C(C=C1)CN(C)C[C@@H]([C@H]([C@@H]([C@@H](CO)O)O)O)O)*,C1=CC(=C(C=C1F)F)C(CN2C=NC=N2)(CN3C=NC=N3)O,6.5,25.0,0.0,https://www.researchgate.net/publication/363374372_Single_and_Dual_polymeric_sponges_for_emerging_pollutants_removal,0,1,0,0.0
*CC(C1=CC=C(C=C1)CN(C)C[C@@H]([C@H]([C@@H]([C@@H](CO)O)O)O)O)*,CCN1C=C(C(=O)C2=CC(=C(C(=C21)F)N3CCNC(C3)C)F)C(=O)O,6.5,25.0,0.0,https://www.researchgate.net/publication/363374372_Single_and_Dual_polymeric_sponges_for_emerging_pollutants_removal,0,1,0,-1.0
*CC(C1=CC=C(C=C1)CN(C)C[C@@H]([C@H]([C@@H]([C@@H](CO)O)O)O)O)*,CN(C)C1=CC2=C(C=C1)N=C3C=CC(=O)C=C3S2,6.5,25.0,0.0,https://www.researchgate.net/publication/363374372_Single_and_Dual_polymeric_sponges_for_emerging_pollutants_removal,0,1,0,0.0
*CC(C1=CC=C(C=C1)CN(C)C[C@@H]([C@H]([C@@H]([C@@H](CO)O)O)O)O)*,C[C@@H]\1C/C(=C/C[C@@H]2C[C@@H](C[C@@]3(O2)C/C(=N\OC)/[C@@H]([C@H](O3)/C(=C/C(C)C)/C)C)OC(=O)[C@@H]4C=C([C@H]([C@@H]5[C@]4(/C(=C/C=C1)/CO5)O)O)C)/C,6.5,25.0,15.13,https://www.researchgate.net/publication/363374372_Single_and_Dual_polymeric_sponges_for_emerging_pollutants_removal,0,1,0,0.0
*CC(C1=CC=C(C=C1)CN(C)C[C@@H]([C@H]([C@@H]([C@@H](CO)O)O)O)O)*,C[C@@H]\1C/C(=C/C[C@@H]2C[C@@H](C[C@@]3(O2)C/C(=N\OC)/[C@@H]([C@H](O3)/C(=C/C(C)C)/C)C)OC(=O)[C@@H]4C=C([C@H]([C@@H]5[C@]4(/C(=C/C=C1)/CO5)O)O)C)/C,6.5,25.0,15.21,https://www.researchgate.net/publication/363374372_Single_and_Dual_polymeric_sponges_for_emerging_pollutants_removal,0,1,0,0.0
*CC(C1=CC=C(C=C1)CN(C)C[C@@H]([C@H]([C@@H]([C@@H](CO)O)O)O)O)*,C[C@@H]\1C/C(=C/C[C@@H]2C[C@@H](C[C@@]3(O2)C/C(=N\OC)/[C@@H]([C@H](O3)/C(=C/C(C)C)/C)C)OC(=O)[C@@H]4C=C([C@H]([C@@H]5[C@]4(/C(=C/C=C1)/CO5)O)O)C)/C,6.5,33.33333,20.28,interpolated,0,1,0,0.0
*CC(C1=CC=C(C=C1)CN(C)C[C@@H]([C@H]([C@@H]([C@@H](CO)O)O)O)O)*,C[C@@H]\1C/C(=C/C[C@@H]2C[C@@H](C[C@@]3(O2)C/C(=N\OC)/[C@@H]([C@H](O3)/C(=C/C(C)C)/C)C)OC(=O)[C@@H]4C=C([C@H]([C@@H]5[C@]4(/C(=C/C=C1)/CO5)O)O)C)/C,6.5,41.66667,25.35,interpolated,0,1,0,0.0
*CC(C1=CC=C(C=C1)CN(C)C[C@@H]([C@H]([C@@H]([C@@H](CO)O)O)O)O)*,C[C@@H]\1C/C(=C/C[C@@H]2C[C@@H](C[C@@]3(O2)C/C(=N\OC)/[C@@H]([C@H](O3)/C(=C/C(C)C)/C)C)OC(=O)[C@@H]4C=C([C@H]([C@@H]5[C@]4(/C(=C/C=C1)/CO5)O)O)C)/C,6.5,50.0,30.42,https://www.researchgate.net/publication/363374372_Single_and_Dual_polymeric_sponges_for_emerging_pollutants_removal,0,1,0,0.0
*CC(C1=CC=C(C=C1)CN(C)C[C@@H]([C@H]([C@@H]([C@@H](CO)O)O)O)O)*,C[C@@H]\1C/C(=C/C[C@@H]2C[C@@H](C[C@@]3(O2)C/C(=N\OC)/[C@@H]([C@H](O3)/C(=C/C(C)C)/C)C)OC(=O)[C@@H]4C=C([C@H]([C@@H]5[C@]4(/C(=C/C=C1)/CO5)O)O)C)/C,6.5,66.66667,40.62667,interpolated,0,1,0,0.0
*CC(C1=CC=C(C=C1)CN(C)C[C@@H]([C@H]([C@@H]([C@@H](CO)O)O)O)O)*,C[C@@H]\1C/C(=C/C[C@@H]2C[C@@H](C[C@@]3(O2)C/C(=N\OC)/[C@@H]([C@H](O3)/C(=C/C(C)C)/C)C)OC(=O)[C@@H]4C=C([C@H]([C@@H]5[C@]4(/C(=C/C=C1)/CO5)O)O)C)/C,6.5,83.33333,50.83333,interpolated,0,1,0,0.0
*CC(C1=CC=C(C=C1)CN(C)C[C@@H]([C@H]([C@@H]([C@@H](CO)O)O)O)O)*,C[C@@H]\1C/C(=C/C[C@@H]2C[C@@H](C[C@@]3(O2)C/C(=N\OC)/[C@@H]([C@H](O3)/C(=C/C(C)C)/C)C)OC(=O)[C@@H]4C=C([C@H]([C@@H]5[C@]4(/C(=C/C=C1)/CO5)O)O)C)/C,6.5,100.0,61.04,https://www.researchgate.net/publication/363374372_Single_and_Dual_polymeric_sponges_for_emerging_pollutants_removal,0,1,0,0.0
*CC(C1=CC=C(C=C1)CN(C)C[C@@H]([C@H]([C@@H]([C@@H](CO)O)O)O)O)*,CN1C(=C(C2=CC=CC=C2S1(=O)=O)O)C(=O)NC3=CC=CC=N3,6.5,25.0,22.87,https://www.researchgate.net/publication/363374372_Single_and_Dual_polymeric_sponges_for_emerging_pollutants_removal,0,1,0,1.0
*CC(C1=CC=C(C=C1)CN(C)C[C@@H]([C@H]([C@@H]([C@@H](CO)O)O)O)O)*,CN1C(=C(C2=CC=CC=C2S1(=O)=O)O)C(=O)NC3=CC=CC=N3,6.5,25.0,23.72,https://www.researchgate.net/publication/363374372_Single_and_Dual_polymeric_sponges_for_emerging_pollutants_removal,0,1,0,1.0
*CC(C1=CC=C(C=C1)CN(C)C[C@@H]([C@H]([C@@H]([C@@H](CO)O)O)O)O)*,CN1C(=C(C2=CC=CC=C2S1(=O)=O)O)C(=O)NC3=CC=CC=N3,6.5,33.33333,31.54333,interpolated,0,1,0,1.0
*CC(C1=CC=C(C=C1)CN(C)C[C@@H]([C@H]([C@@H]([C@@H](CO)O)O)O)O)*,CN1C(=C(C2=CC=CC=C2S1(=O)=O)O)C(=O)NC3=CC=CC=N3,6.5,41.66667,39.36667,interpolated,0,1,0,1.0
*CC(C1=CC=C(C=C1)CN(C)C[C@@H]([C@H]([C@@H]([C@@H](CO)O)O)O)O)*,CN1C(=C(C2=CC=CC=C2S1(=O)=O)O)C(=O)NC3=CC=CC=N3,6.5,50.0,47.19,https://www.researchgate.net/publication/363374372_Single_and_Dual_polymeric_sponges_for_emerging_pollutants_removal,0,1,0,1.0
*CC(C1=CC=C(C=C1)CN(C)C[C@@H]([C@H]([C@@H]([C@@H](CO)O)O)O)O)*,CN1C(=C(C2=CC=CC=C2S1(=O)=O)O)C(=O)NC3=CC=CC=N3,6.5,66.66667,62.67333,interpolated,0,1,0,1.0
*CC(C1=CC=C(C=C1)CN(C)C[C@@H]([C@H]([C@@H]([C@@H](CO)O)O)O)O)*,CN1C(=C(C2=CC=CC=C2S1(=O)=O)O)C(=O)NC3=CC=CC=N3,6.5,83.33333,78.15667,interpolated,0,1,0,1.0
*CC(C1=CC=C(C=C1)CN(C)C[C@@H]([C@H]([C@@H]([C@@H](CO)O)O)O)O)*,CN1C(=C(C2=CC=CC=C2S1(=O)=O)O)C(=O)NC3=CC=CC=N3,6.5,100.0,93.64,https://www.researchgate.net/publication/363374372_Single_and_Dual_polymeric_sponges_for_emerging_pollutants_removal,0,1,0,1.0
*CC(C1=CC=C(C=C1)CN(C)C[C@@H]([C@H]([C@@H]([C@@H](CO)O)O)O)O)*,CC1=CC(=C(C=C1C2(C3=CC=CC=C3S(=O)(=O)O2)C4=CC(=C(C=C4C)O)C(C)C)C(C)C)O,6.5,25.0,24.17,https://www.researchgate.net/publication/363374372_Single_and_Dual_polymeric_sponges_for_emerging_pollutants_removal,0,1,0,-2.0
*CC(C1=CC=C(C=C1)CN(C)C[C@@H]([C@H]([C@@H]([C@@H](CO)O)O)O)O)*,CC1=CC(=C(C=C1C2(C3=CC=CC=C3S(=O)(=O)O2)C4=CC(=C(C=C4C)O)C(C)C)C(C)C)O,6.5,25.0,24.38,https://www.researchgate.net/publication/363374372_Single_and_Dual_polymeric_sponges_for_emerging_pollutants_removal,0,1,0,-2.0
*CC(C1=CC=C(C=C1)CN(C)C[C@@H]([C@H]([C@@H]([C@@H](CO)O)O)O)O)*,CC1=CC(=C(C=C1C2(C3=CC=CC=C3S(=O)(=O)O2)C4=CC(=C(C=C4C)O)C(C)C)C(C)C)O,6.5,33.33333,31.92333,interpolated,0,1,0,-2.0
*CC(C1=CC=C(C=C1)CN(C)C[C@@H]([C@H]([C@@H]([C@@H](CO)O)O)O)O)*,CC1=CC(=C(C=C1C2(C3=CC=CC=C3S(=O)(=O)O2)C4=CC(=C(C=C4C)O)C(C)C)C(C)C)O,6.5,41.66667,39.46667,interpolated,0,1,0,-2.0
*CC(C1=CC=C(C=C1)CN(C)C[C@@H]([C@H]([C@@H]([C@@H](CO)O)O)O)O)*,CC1=CC(=C(C=C1C2(C3=CC=CC=C3S(=O)(=O)O2)C4=CC(=C(C=C4C)O)C(C)C)C(C)C)O,6.5,50.0,47.01,https://www.researchgate.net/publication/363374372_Single_and_Dual_polymeric_sponges_for_emerging_pollutants_removal,0,1,0,-2.0
*CC(C1=CC=C(C=C1)CN(C)C[C@@H]([C@H]([C@@H]([C@@H](CO)O)O)O)O)*,CC1=CC(=C(C=C1C2(C3=CC=CC=C3S(=O)(=O)O2)C4=CC(=C(C=C4C)O)C(C)C)C(C)C)O,6.5,66.66667,62.68333,interpolated,0,1,0,-2.0
*CC(C1=CC=C(C=C1)CN(C)C[C@@H]([C@H]([C@@H]([C@@H](CO)O)O)O)O)*,CC1=CC(=C(C=C1C2(C3=CC=CC=C3S(=O)(=O)O2)C4=CC(=C(C=C4C)O)C(C)C)C(C)C)O,6.5,83.33333,78.35667,interpolated,0,1,0,-2.0
*CC(C1=CC=C(C=C1)CN(C)C[C@@H]([C@H]([C@@H]([C@@H](CO)O)O)O)O)*,CC1=CC(=C(C=C1C2(C3=CC=CC=C3S(=O)(=O)O2)C4=CC(=C(C=C4C)O)C(C)C)C(C)C)O,6.5,100.0,94.03,https://www.researchgate.net/publication/363374372_Single_and_Dual_polymeric_sponges_for_emerging_pollutants_removal,0,1,0,-2.0
*CC(C)(C(=O)OCCO)*,Clc1cc(Cl)ccc1OCC(=O)O,6.5,25.0,3.46,https://www.researchgate.net/publication/363374372_Single_and_Dual_polymeric_sponges_for_emerging_pollutants_removal,0,0,0,-1.0
*CC(C)(C(=O)OCCO)*,CC1([C@@H](N2[C@H](S1)[C@@H](C2=O)NC(=O)[C@@H](C3=CC=CC=C3)N)C(=O)O)C,6.5,25.0,4.2,https://www.researchgate.net/publication/363374372_Single_and_Dual_polymeric_sponges_for_emerging_pollutants_removal,0,0,0,1.0
*CC(C)(C(=O)OCCO)*,C[C@@H]1[C@H]2[C@@H]([C@H]3[C@@H](C(=O)C(=C([C@]3(C(=O)C2=C(C4=C1C=CC=C4O)O)O)O)C(=O)N)N(C)C)O,6.5,25.0,13.26,https://www.researchgate.net/publication/363374372_Single_and_Dual_polymeric_sponges_for_emerging_pollutants_removal,0,0,0,-2.0
*CC(C)(C(=O)OCCO)*,C1=CC(=C(C=C1F)F)C(CN2C=NC=N2)(CN3C=NC=N3)O,6.5,25.0,0.0,https://www.researchgate.net/publication/363374372_Single_and_Dual_polymeric_sponges_for_emerging_pollutants_removal,0,0,0,0.0
*CC(C)(C(=O)OCCO)*,CCN1C=C(C(=O)C2=CC(=C(C(=C21)F)N3CCNC(C3)C)F)C(=O)O,6.5,25.0,0.0,https://www.researchgate.net/publication/363374372_Single_and_Dual_polymeric_sponges_for_emerging_pollutants_removal,0,0,0,-1.0
*CC(C)(C(=O)OCCO)*,CN(C)C1=CC2=C(C=C1)N=C3C=CC(=O)C=C3S2,6.5,25.0,24.46,https://www.researchgate.net/publication/363374372_Single_and_Dual_polymeric_sponges_for_emerging_pollutants_removal,0,0,0,0.0
*CC(C)(C(=O)OCCO)*,C[C@@H]\1C/C(=C/C[C@@H]2C[C@@H](C[C@@]3(O2)C/C(=N\OC)/[C@@H]([C@H](O3)/C(=C/C(C)C)/C)C)OC(=O)[C@@H]4C=C([C@H]([C@@H]5[C@]4(/C(=C/C=C1)/CO5)O)O)C)/C,6.5,25.0,5.6,https://www.researchgate.net/publication/363374372_Single_and_Dual_polymeric_sponges_for_emerging_pollutants_removal,0,0,0,0.0
*CC(C)(C(=O)OCCO)*,CN1C(=C(C2=CC=CC=C2S1(=O)=O)O)C(=O)NC3=CC=CC=N3,6.5,25.0,0.0,https://www.researchgate.net/publication/363374372_Single_and_Dual_polymeric_sponges_for_emerging_pollutants_removal,0,0,0,1.0
*CC(C)(C(=O)OCCO)*,CC1=CC(=C(C=C1C2(C3=CC=CC=C3S(=O)(=O)O2)C4=CC(=C(C=C4C)O)C(C)C)C(C)C)O,6.5,25.0,14.73,https://www.researchgate.net/publication/363374372_Single_and_Dual_polymeric_sponges_for_emerging_pollutants_removal,0,0,0,-2.0
*OC1C(O)C(O)C(*)OC1COC(=O)CC(O)(C(=O)O)CC(=O)NCCN,[Cd+2],5.0,100.0,43.5,https://www.sciencedirect.com/science/article/pii/S0141813022004779,0,0,0,2.0
*OC1C(O)C(O)C(*)OC1COC(=O)CC(O)(C(=O)O)CC(=O)NCCN,[Pb+2],5.0,100.0,65.7,https://www.sciencedirect.com/science/article/pii/S0141813022004779,0,0,0,2.0
*CC(=C)C(=O)O*,C1=CC=C(C(=C1)CC(=O)O)NC2=C(C=CC=C2Cl)Cl,6.0,2.0,0.0717,https://link.springer.com/article/10.1007/s11356-022-19130-0,-1,0,0,-1.0
*CC(=C)C(=O)O*,,6.0,2.0,0.07,https://link.springer.com/article/10.1007/s11356-022-19130-0,-1,0,0,
*CC(=C)C(=O)O*,C[C@@H](C1=CC2=C(C=C1)C=C(C=C2)OC)C(=O)O,6.0,2.0,0.0719,https://link.springer.com/article/10.1007/s11356-022-19130-0,-1,0,0,-1.0
*CC(C(=O)NC(C)C)*,[Ag],6.6,100.0,13.6,https://www.sciencedirect.com/science/article/pii/S2213343718305608,0,0,0,0.0
*NCCCCNC(=O)CCCC(=O)*,CC1([C@@H](N2[C@H](S1)[C@@H](C2=O)NC(=O)[C@@H](C3=CC=C(C=C3)O)N)C(=O)O)C.O.O.O,8.2,6.18e-05,0.000106766,https://link.springer.com/article/10.1007/s11270-023-06281-0,0,-1,0,-2.0
*NCCCCNC(=O)CCCC(=O)*,CC1([C@@H](N2[C@H](S1)[C@@H](C2=O)NC(=O)[C@@H](C3=CC=C(C=C3)O)N)C(=O)O)C.O.O.O,8.2,0.0001,0.00018,interpolated,0,-1,0,-2.0
*NCCCCNC(=O)CCCC(=O)*,CC1([C@@H](N2[C@H](S1)[C@@H](C2=O)NC(=O)[C@@H](C3=CC=C(C=C3)O)N)C(=O)O)C.O.O.O,8.2,0.00013,0.00025,interpolated,0,-1,0,-2.0
*NCCCCNC(=O)CCCC(=O)*,CC1([C@@H](N2[C@H](S1)[C@@H](C2=O)NC(=O)[C@@H](C3=CC=C(C=C3)O)N)C(=O)O)C.O.O.O,8.2,0.0001713,0.00031752,https://link.springer.com/article/10.1007/s11270-023-06281-0,0,-1,0,-2.0
*NCCCCNC(=O)CCCC(=O)*,CC1([C@@H](N2[C@H](S1)[C@@H](C2=O)NC(=O)[C@@H](C3=CC=C(C=C3)O)N)C(=O)O)C.O.O.O,8.2,0.00024,0.00055,interpolated,0,-1,0,-2.0
*NCCCCNC(=O)CCCC(=O)*,CC1([C@@H](N2[C@H](S1)[C@@H](C2=O)NC(=O)[C@@H](C3=CC=C(C=C3)O)N)C(=O)O)C.O.O.O,8.2,0.00032,0.00078,interpolated,0,-1,0,-2.0
*NCCCCNC(=O)CCCC(=O)*,CC1([C@@H](N2[C@H](S1)[C@@H](C2=O)NC(=O)[C@@H](C3=CC=C(C=C3)O)N)C(=O)O)C.O.O.O,8.2,0.0003904,0.0010122667,https://link.springer.com/article/10.1007/s11270-023-06281-0,0,-1,0,-2.0
*NCCCCNC(=O)CCCC(=O)*,CC1([C@@H](N2[C@H](S1)[C@@H](C2=O)NC(=O)[C@@H](C3=CC=C(C=C3)O)N)C(=O)O)C.O.O.O,8.2,0.00042,0.00121,interpolated,0,-1,0,-2.0
*NCCCCNC(=O)CCCC(=O)*,CC1([C@@H](N2[C@H](S1)[C@@H](C2=O)NC(=O)[C@@H](C3=CC=C(C=C3)O)N)C(=O)O)C.O.O.O,8.2,0.00044,0.00142,interpolated,0,-1,0,-2.0
*NCCCCNC(=O)CCCC(=O)*,CC1([C@@H](N2[C@H](S1)[C@@H](C2=O)NC(=O)[C@@H](C3=CC=C(C=C3)O)N)C(=O)O)C.O.O.O,8.2,0.0004691,0.0016180333,https://link.springer.com/article/10.1007/s11270-023-06281-0,0,-1,0,-2.0
*NCCCCNC(=O)CCCC(=O)*,CC1([C@@H](N2[C@H](S1)[C@@H](C2=O)NC(=O)[C@@H](C3=CC=C(C=C3)O)N)C(=O)O)C.O.O.O,8.2,0.00215,0.00691,interpolated,0,-1,0,-2.0
*NCCCCNC(=O)CCCC(=O)*,CC1([C@@H](N2[C@H](S1)[C@@H](C2=O)NC(=O)[C@@H](C3=CC=C(C=C3)O)N)C(=O)O)C.O.O.O,8.2,0.00384,0.0122,interpolated,0,-1,0,-2.0
*NCCCCNC(=O)CCCC(=O)*,CC1([C@@H](N2[C@H](S1)[C@@H](C2=O)NC(=O)[C@@H](C3=CC=C(C=C3)O)N)C(=O)O)C.O.O.O,7.0,0.005519,0.0174953333,https://link.springer.com/article/10.1007/s11270-023-06281-0,1,1,0,0.0
*NCCCCNC(=O)CCCC(=O)*,CC1([C@@H](N2[C@H](S1)[C@@H](C2=O)NC(=O)[C@@H](C3=CC=C(C=C3)O)N)C(=O)O)C.O.O.O,8.2,0.006,0.0195,interpolated,0,-1,0,-2.0
*NCCCCNC(=O)CCCC(=O)*,CC1([C@@H](N2[C@H](S1)[C@@H](C2=O)NC(=O)[C@@H](C3=CC=C(C=C3)O)N)C(=O)O)C.O.O.O,8.2,0.00648,0.02151,interpolated,0,-1,0,-2.0
*NCCCCNC(=O)CCCC(=O)*,CC1([C@@H](N2[C@H](S1)[C@@H](C2=O)NC(=O)[C@@H](C3=CC=C(C=C3)O)N)C(=O)O)C.O.O.O,7.0,0.006967,0.0235116667,https://link.springer.com/article/10.1007/s11270-023-06281-0,1,1,0,0.0
*NCCCCNC(=O)CCCC(=O)*,CC1([C@@H](N2[C@H](S1)[C@@H](C2=O)NC(=O)[C@@H](C3=CC=C(C=C3)O)N)C(=O)O)C.O.O.O,8.2,0.00946,0.04207,interpolated,0,-1,0,-2.0
*NCCCCNC(=O)CCCC(=O)*,CC1([C@@H](N2[C@H](S1)[C@@H](C2=O)NC(=O)[C@@H](C3=CC=C(C=C3)O)N)C(=O)O)C.O.O.O,8.2,0.01196,0.06062,interpolated,0,-1,0,-2.0
*NCCCCNC(=O)CCCC(=O)*,CC1([C@@H](N2[C@H](S1)[C@@H](C2=O)NC(=O)[C@@H](C3=CC=C(C=C3)O)N)C(=O)O)C.O.O.O,7.0,0.01446,0.07918,https://link.springer.com/article/10.1007/s11270-023-06281-0,1,1,0,0.0
*NCCCCNC(=O)CCCC(=O)*,CC1([C@@H](N2[C@H](S1)[C@@H](C2=O)NC(=O)[C@@H](C3=CC=C(C=C3)O)N)C(=O)O)C.O.O.O,8.2,0.01786,0.16521,interpolated,0,-1,0,-2.0
*NCCCCNC(=O)CCCC(=O)*,CC1([C@@H](N2[C@H](S1)[C@@H](C2=O)NC(=O)[C@@H](C3=CC=C(C=C3)O)N)C(=O)O)C.O.O.O,8.2,0.02125,0.25125,interpolated,0,-1,0,-2.0
*NCCCCNC(=O)CCCC(=O)*,CC1([C@@H](N2[C@H](S1)[C@@H](C2=O)NC(=O)[C@@H](C3=CC=C(C=C3)O)N)C(=O)O)C.O.O.O,7.0,0.02465,0.3372833333,https://link.springer.com/article/10.1007/s11270-023-06281-0,1,1,0,0.0
*NCCCCNC(=O)CCCC(=O)*,CC1([C@@H](N2[C@H](S1)[C@@H](C2=O)NC(=O)[C@@H](C3=CC=C(C=C3)O)N)C(=O)O)C.O.O.O,8.2,0.02593,0.43746,interpolated,0,-1,0,-2.0
*NCCCCNC(=O)CCCC(=O)*,CC1([C@@H](N2[C@H](S1)[C@@H](C2=O)NC(=O)[C@@H](C3=CC=C(C=C3)O)N)C(=O)O)C.O.O.O,8.2,0.02722,0.53763,interpolated,0,-1,0,-2.0
*NCCCCNC(=O)CCCC(=O)*,CC1([C@@H](N2[C@H](S1)[C@@H](C2=O)NC(=O)[C@@H](C3=CC=C(C=C3)O)N)C(=O)O)C.O.O.O,7.0,0.0285,0.6378,https://link.springer.com/article/10.1007/s11270-023-06281-0,1,1,0,0.0
*NCCCCNC(=O)CCCC(=O)*,CC[C@@H]1[C@@]([C@@H]([C@H](N(C[C@@H](C[C@@]([C@@H]([C@H]([C@@H]([C@H](C(=O)O1)C)O[C@H]2C[C@@]([C@H]([C@@H](O2)C)O)(C)OC)C)O[C@H]3[C@@H]([C@H](C[C@H](O3)C)N(C)C)O)(C)O)C)C)C)O)(C)O.O.O,8.2,0.0002051,0.0004171633,https://link.springer.com/article/10.1007/s11270-023-06281-0,0,-1,0,2.0
*NCCCCNC(=O)CCCC(=O)*,CC[C@@H]1[C@@]([C@@H]([C@H](N(C[C@@H](C[C@@]([C@@H]([C@H]([C@@H]([C@H](C(=O)O1)C)O[C@H]2C[C@@]([C@H]([C@@H](O2)C)O)(C)OC)C)O[C@H]3[C@@H]([C@H](C[C@H](O3)C)N(C)C)O)(C)O)C)C)C)O)(C)O.O.O,8.2,0.00022,0.00052,interpolated,0,-1,0,2.0
*NCCCCNC(=O)CCCC(=O)*,CC[C@@H]1[C@@]([C@@H]([C@H](N(C[C@@H](C[C@@]([C@@H]([C@H]([C@@H]([C@H](C(=O)O1)C)O[C@H]2C[C@@]([C@H]([C@@H](O2)C)O)(C)OC)C)O[C@H]3[C@@H]([C@H](C[C@H](O3)C)N(C)C)O)(C)O)C)C)C)O)(C)O.O.O,8.2,0.00024,0.00061,interpolated,0,-1,0,2.0
*NCCCCNC(=O)CCCC(=O)*,CC[C@@H]1[C@@]([C@@H]([C@H](N(C[C@@H](C[C@@]([C@@H]([C@H]([C@@H]([C@H](C(=O)O1)C)O[C@H]2C[C@@]([C@H]([C@@H](O2)C)O)(C)OC)C)O[C@H]3[C@@H]([C@H](C[C@H](O3)C)N(C)C)O)(C)O)C)C)C)O)(C)O.O.O,8.2,0.000264,0.0007131,https://link.springer.com/article/10.1007/s11270-023-06281-0,0,-1,0,2.0
*NCCCCNC(=O)CCCC(=O)*,CC[C@@H]1[C@@]([C@@H]([C@H](N(C[C@@H](C[C@@]([C@@H]([C@H]([C@@H]([C@H](C(=O)O1)C)O[C@H]2C[C@@]([C@H]([C@@H](O2)C)O)(C)OC)C)O[C@H]3[C@@H]([C@H](C[C@H](O3)C)N(C)C)O)(C)O)C)C)C)O)(C)O.O.O,8.2,0.00028,0.00079,interpolated,0,-1,0,2.0
