POLYMER_USED,DRUG,WATER_PH,CONCENTRATION,CAPACITY,SOURCE,homo_eV_H,lumo_eV_H
*CC(C)(C(=O)OCCOC(=O)C(CCN)N)*,Clc1cc(Cl)ccc1OCC(=O)O,6.5,25.0,50.81,https://www.researchgate.net/publication/363374372_Single_and_Dual_polymeric_sponges_for_emerging_pollutants_removal,-9.96534257108137,-6.972474925904108
*CC(C)(C(=O)OCCOC(=O)C(CCN)N)*,CC1([C@@H](N2[C@H](S1)[C@@H](C2=O)NC(=O)[C@@H](C3=CC=CC=C3)N)C(=O)O)C,6.5,25.0,13.44,https://www.researchgate.net/publication/363374372_Single_and_Dual_polymeric_sponges_for_emerging_pollutants_removal,-10.0159781742414,-6.929248676045028
*CC(C)(C(=O)OCCOC(=O)C(CCN)N)*,C[C@@H]1[C@H]2[C@@H]([C@H]3[C@@H](C(=O)C(=C([C@]3(C(=O)C2=C(C4=C1C=CC=C4O)O)O)O)C(=O)N)N(C)C)O,6.5,25.0,6.75,https://www.researchgate.net/publication/363374372_Single_and_Dual_polymeric_sponges_for_emerging_pollutants_removal,-9.724171301101764,-7.012940576820802
*CC(C)(C(=O)OCCOC(=O)C(CCN)N)*,C1=CC(=C(C=C1F)F)C(CN2C=NC=N2)(CN3C=NC=N3)O,6.5,25.0,0.0,https://www.researchgate.net/publication/363374372_Single_and_Dual_polymeric_sponges_for_emerging_pollutants_removal,-10.041995716523235,-6.888792944650209
*CC(C)(C(=O)OCCOC(=O)C(CCN)N)*,CCN1C=C(C(=O)C2=CC(=C(C(=C21)F)N3CCNC(C3)C)F)C(=O)O,6.5,25.0,0.0,https://www.researchgate.net/publication/363374372_Single_and_Dual_polymeric_sponges_for_emerging_pollutants_removal,-9.806951970050264,-6.989380543337731
*CC(C)(C(=O)OCCOC(=O)C(CCN)N)*,CN(C)C1=CC2=C(C=C1)N=C3C=CC(=O)C=C3S2,6.5,25.0,0.0,https://www.researchgate.net/publication/363374372_Single_and_Dual_polymeric_sponges_for_emerging_pollutants_removal,-9.993830462966606,-6.787880314376691
*CC(C)(C(=O)OCCOC(=O)C(CCN)N)*,C[C@@H]\1C/C(=C/C[C@@H]2C[C@@H](C[C@@]3(O2)C/C(=N\OC)/[C@@H]([C@H](O3)/C(=C/C(C)C)/C)C)OC(=O)[C@@H]4C=C([C@H]([C@@H]5[C@]4(/C(=C/C=C1)/CO5)O)O)C)/C,6.5,25.0,13.17,https://www.researchgate.net/publication/363374372_Single_and_Dual_polymeric_sponges_for_emerging_pollutants_removal,-10.01069953490931,-6.788897363395834
*CC(C)(C(=O)OCCOC(=O)C(CCN)N)*,CN1C(=C(C2=CC=CC=C2S1(=O)=O)O)C(=O)NC3=CC=CC=N3,6.5,25.0,13.78,https://www.researchgate.net/publication/363374372_Single_and_Dual_polymeric_sponges_for_emerging_pollutants_removal,-9.806962614217413,-6.989378285760392
*CC(C)(C(=O)OCCOC(=O)C(CCN)N)*,CC1=CC(=C(C=C1C2(C3=CC=CC=C3S(=O)(=O)O2)C4=CC(=C(C=C4C)O)C(C)C)C(C)C)O,6.5,25.0,22.63,https://www.researchgate.net/publication/363374372_Single_and_Dual_polymeric_sponges_for_emerging_pollutants_removal,-9.71580447239993,-7.02065231799566
*CC(C)(C(=O)O)*,Clc1cc(Cl)ccc1OCC(=O)O,6.5,25.0,0.0,https://www.researchgate.net/publication/363374372_Single_and_Dual_polymeric_sponges_for_emerging_pollutants_removal,-11.375084290067488,-6.632754924397612
*CC(C)(C(=O)O)*,CC1([C@@H](N2[C@H](S1)[C@@H](C2=O)NC(=O)[C@@H](C3=CC=CC=C3)N)C(=O)O)C,6.5,25.0,0.0,https://www.researchgate.net/publication/363374372_Single_and_Dual_polymeric_sponges_for_emerging_pollutants_removal,-11.375077490025756,-6.6327549823446965
*CC(C)(C(=O)O)*,C[C@@H]1[C@H]2[C@@H]([C@H]3[C@@H](C(=O)C(=C([C@]3(C(=O)C2=C(C4=C1C=CC=C4O)O)O)O)C(=O)N)N(C)C)O,6.5,25.0,7.91,https://www.researchgate.net/publication/363374372_Single_and_Dual_polymeric_sponges_for_emerging_pollutants_removal,-11.375068373185458,-6.632756615079459
*CC(C)(C(=O)O)*,C1=CC(=C(C=C1F)F)C(CN2C=NC=N2)(CN3C=NC=N3)O,6.5,25.0,0.0,https://www.researchgate.net/publication/363374372_Single_and_Dual_polymeric_sponges_for_emerging_pollutants_removal,-11.40025964432876,-6.600158488239509
*CC(C)(C(=O)O)*,CCN1C=C(C(=O)C2=CC(=C(C(=C21)F)N3CCNC(C3)C)F)C(=O)O,6.5,25.0,23.67,https://www.researchgate.net/publication/363374372_Single_and_Dual_polymeric_sponges_for_emerging_pollutants_removal,-11.375068587245899,-6.632760644096963
*CC(C)(C(=O)O)*,CN(C)C1=CC2=C(C=C1)N=C3C=CC(=O)C=C3S2,6.5,25.0,24.44,https://www.researchgate.net/publication/363374372_Single_and_Dual_polymeric_sponges_for_emerging_pollutants_removal,-11.40025374670489,-6.600161676502896
*CC(C)(C(=O)O)*,C[C@@H]\1C/C(=C/C[C@@H]2C[C@@H](C[C@@]3(O2)C/C(=N\OC)/[C@@H]([C@H](O3)/C(=C/C(C)C)/C)C)OC(=O)[C@@H]4C=C([C@H]([C@@H]5[C@]4(/C(=C/C=C1)/CO5)O)O)C)/C,6.5,25.0,22.69,https://www.researchgate.net/publication/363374372_Single_and_Dual_polymeric_sponges_for_emerging_pollutants_removal,-11.375068030333797,-6.632756823049465
*CC(C)(C(=O)O)*,CN1C(=C(C2=CC=CC=C2S1(=O)=O)O)C(=O)NC3=CC=CC=N3,6.5,25.0,0.0,https://www.researchgate.net/publication/363374372_Single_and_Dual_polymeric_sponges_for_emerging_pollutants_removal,-11.400264575100785,-6.600166089717881
*CC(C)(C(=O)O)*,CC1=CC(=C(C=C1C2(C3=CC=CC=C3S(=O)(=O)O2)C4=CC(=C(C=C4C)O)C(C)C)C(C)C)O,6.5,25.0,0.0,https://www.researchgate.net/publication/363374372_Single_and_Dual_polymeric_sponges_for_emerging_pollutants_removal,-11.37507120594096,-6.632755630663008
*CC(C1=CC=C(C=C1)CN(C)C[C@@H]([C@H]([C@@H]([C@@H](CO)O)O)O)O)*,Clc1cc(Cl)ccc1OCC(=O)O,6.5,25.0,24.38,https://www.researchgate.net/publication/363374372_Single_and_Dual_polymeric_sponges_for_emerging_pollutants_removal,-10.26302483401515,-6.223396299399481
*CC(C1=CC=C(C=C1)CN(C)C[C@@H]([C@H]([C@@H]([C@@H](CO)O)O)O)O)*,Clc1cc(Cl)ccc1OCC(=O)O,6.5,25.0,22.19,https://www.researchgate.net/publication/363374372_Single_and_Dual_polymeric_sponges_for_emerging_pollutants_removal,-9.34592996635057,-5.8615995268407275
*CC(C1=CC=C(C=C1)CN(C)C[C@@H]([C@H]([C@@H]([C@@H](CO)O)O)O)O)*,Clc1cc(Cl)ccc1OCC(=O)O,6.5,33.33333,29.84,interpolated,-9.361366877264434,-6.018959025279099
*CC(C1=CC=C(C=C1)CN(C)C[C@@H]([C@H]([C@@H]([C@@H](CO)O)O)O)O)*,Clc1cc(Cl)ccc1OCC(=O)O,6.5,41.66667,37.49,interpolated,-9.469147589958073,-5.866270080301543
*CC(C1=CC=C(C=C1)CN(C)C[C@@H]([C@H]([C@@H]([C@@H](CO)O)O)O)O)*,Clc1cc(Cl)ccc1OCC(=O)O,6.5,50.0,45.14,https://www.researchgate.net/publication/363374372_Single_and_Dual_polymeric_sponges_for_emerging_pollutants_removal,-9.930926418495918,-6.011509285683634
*CC(C1=CC=C(C=C1)CN(C)C[C@@H]([C@H]([C@@H]([C@@H](CO)O)O)O)O)*,Clc1cc(Cl)ccc1OCC(=O)O,6.5,66.66667,60.51667,interpolated,-10.204026403808042,-6.17893785534996
*CC(C1=CC=C(C=C1)CN(C)C[C@@H]([C@H]([C@@H]([C@@H](CO)O)O)O)O)*,Clc1cc(Cl)ccc1OCC(=O)O,6.5,83.33333,75.89333,interpolated,-9.402616373400727,-5.991136747718853
*CC(C1=CC=C(C=C1)CN(C)C[C@@H]([C@H]([C@@H]([C@@H](CO)O)O)O)O)*,Clc1cc(Cl)ccc1OCC(=O)O,6.5,100.0,91.27,https://www.researchgate.net/publication/363374372_Single_and_Dual_polymeric_sponges_for_emerging_pollutants_removal,-9.128638086101533,-5.767376434265689
*CC(C1=CC=C(C=C1)CN(C)C[C@@H]([C@H]([C@@H]([C@@H](CO)O)O)O)O)*,CC1([C@@H](N2[C@H](S1)[C@@H](C2=O)NC(=O)[C@@H](C3=CC=CC=C3)N)C(=O)O)C,6.5,25.0,0.0,https://www.researchgate.net/publication/363374372_Single_and_Dual_polymeric_sponges_for_emerging_pollutants_removal,-9.340608454749558,-5.757196816664764
*CC(C1=CC=C(C=C1)CN(C)C[C@@H]([C@H]([C@@H]([C@@H](CO)O)O)O)O)*,C[C@@H]1[C@H]2[C@@H]([C@H]3[C@@H](C(=O)C(=C([C@]3(C(=O)C2=C(C4=C1C=CC=C4O)O)O)O)C(=O)N)N(C)C)O,6.5,25.0,0.0,https://www.researchgate.net/publication/363374372_Single_and_Dual_polymeric_sponges_for_emerging_pollutants_removal,-9.040313618689497,-5.733065330287402
*CC(C1=CC=C(C=C1)CN(C)C[C@@H]([C@H]([C@@H]([C@@H](CO)O)O)O)O)*,C1=CC(=C(C=C1F)F)C(CN2C=NC=N2)(CN3C=NC=N3)O,6.5,25.0,0.0,https://www.researchgate.net/publication/363374372_Single_and_Dual_polymeric_sponges_for_emerging_pollutants_removal,-9.943834619005973,-6.071120241018888
*CC(C1=CC=C(C=C1)CN(C)C[C@@H]([C@H]([C@@H]([C@@H](CO)O)O)O)O)*,CCN1C=C(C(=O)C2=CC(=C(C(=C21)F)N3CCNC(C3)C)F)C(=O)O,6.5,25.0,0.0,https://www.researchgate.net/publication/363374372_Single_and_Dual_polymeric_sponges_for_emerging_pollutants_removal,-9.1312741746677,-5.735227731828164
*CC(C1=CC=C(C=C1)CN(C)C[C@@H]([C@H]([C@@H]([C@@H](CO)O)O)O)O)*,CN(C)C1=CC2=C(C=C1)N=C3C=CC(=O)C=C3S2,6.5,25.0,0.0,https://www.researchgate.net/publication/363374372_Single_and_Dual_polymeric_sponges_for_emerging_pollutants_removal,-9.454412018482916,-6.0221084011620265
*CC(C1=CC=C(C=C1)CN(C)C[C@@H]([C@H]([C@@H]([C@@H](CO)O)O)O)O)*,C[C@@H]\1C/C(=C/C[C@@H]2C[C@@H](C[C@@]3(O2)C/C(=N\OC)/[C@@H]([C@H](O3)/C(=C/C(C)C)/C)C)OC(=O)[C@@H]4C=C([C@H]([C@@H]5[C@]4(/C(=C/C=C1)/CO5)O)O)C)/C,6.5,25.0,15.13,https://www.researchgate.net/publication/363374372_Single_and_Dual_polymeric_sponges_for_emerging_pollutants_removal,-9.502383437645255,-5.933969822012628
*CC(C1=CC=C(C=C1)CN(C)C[C@@H]([C@H]([C@@H]([C@@H](CO)O)O)O)O)*,C[C@@H]\1C/C(=C/C[C@@H]2C[C@@H](C[C@@]3(O2)C/C(=N\OC)/[C@@H]([C@H](O3)/C(=C/C(C)C)/C)C)OC(=O)[C@@H]4C=C([C@H]([C@@H]5[C@]4(/C(=C/C=C1)/CO5)O)O)C)/C,6.5,25.0,15.21,https://www.researchgate.net/publication/363374372_Single_and_Dual_polymeric_sponges_for_emerging_pollutants_removal,-9.525862085080565,-6.110152699100717
*CC(C1=CC=C(C=C1)CN(C)C[C@@H]([C@H]([C@@H]([C@@H](CO)O)O)O)O)*,C[C@@H]\1C/C(=C/C[C@@H]2C[C@@H](C[C@@]3(O2)C/C(=N\OC)/[C@@H]([C@H](O3)/C(=C/C(C)C)/C)C)OC(=O)[C@@H]4C=C([C@H]([C@@H]5[C@]4(/C(=C/C=C1)/CO5)O)O)C)/C,6.5,33.33333,20.28,interpolated,-9.325974020875927,-5.777365287048597
*CC(C1=CC=C(C=C1)CN(C)C[C@@H]([C@H]([C@@H]([C@@H](CO)O)O)O)O)*,C[C@@H]\1C/C(=C/C[C@@H]2C[C@@H](C[C@@]3(O2)C/C(=N\OC)/[C@@H]([C@H](O3)/C(=C/C(C)C)/C)C)OC(=O)[C@@H]4C=C([C@H]([C@@H]5[C@]4(/C(=C/C=C1)/CO5)O)O)C)/C,6.5,41.66667,25.35,interpolated,-8.98512429840039,-5.717445767465329
*CC(C1=CC=C(C=C1)CN(C)C[C@@H]([C@H]([C@@H]([C@@H](CO)O)O)O)O)*,C[C@@H]\1C/C(=C/C[C@@H]2C[C@@H](C[C@@]3(O2)C/C(=N\OC)/[C@@H]([C@H](O3)/C(=C/C(C)C)/C)C)OC(=O)[C@@H]4C=C([C@H]([C@@H]5[C@]4(/C(=C/C=C1)/CO5)O)O)C)/C,6.5,50.0,30.42,https://www.researchgate.net/publication/363374372_Single_and_Dual_polymeric_sponges_for_emerging_pollutants_removal,-9.33562573124805,-5.834393153584847
*CC(C1=CC=C(C=C1)CN(C)C[C@@H]([C@H]([C@@H]([C@@H](CO)O)O)O)O)*,C[C@@H]\1C/C(=C/C[C@@H]2C[C@@H](C[C@@]3(O2)C/C(=N\OC)/[C@@H]([C@H](O3)/C(=C/C(C)C)/C)C)OC(=O)[C@@H]4C=C([C@H]([C@@H]5[C@]4(/C(=C/C=C1)/CO5)O)O)C)/C,6.5,66.66667,40.62667,interpolated,-9.633833389991938,-6.043798223960155
*CC(C1=CC=C(C=C1)CN(C)C[C@@H]([C@H]([C@@H]([C@@H](CO)O)O)O)O)*,C[C@@H]\1C/C(=C/C[C@@H]2C[C@@H](C[C@@]3(O2)C/C(=N\OC)/[C@@H]([C@H](O3)/C(=C/C(C)C)/C)C)OC(=O)[C@@H]4C=C([C@H]([C@@H]5[C@]4(/C(=C/C=C1)/CO5)O)O)C)/C,6.5,83.33333,50.83333,interpolated,-9.348899189908801,-5.952630208350252
*CC(C1=CC=C(C=C1)CN(C)C[C@@H]([C@H]([C@@H]([C@@H](CO)O)O)O)O)*,C[C@@H]\1C/C(=C/C[C@@H]2C[C@@H](C[C@@]3(O2)C/C(=N\OC)/[C@@H]([C@H](O3)/C(=C/C(C)C)/C)C)OC(=O)[C@@H]4C=C([C@H]([C@@H]5[C@]4(/C(=C/C=C1)/CO5)O)O)C)/C,6.5,100.0,61.04,https://www.researchgate.net/publication/363374372_Single_and_Dual_polymeric_sponges_for_emerging_pollutants_removal,-9.06166648029104,-5.775434153413002
*CC(C1=CC=C(C=C1)CN(C)C[C@@H]([C@H]([C@@H]([C@@H](CO)O)O)O)O)*,CN1C(=C(C2=CC=CC=C2S1(=O)=O)O)C(=O)NC3=CC=CC=N3,6.5,25.0,22.87,https://www.researchgate.net/publication/363374372_Single_and_Dual_polymeric_sponges_for_emerging_pollutants_removal,-9.811354943723625,-6.091267355476834
*CC(C1=CC=C(C=C1)CN(C)C[C@@H]([C@H]([C@@H]([C@@H](CO)O)O)O)O)*,CN1C(=C(C2=CC=CC=C2S1(=O)=O)O)C(=O)NC3=CC=CC=N3,6.5,25.0,23.72,https://www.researchgate.net/publication/363374372_Single_and_Dual_polymeric_sponges_for_emerging_pollutants_removal,-10.03774655830158,-6.119174899128871
*CC(C1=CC=C(C=C1)CN(C)C[C@@H]([C@H]([C@@H]([C@@H](CO)O)O)O)O)*,CN1C(=C(C2=CC=CC=C2S1(=O)=O)O)C(=O)NC3=CC=CC=N3,6.5,33.33333,31.54333,interpolated,-10.00216312035047,-6.182318112905118
*CC(C1=CC=C(C=C1)CN(C)C[C@@H]([C@H]([C@@H]([C@@H](CO)O)O)O)O)*,CN1C(=C(C2=CC=CC=C2S1(=O)=O)O)C(=O)NC3=CC=CC=N3,6.5,41.66667,39.36667,interpolated,-10.2050764994539,-6.295133374366468
*CC(C1=CC=C(C=C1)CN(C)C[C@@H]([C@H]([C@@H]([C@@H](CO)O)O)O)O)*,CN1C(=C(C2=CC=CC=C2S1(=O)=O)O)C(=O)NC3=CC=CC=N3,6.5,50.0,47.19,https://www.researchgate.net/publication/363374372_Single_and_Dual_polymeric_sponges_for_emerging_pollutants_removal,-9.248523689241496,-5.767480437992307
*CC(C1=CC=C(C=C1)CN(C)C[C@@H]([C@H]([C@@H]([C@@H](CO)O)O)O)O)*,CN1C(=C(C2=CC=CC=C2S1(=O)=O)O)C(=O)NC3=CC=CC=N3,6.5,66.66667,62.67333,interpolated,-9.458603541311504,-5.909723312532884
*CC(C1=CC=C(C=C1)CN(C)C[C@@H]([C@H]([C@@H]([C@@H](CO)O)O)O)O)*,CN1C(=C(C2=CC=CC=C2S1(=O)=O)O)C(=O)NC3=CC=CC=N3,6.5,83.33333,78.15667,interpolated,-9.830013362718004,-6.051193114955881
*CC(C1=CC=C(C=C1)CN(C)C[C@@H]([C@H]([C@@H]([C@@H](CO)O)O)O)O)*,CN1C(=C(C2=CC=CC=C2S1(=O)=O)O)C(=O)NC3=CC=CC=N3,6.5,100.0,93.64,https://www.researchgate.net/publication/363374372_Single_and_Dual_polymeric_sponges_for_emerging_pollutants_removal,-9.443331061855421,-5.91728093797386
*CC(C1=CC=C(C=C1)CN(C)C[C@@H]([C@H]([C@@H]([C@@H](CO)O)O)O)O)*,CC1=CC(=C(C=C1C2(C3=CC=CC=C3S(=O)(=O)O2)C4=CC(=C(C=C4C)O)C(C)C)C(C)C)O,6.5,25.0,24.17,https://www.researchgate.net/publication/363374372_Single_and_Dual_polymeric_sponges_for_emerging_pollutants_removal,-9.794951375837647,-6.3573951626958
*CC(C1=CC=C(C=C1)CN(C)C[C@@H]([C@H]([C@@H]([C@@H](CO)O)O)O)O)*,CC1=CC(=C(C=C1C2(C3=CC=CC=C3S(=O)(=O)O2)C4=CC(=C(C=C4C)O)C(C)C)C(C)C)O,6.5,25.0,24.38,https://www.researchgate.net/publication/363374372_Single_and_Dual_polymeric_sponges_for_emerging_pollutants_removal,-9.987003044051175,-6.130339411688778
*CC(C1=CC=C(C=C1)CN(C)C[C@@H]([C@H]([C@@H]([C@@H](CO)O)O)O)O)*,CC1=CC(=C(C=C1C2(C3=CC=CC=C3S(=O)(=O)O2)C4=CC(=C(C=C4C)O)C(C)C)C(C)C)O,6.5,33.33333,31.92333,interpolated,-9.36398371584143,-6.002414336269262
*CC(C1=CC=C(C=C1)CN(C)C[C@@H]([C@H]([C@@H]([C@@H](CO)O)O)O)O)*,CC1=CC(=C(C=C1C2(C3=CC=CC=C3S(=O)(=O)O2)C4=CC(=C(C=C4C)O)C(C)C)C(C)C)O,6.5,41.66667,39.46667,interpolated,-9.306571214655001,-5.884611037991684
*CC(C1=CC=C(C=C1)CN(C)C[C@@H]([C@H]([C@@H]([C@@H](CO)O)O)O)O)*,CC1=CC(=C(C=C1C2(C3=CC=CC=C3S(=O)(=O)O2)C4=CC(=C(C=C4C)O)C(C)C)C(C)C)O,6.5,50.0,47.01,https://www.researchgate.net/publication/363374372_Single_and_Dual_polymeric_sponges_for_emerging_pollutants_removal,-9.381547720667125,-5.781852071305831
*CC(C1=CC=C(C=C1)CN(C)C[C@@H]([C@H]([C@@H]([C@@H](CO)O)O)O)O)*,CC1=CC(=C(C=C1C2(C3=CC=CC=C3S(=O)(=O)O2)C4=CC(=C(C=C4C)O)C(C)C)C(C)C)O,6.5,66.66667,62.68333,interpolated,-9.620025221693759,-6.09726205684778
*CC(C1=CC=C(C=C1)CN(C)C[C@@H]([C@H]([C@@H]([C@@H](CO)O)O)O)O)*,CC1=CC(=C(C=C1C2(C3=CC=CC=C3S(=O)(=O)O2)C4=CC(=C(C=C4C)O)C(C)C)C(C)C)O,6.5,83.33333,78.35667,interpolated,-10.053458463198524,-6.248257219509992
*CC(C1=CC=C(C=C1)CN(C)C[C@@H]([C@H]([C@@H]([C@@H](CO)O)O)O)O)*,CC1=CC(=C(C=C1C2(C3=CC=CC=C3S(=O)(=O)O2)C4=CC(=C(C=C4C)O)C(C)C)C(C)C)O,6.5,100.0,94.03,https://www.researchgate.net/publication/363374372_Single_and_Dual_polymeric_sponges_for_emerging_pollutants_removal,-9.123985505682912,-5.798799835123042
*CC(C)(C(=O)OCCO)*,Clc1cc(Cl)ccc1OCC(=O)O,6.5,25.0,3.46,https://www.researchgate.net/publication/363374372_Single_and_Dual_polymeric_sponges_for_emerging_pollutants_removal,-11.227736962357323,-6.5710474168720365
*CC(C)(C(=O)OCCO)*,CC1([C@@H](N2[C@H](S1)[C@@H](C2=O)NC(=O)[C@@H](C3=CC=CC=C3)N)C(=O)O)C,6.5,25.0,4.2,https://www.researchgate.net/publication/363374372_Single_and_Dual_polymeric_sponges_for_emerging_pollutants_removal,-11.234473386301834,-6.585010900245724
*CC(C)(C(=O)OCCO)*,C[C@@H]1[C@H]2[C@@H]([C@H]3[C@@H](C(=O)C(=C([C@]3(C(=O)C2=C(C4=C1C=CC=C4O)O)O)O)C(=O)N)N(C)C)O,6.5,25.0,13.26,https://www.researchgate.net/publication/363374372_Single_and_Dual_polymeric_sponges_for_emerging_pollutants_removal,-11.287523423562872,-6.670282740912184
*CC(C)(C(=O)OCCO)*,C1=CC(=C(C=C1F)F)C(CN2C=NC=N2)(CN3C=NC=N3)O,6.5,25.0,0.0,https://www.researchgate.net/publication/363374372_Single_and_Dual_polymeric_sponges_for_emerging_pollutants_removal,-11.178973378290305,-6.560152863633858
*CC(C)(C(=O)OCCO)*,CCN1C=C(C(=O)C2=CC(=C(C(=C21)F)N3CCNC(C3)C)F)C(=O)O,6.5,25.0,0.0,https://www.researchgate.net/publication/363374372_Single_and_Dual_polymeric_sponges_for_emerging_pollutants_removal,-11.100599777478624,-6.483718291446422
*CC(C)(C(=O)OCCO)*,CN(C)C1=CC2=C(C=C1)N=C3C=CC(=O)C=C3S2,6.5,25.0,24.46,https://www.researchgate.net/publication/363374372_Single_and_Dual_polymeric_sponges_for_emerging_pollutants_removal,-11.22591652958324,-6.568347420834135
*CC(C)(C(=O)OCCO)*,C[C@@H]\1C/C(=C/C[C@@H]2C[C@@H](C[C@@]3(O2)C/C(=N\OC)/[C@@H]([C@H](O3)/C(=C/C(C)C)/C)C)OC(=O)[C@@H]4C=C([C@H]([C@@H]5[C@]4(/C(=C/C=C1)/CO5)O)O)C)/C,6.5,25.0,5.6,https://www.researchgate.net/publication/363374372_Single_and_Dual_polymeric_sponges_for_emerging_pollutants_removal,-11.212797736033245,-6.611543425398921
*CC(C)(C(=O)OCCO)*,CN1C(=C(C2=CC=CC=C2S1(=O)=O)O)C(=O)NC3=CC=CC=N3,6.5,25.0,0.0,https://www.researchgate.net/publication/363374372_Single_and_Dual_polymeric_sponges_for_emerging_pollutants_removal,-11.201290519955519,-6.527517179859626
*CC(C)(C(=O)OCCO)*,CC1=CC(=C(C=C1C2(C3=CC=CC=C3S(=O)(=O)O2)C4=CC(=C(C=C4C)O)C(C)C)C(C)C)O,6.5,25.0,14.73,https://www.researchgate.net/publication/363374372_Single_and_Dual_polymeric_sponges_for_emerging_pollutants_removal,-11.105644303587239,-6.422951893735556
*OC1C(O)C(O)C(*)OC1COC(=O)CC(O)(C(=O)O)CC(=O)NCCN,[Cd+2],5.0,100.0,43.5,https://www.sciencedirect.com/science/article/pii/S0141813022004779,-10.147564920999223,-6.967879017421149
*OC1C(O)C(O)C(*)OC1COC(=O)CC(O)(C(=O)O)CC(=O)NCCN,[Pb+2],5.0,100.0,65.7,https://www.sciencedirect.com/science/article/pii/S0141813022004779,-10.052500858114694,-7.030003214463959
*CC(=C)C(=O)O*,C1=CC=C(C(=C1)CC(=O)O)NC2=C(C=CC=C2Cl)Cl,6.0,2.0,0.0717,https://link.springer.com/article/10.1007/s11356-022-19130-0,-11.428531050716586,-7.586240196698801
*CC(=C)C(=O)O*,,6.0,2.0,0.07,https://link.springer.com/article/10.1007/s11356-022-19130-0,-11.420225977890084,-7.625734686665484
*CC(=C)C(=O)O*,C[C@@H](C1=CC2=C(C=C1)C=C(C=C2)OC)C(=O)O,6.0,2.0,0.0719,https://link.springer.com/article/10.1007/s11356-022-19130-0,-11.420223846287836,-7.6257303451171765
*CC(C(=O)NC(C)C)*,[Ag],6.6,100.0,13.6,https://www.sciencedirect.com/science/article/pii/S2213343718305608,-10.476566482698516,-5.616289122198858
*NCCCCNC(=O)CCCC(=O)*,CC1([C@@H](N2[C@H](S1)[C@@H](C2=O)NC(=O)[C@@H](C3=CC=C(C=C3)O)N)C(=O)O)C.O.O.O,8.2,6.18e-05,0.000106766,https://link.springer.com/article/10.1007/s11270-023-06281-0,-7.490945324730492,-5.673244661169176
*NCCCCNC(=O)CCCC(=O)*,CC1([C@@H](N2[C@H](S1)[C@@H](C2=O)NC(=O)[C@@H](C3=CC=C(C=C3)O)N)C(=O)O)C.O.O.O,8.2,0.0001,0.00018,interpolated,-7.416097316704323,-5.588831710525157
*NCCCCNC(=O)CCCC(=O)*,CC1([C@@H](N2[C@H](S1)[C@@H](C2=O)NC(=O)[C@@H](C3=CC=C(C=C3)O)N)C(=O)O)C.O.O.O,8.2,0.00013,0.00025,interpolated,-10.142054534259046,-7.395324156114808
*NCCCCNC(=O)CCCC(=O)*,CC1([C@@H](N2[C@H](S1)[C@@H](C2=O)NC(=O)[C@@H](C3=CC=C(C=C3)O)N)C(=O)O)C.O.O.O,8.2,0.0001713,0.00031752,https://link.springer.com/article/10.1007/s11270-023-06281-0,-7.494594823528154,-5.78965512669051
*NCCCCNC(=O)CCCC(=O)*,CC1([C@@H](N2[C@H](S1)[C@@H](C2=O)NC(=O)[C@@H](C3=CC=C(C=C3)O)N)C(=O)O)C.O.O.O,8.2,0.00024,0.00055,interpolated,-10.049220226277212,-7.439302305344386
*NCCCCNC(=O)CCCC(=O)*,CC1([C@@H](N2[C@H](S1)[C@@H](C2=O)NC(=O)[C@@H](C3=CC=C(C=C3)O)N)C(=O)O)C.O.O.O,8.2,0.00032,0.00078,interpolated,-9.991592716814251,-7.291385269519988
*NCCCCNC(=O)CCCC(=O)*,CC1([C@@H](N2[C@H](S1)[C@@H](C2=O)NC(=O)[C@@H](C3=CC=C(C=C3)O)N)C(=O)O)C.O.O.O,8.2,0.0003904,0.0010122667,https://link.springer.com/article/10.1007/s11270-023-06281-0,-7.438378816660681,-5.894166486026345
*NCCCCNC(=O)CCCC(=O)*,CC1([C@@H](N2[C@H](S1)[C@@H](C2=O)NC(=O)[C@@H](C3=CC=C(C=C3)O)N)C(=O)O)C.O.O.O,8.2,0.00042,0.00121,interpolated,-10.15616533448995,-7.2324167660419665
*NCCCCNC(=O)CCCC(=O)*,CC1([C@@H](N2[C@H](S1)[C@@H](C2=O)NC(=O)[C@@H](C3=CC=C(C=C3)O)N)C(=O)O)C.O.O.O,8.2,0.00044,0.00142,interpolated,-7.533708373032366,-5.86545952535462
*NCCCCNC(=O)CCCC(=O)*,CC1([C@@H](N2[C@H](S1)[C@@H](C2=O)NC(=O)[C@@H](C3=CC=C(C=C3)O)N)C(=O)O)C.O.O.O,8.2,0.0004691,0.0016180333,https://link.springer.com/article/10.1007/s11270-023-06281-0,-7.402305413351941,-5.551770878680005
*NCCCCNC(=O)CCCC(=O)*,CC1([C@@H](N2[C@H](S1)[C@@H](C2=O)NC(=O)[C@@H](C3=CC=C(C=C3)O)N)C(=O)O)C.O.O.O,8.2,0.00215,0.00691,interpolated,-10.336010622920163,-7.444687619951152
*NCCCCNC(=O)CCCC(=O)*,CC1([C@@H](N2[C@H](S1)[C@@H](C2=O)NC(=O)[C@@H](C3=CC=C(C=C3)O)N)C(=O)O)C.O.O.O,8.2,0.00384,0.0122,interpolated,-7.524065615938361,-5.846235058576257
*NCCCCNC(=O)CCCC(=O)*,CC1([C@@H](N2[C@H](S1)[C@@H](C2=O)NC(=O)[C@@H](C3=CC=C(C=C3)O)N)C(=O)O)C.O.O.O,7.0,0.005519,0.0174953333,https://link.springer.com/article/10.1007/s11270-023-06281-0,-10.170659673945167,-7.220498552569938
*NCCCCNC(=O)CCCC(=O)*,CC1([C@@H](N2[C@H](S1)[C@@H](C2=O)NC(=O)[C@@H](C3=CC=C(C=C3)O)N)C(=O)O)C.O.O.O,8.2,0.006,0.0195,interpolated,-10.132014588919516,-7.545262145304464
*NCCCCNC(=O)CCCC(=O)*,CC1([C@@H](N2[C@H](S1)[C@@H](C2=O)NC(=O)[C@@H](C3=CC=C(C=C3)O)N)C(=O)O)C.O.O.O,8.2,0.00648,0.02151,interpolated,-10.191491571274044,-7.268630959006683
*NCCCCNC(=O)CCCC(=O)*,CC1([C@@H](N2[C@H](S1)[C@@H](C2=O)NC(=O)[C@@H](C3=CC=C(C=C3)O)N)C(=O)O)C.O.O.O,7.0,0.006967,0.0235116667,https://link.springer.com/article/10.1007/s11270-023-06281-0,-7.533700665122993,-5.869276222974444
*NCCCCNC(=O)CCCC(=O)*,CC1([C@@H](N2[C@H](S1)[C@@H](C2=O)NC(=O)[C@@H](C3=CC=C(C=C3)O)N)C(=O)O)C.O.O.O,8.2,0.00946,0.04207,interpolated,-10.028297961438668,-7.1862044197844686
*NCCCCNC(=O)CCCC(=O)*,CC1([C@@H](N2[C@H](S1)[C@@H](C2=O)NC(=O)[C@@H](C3=CC=C(C=C3)O)N)C(=O)O)C.O.O.O,8.2,0.01196,0.06062,interpolated,-10.095624051286118,-7.47649591767182
*NCCCCNC(=O)CCCC(=O)*,CC1([C@@H](N2[C@H](S1)[C@@H](C2=O)NC(=O)[C@@H](C3=CC=C(C=C3)O)N)C(=O)O)C.O.O.O,7.0,0.01446,0.07918,https://link.springer.com/article/10.1007/s11270-023-06281-0,-7.498166929609672,-5.795710209923407
*NCCCCNC(=O)CCCC(=O)*,CC1([C@@H](N2[C@H](S1)[C@@H](C2=O)NC(=O)[C@@H](C3=CC=C(C=C3)O)N)C(=O)O)C.O.O.O,8.2,0.01786,0.16521,interpolated,-10.070902007983786,-7.124097172014622
*NCCCCNC(=O)CCCC(=O)*,CC1([C@@H](N2[C@H](S1)[C@@H](C2=O)NC(=O)[C@@H](C3=CC=C(C=C3)O)N)C(=O)O)C.O.O.O,8.2,0.02125,0.25125,interpolated,-7.531295527578625,-5.858042107429093
*NCCCCNC(=O)CCCC(=O)*,CC1([C@@H](N2[C@H](S1)[C@@H](C2=O)NC(=O)[C@@H](C3=CC=C(C=C3)O)N)C(=O)O)C.O.O.O,7.0,0.02465,0.3372833333,https://link.springer.com/article/10.1007/s11270-023-06281-0,-7.541030963551414,-5.892348705990364
*NCCCCNC(=O)CCCC(=O)*,CC1([C@@H](N2[C@H](S1)[C@@H](C2=O)NC(=O)[C@@H](C3=CC=C(C=C3)O)N)C(=O)O)C.O.O.O,8.2,0.02593,0.43746,interpolated,-7.368653514507312,-5.587887799888122
*NCCCCNC(=O)CCCC(=O)*,CC1([C@@H](N2[C@H](S1)[C@@H](C2=O)NC(=O)[C@@H](C3=CC=C(C=C3)O)N)C(=O)O)C.O.O.O,8.2,0.02722,0.53763,interpolated,-10.116403792349756,-7.450892702649358
*NCCCCNC(=O)CCCC(=O)*,CC1([C@@H](N2[C@H](S1)[C@@H](C2=O)NC(=O)[C@@H](C3=CC=C(C=C3)O)N)C(=O)O)C.O.O.O,7.0,0.0285,0.6378,https://link.springer.com/article/10.1007/s11270-023-06281-0,-10.156409953771677,-7.518058944505236
*NCCCCNC(=O)CCCC(=O)*,CC[C@@H]1[C@@]([C@@H]([C@H](N(C[C@@H](C[C@@]([C@@H]([C@H]([C@@H]([C@H](C(=O)O1)C)O[C@H]2C[C@@]([C@H]([C@@H](O2)C)O)(C)OC)C)O[C@H]3[C@@H]([C@H](C[C@H](O3)C)N(C)C)O)(C)O)C)C)C)O)(C)O.O.O,8.2,0.0002051,0.0004171633,https://link.springer.com/article/10.1007/s11270-023-06281-0,-10.003026998908851,-7.352477718152297
*NCCCCNC(=O)CCCC(=O)*,CC[C@@H]1[C@@]([C@@H]([C@H](N(C[C@@H](C[C@@]([C@@H]([C@H]([C@@H]([C@H](C(=O)O1)C)O[C@H]2C[C@@]([C@H]([C@@H](O2)C)O)(C)OC)C)O[C@H]3[C@@H]([C@H](C[C@H](O3)C)N(C)C)O)(C)O)C)C)C)O)(C)O.O.O,8.2,0.00022,0.00052,interpolated,-10.100695856964931,-7.4489417427943
*NCCCCNC(=O)CCCC(=O)*,CC[C@@H]1[C@@]([C@@H]([C@H](N(C[C@@H](C[C@@]([C@@H]([C@H]([C@@H]([C@H](C(=O)O1)C)O[C@H]2C[C@@]([C@H]([C@@H](O2)C)O)(C)OC)C)O[C@H]3[C@@H]([C@H](C[C@H](O3)C)N(C)C)O)(C)O)C)C)C)O)(C)O.O.O,8.2,0.00024,0.00061,interpolated,-10.18175165570601,-7.251800899560246
*NCCCCNC(=O)CCCC(=O)*,CC[C@@H]1[C@@]([C@@H]([C@H](N(C[C@@H](C[C@@]([C@@H]([C@H]([C@@H]([C@H](C(=O)O1)C)O[C@H]2C[C@@]([C@H]([C@@H](O2)C)O)(C)OC)C)O[C@H]3[C@@H]([C@H](C[C@H](O3)C)N(C)C)O)(C)O)C)C)C)O)(C)O.O.O,8.2,0.000264,0.0007131,https://link.springer.com/article/10.1007/s11270-023-06281-0,-10.147717507138905,-7.525341960551549
*NCCCCNC(=O)CCCC(=O)*,CC[C@@H]1[C@@]([C@@H]([C@H](N(C[C@@H](C[C@@]([C@@H]([C@H]([C@@H]([C@H](C(=O)O1)C)O[C@H]2C[C@@]([C@H]([C@@H](O2)C)O)(C)OC)C)O[C@H]3[C@@H]([C@H](C[C@H](O3)C)N(C)C)O)(C)O)C)C)C)O)(C)O.O.O,8.2,0.00028,0.00079,interpolated,-10.028199562814613,-7.383208430110686
*NCCCCNC(=O)CCCC(=O)*,CC[C@@H]1[C@@]([C@@H]([C@H](N(C[C@@H](C[C@@]([C@@H]([C@H]([C@@H]([C@H](C(=O)O1)C)O[C@H]2C[C@@]([C@H]([C@@H](O2)C)O)(C)OC)C)O[C@H]3[C@@H]([C@H](C[C@H](O3)C)N(C)C)O)(C)O)C)C)C)O)(C)O.O.O,8.2,0.0003,0.00086,interpolated,-10.215374157310272,-7.087061737455703
*NCCCCNC(=O)CCCC(=O)*,CC[C@@H]1[C@@]([C@@H]([C@H](N(C[C@@H](C[C@@]([C@@H]([C@H]([C@@H]([C@H](C(=O)O1)C)O[C@H]2C[C@@]([C@H]([C@@H](O2)C)O)(C)OC)C)O[C@H]3[C@@H]([C@H](C[C@H](O3)C)N(C)C)O)(C)O)C)C)C)O)(C)O.O.O,8.2,0.0003146,0.0009330333,https://link.springer.com/article/10.1007/s11270-023-06281-0,-10.002642287328657,-7.36452385325607
*NCCCCNC(=O)CCCC(=O)*,CC[C@@H]1[C@@]([C@@H]([C@H](N(C[C@@H](C[C@@]([C@@H]([C@H]([C@@H]([C@H](C(=O)O1)C)O[C@H]2C[C@@]([C@H]([C@@H](O2)C)O)(C)OC)C)O[C@H]3[C@@H]([C@H](C[C@H](O3)C)N(C)C)O)(C)O)C)C)C)O)(C)O.O.O,8.2,0.00032,0.00097,interpolated,-8.096734916701639,-5.427939927989869
*NCCCCNC(=O)CCCC(=O)*,CC[C@@H]1[C@@]([C@@H]([C@H](N(C[C@@H](C[C@@]([C@@H]([C@H]([C@@H]([C@H](C(=O)O1)C)O[C@H]2C[C@@]([C@H]([C@@H](O2)C)O)(C)OC)C)O[C@H]3[C@@H]([C@H](C[C@H](O3)C)N(C)C)O)(C)O)C)C)C)O)(C)O.O.O,8.2,0.00032,0.00101,interpolated,-10.042572106897167,-7.363669038346836
*NCCCCNC(=O)CCCC(=O)*,CC[C@@H]1[C@@]([C@@H]([C@H](N(C[C@@H](C[C@@]([C@@H]([C@H]([C@@H]([C@H](C(=O)O1)C)O[C@H]2C[C@@]([C@H]([C@@H](O2)C)O)(C)OC)C)O[C@H]3[C@@H]([C@H](C[C@H](O3)C)N(C)C)O)(C)O)C)C)C)O)(C)O.O.O,8.2,0.0003258,0.0010534,https://link.springer.com/article/10.1007/s11270-023-06281-0,-7.538504182455758,-5.868861577870179
*NCCCCNC(=O)CCCC(=O)*,CC[C@@H]1[C@@]([C@@H]([C@H](N(C[C@@H](C[C@@]([C@@H]([C@H]([C@@H]([C@H](C(=O)O1)C)O[C@H]2C[C@@]([C@H]([C@@H](O2)C)O)(C)OC)C)O[C@H]3[C@@H]([C@H](C[C@H](O3)C)N(C)C)O)(C)O)C)C)C)O)(C)O.O.O,8.2,0.00241,0.01701,interpolated,-7.524065587043365,-5.846229942066128
*NCCCCNC(=O)CCCC(=O)*,CC[C@@H]1[C@@]([C@@H]([C@H](N(C[C@@H](C[C@@]([C@@H]([C@H]([C@@H]([C@H](C(=O)O1)C)O[C@H]2C[C@@]([C@H]([C@@H](O2)C)O)(C)OC)C)O[C@H]3[C@@H]([C@H](C[C@H](O3)C)N(C)C)O)(C)O)C)C)C)O)(C)O.O.O,8.2,0.00449,0.03297,interpolated,-7.446184974129566,-5.84625621608739
*NCCCCNC(=O)CCCC(=O)*,CC[C@@H]1[C@@]([C@@H]([C@H](N(C[C@@H](C[C@@]([C@@H]([C@H]([C@@H]([C@H](C(=O)O1)C)O[C@H]2C[C@@]([C@H]([C@@H](O2)C)O)(C)OC)C)O[C@H]3[C@@H]([C@H](C[C@H](O3)C)N(C)C)O)(C)O)C)C)C)O)(C)O.O.O,7.0,0.006568,0.0489266667,https://link.springer.com/article/10.1007/s11270-023-06281-0,-7.513552000613476,-5.814095556837149
*NCCCCNC(=O)CCCC(=O)*,CC[C@@H]1[C@@]([C@@H]([C@H](N(C[C@@H](C[C@@]([C@@H]([C@H]([C@@H]([C@H](C(=O)O1)C)O[C@H]2C[C@@]([C@H]([C@@H](O2)C)O)(C)OC)C)O[C@H]3[C@@H]([C@H](C[C@H](O3)C)N(C)C)O)(C)O)C)C)C)O)(C)O.O.O,8.2,0.01055,0.10683,interpolated,-7.472163664969087,-5.728920562063979
*NCCCCNC(=O)CCCC(=O)*,CC[C@@H]1[C@@]([C@@H]([C@H](N(C[C@@H](C[C@@]([C@@H]([C@H]([C@@H]([C@H](C(=O)O1)C)O[C@H]2C[C@@]([C@H]([C@@H](O2)C)O)(C)OC)C)O[C@H]3[C@@H]([C@H](C[C@H](O3)C)N(C)C)O)(C)O)C)C)C)O)(C)O.O.O,8.2,0.01453,0.16474,interpolated,-10.052094057942579,-7.444085431659222
*NCCCCNC(=O)CCCC(=O)*,CC[C@@H]1[C@@]([C@@H]([C@H](N(C[C@@H](C[C@@]([C@@H]([C@H]([C@@H]([C@H](C(=O)O1)C)O[C@H]2C[C@@]([C@H]([C@@H](O2)C)O)(C)OC)C)O[C@H]3[C@@H]([C@H](C[C@H](O3)C)N(C)C)O)(C)O)C)C)C)O)(C)O.O.O,7.0,0.01851,0.22265,https://link.springer.com/article/10.1007/s11270-023-06281-0,-10.071211911379967,-7.378804715792946
*NCCCCNC(=O)CCCC(=O)*,CC[C@@H]1[C@@]([C@@H]([C@H](N(C[C@@H](C[C@@]([C@@H]([C@H]([C@@H]([C@H](C(=O)O1)C)O[C@H]2C[C@@]([C@H]([C@@H](O2)C)O)(C)OC)C)O[C@H]3[C@@H]([C@H](C[C@H](O3)C)N(C)C)O)(C)O)C)C)C)O)(C)O.O.O,8.2,0.01871,0.22748,interpolated,-10.06547271597861,-7.348551909869418
*NCCCCNC(=O)CCCC(=O)*,CC[C@@H]1[C@@]([C@@H]([C@H](N(C[C@@H](C[C@@]([C@@H]([C@H]([C@@H]([C@H](C(=O)O1)C)O[C@H]2C[C@@]([C@H]([C@@H](O2)C)O)(C)OC)C)O[C@H]3[C@@H]([C@H](C[C@H](O3)C)N(C)C)O)(C)O)C)C)C)O)(C)O.O.O,8.2,0.01891,0.23232,interpolated,-10.00981574139852,-7.294985129907486
*NCCCCNC(=O)CCCC(=O)*,CC[C@@H]1[C@@]([C@@H]([C@H](N(C[C@@H](C[C@@]([C@@H]([C@H]([C@@H]([C@H](C(=O)O1)C)O[C@H]2C[C@@]([C@H]([C@@H](O2)C)O)(C)OC)C)O[C@H]3[C@@H]([C@H](C[C@H](O3)C)N(C)C)O)(C)O)C)C)C)O)(C)O.O.O,7.0,0.01911,0.23715,https://link.springer.com/article/10.1007/s11270-023-06281-0,-7.225857911675631,-5.966649042690492
*NCCCCNC(=O)CCCC(=O)*,CC[C@@H]1[C@@]([C@@H]([C@H](N(C[C@@H](C[C@@]([C@@H]([C@H]([C@@H]([C@H](C(=O)O1)C)O[C@H]2C[C@@]([C@H]([C@@H](O2)C)O)(C)OC)C)O[C@H]3[C@@H]([C@H](C[C@H](O3)C)N(C)C)O)(C)O)C)C)C)O)(C)O.O.O,8.2,0.02169,0.38058,interpolated,-10.028201392015621,-7.383212326555053
*NCCCCNC(=O)CCCC(=O)*,CC[C@@H]1[C@@]([C@@H]([C@H](N(C[C@@H](C[C@@]([C@@H]([C@H]([C@@H]([C@H](C(=O)O1)C)O[C@H]2C[C@@]([C@H]([C@@H](O2)C)O)(C)OC)C)O[C@H]3[C@@H]([C@H](C[C@H](O3)C)N(C)C)O)(C)O)C)C)C)O)(C)O.O.O,8.2,0.02427,0.52402,interpolated,-10.080472087688117,-7.232860300581336
*NCCCCNC(=O)CCCC(=O)*,CC[C@@H]1[C@@]([C@@H]([C@H](N(C[C@@H](C[C@@]([C@@H]([C@H]([C@@H]([C@H](C(=O)O1)C)O[C@H]2C[C@@]([C@H]([C@@H](O2)C)O)(C)OC)C)O[C@H]3[C@@H]([C@H](C[C@H](O3)C)N(C)C)O)(C)O)C)C)C)O)(C)O.O.O,7.0,0.02685,0.66745,https://link.springer.com/article/10.1007/s11270-023-06281-0,-10.058230168715353,-7.428031146816726
*NCCCCNC(=O)CCCC(=O)*,CC[C@@H]1[C@@]([C@@H]([C@H](C(=O)[C@@H](C[C@@]([C@@H]([C@H]([C@@H]([C@H](C(=O)O1)C)O[C@H]2C[C@@]([C@H]([C@@H](O2)C)O)(C)OC)C)O[C@H]3[C@@H]([C@H](C[C@H](O3)C)N(C)C)O)(C)OC)C)C)O)(C)O,8.2,0.000118,0.0002117367,https://link.springer.com/article/10.1007/s11270-023-06281-0,-7.523002382584835,-5.827017822350524
*NCCCCNC(=O)CCCC(=O)*,CC[C@@H]1[C@@]([C@@H]([C@H](C(=O)[C@@H](C[C@@]([C@@H]([C@H]([C@@H]([C@H](C(=O)O1)C)O[C@H]2C[C@@]([C@H]([C@@H](O2)C)O)(C)OC)C)O[C@H]3[C@@H]([C@H](C[C@H](O3)C)N(C)C)O)(C)OC)C)C)O)(C)O,8.2,0.00012,0.00023,interpolated,-7.5031294801009585,-5.779511085569246
*NCCCCNC(=O)CCCC(=O)*,CC[C@@H]1[C@@]([C@@H]([C@H](C(=O)[C@@H](C[C@@]([C@@H]([C@H]([C@@H]([C@H](C(=O)O1)C)O[C@H]2C[C@@]([C@H]([C@@H](O2)C)O)(C)OC)C)O[C@H]3[C@@H]([C@H](C[C@H](O3)C)N(C)C)O)(C)OC)C)C)O)(C)O,8.2,0.00013,0.00024,interpolated,-10.158518798230588,-7.326236073291912
*NCCCCNC(=O)CCCC(=O)*,CC[C@@H]1[C@@]([C@@H]([C@H](C(=O)[C@@H](C[C@@]([C@@H]([C@H]([C@@H]([C@H](C(=O)O1)C)O[C@H]2C[C@@]([C@H]([C@@H](O2)C)O)(C)OC)C)O[C@H]3[C@@H]([C@H](C[C@H](O3)C)N(C)C)O)(C)OC)C)C)O)(C)O,8.2,0.0001376,0.0002519333,https://link.springer.com/article/10.1007/s11270-023-06281-0,-7.466974858189283,-6.011518928655435
*NCCCCNC(=O)CCCC(=O)*,CC[C@@H]1[C@@]([C@@H]([C@H](C(=O)[C@@H](C[C@@]([C@@H]([C@H]([C@@H]([C@H](C(=O)O1)C)O[C@H]2C[C@@]([C@H]([C@@H](O2)C)O)(C)OC)C)O[C@H]3[C@@H]([C@H](C[C@H](O3)C)N(C)C)O)(C)OC)C)C)O)(C)O,8.2,0.00014,0.00027,interpolated,-7.538194768122577,-5.900713152790446
*NCCCCNC(=O)CCCC(=O)*,CC[C@@H]1[C@@]([C@@H]([C@H](C(=O)[C@@H](C[C@@]([C@@H]([C@H]([C@@H]([C@H](C(=O)O1)C)O[C@H]2C[C@@]([C@H]([C@@H](O2)C)O)(C)OC)C)O[C@H]3[C@@H]([C@H](C[C@H](O3)C)N(C)C)O)(C)OC)C)C)O)(C)O,8.2,0.00015,0.00028,interpolated,-7.541879830390084,-5.892446824023919
*NCCCCNC(=O)CCCC(=O)*,CC[C@@H]1[C@@]([C@@H]([C@H](C(=O)[C@@H](C[C@@]([C@@H]([C@H]([C@@H]([C@H](C(=O)O1)C)O[C@H]2C[C@@]([C@H]([C@@H](O2)C)O)(C)OC)C)O[C@H]3[C@@H]([C@H](C[C@H](O3)C)N(C)C)O)(C)OC)C)C)O)(C)O,8.2,0.0001573,0.0002941867,https://link.springer.com/article/10.1007/s11270-023-06281-0,-7.394073230097788,-5.455318714282957
*NCCCCNC(=O)CCCC(=O)*,CC[C@@H]1[C@@]([C@@H]([C@H](C(=O)[C@@H](C[C@@]([C@@H]([C@H]([C@@H]([C@H](C(=O)O1)C)O[C@H]2C[C@@]([C@H]([C@@H](O2)C)O)(C)OC)C)O[C@H]3[C@@H]([C@H](C[C@H](O3)C)N(C)C)O)(C)OC)C)C)O)(C)O,8.2,0.00026,0.00053,interpolated,-10.109994906470865,-7.198645235148549
*NCCCCNC(=O)CCCC(=O)*,CC[C@@H]1[C@@]([C@@H]([C@H](C(=O)[C@@H](C[C@@]([C@@H]([C@H]([C@@H]([C@H](C(=O)O1)C)O[C@H]2C[C@@]([C@H]([C@@H](O2)C)O)(C)OC)C)O[C@H]3[C@@H]([C@H](C[C@H](O3)C)N(C)C)O)(C)OC)C)C)O)(C)O,8.2,0.00037,0.00076,interpolated,-7.528207363828691,-5.836564149328593
*NCCCCNC(=O)CCCC(=O)*,CC[C@@H]1[C@@]([C@@H]([C@H](C(=O)[C@@H](C[C@@]([C@@H]([C@H]([C@@H]([C@H](C(=O)O1)C)O[C@H]2C[C@@]([C@H]([C@@H](O2)C)O)(C)OC)C)O[C@H]3[C@@H]([C@H](C[C@H](O3)C)N(C)C)O)(C)OC)C)C)O)(C)O,8.2,0.0004803,0.0009964,https://link.springer.com/article/10.1007/s11270-023-06281-0,-10.135400557637135,-7.298107300288442
*NCCCCNC(=O)CCCC(=O)*,CC[C@@H]1[C@@]([C@@H]([C@H](C(=O)[C@@H](C[C@@]([C@@H]([C@H]([C@@H]([C@H](C(=O)O1)C)O[C@H]2C[C@@]([C@H]([C@@H](O2)C)O)(C)OC)C)O[C@H]3[C@@H]([C@H](C[C@H](O3)C)N(C)C)O)(C)OC)C)C)O)(C)O,8.2,0.00052,0.00112,interpolated,-10.073486865053741,-7.401418108144065
*NCCCCNC(=O)CCCC(=O)*,CC[C@@H]1[C@@]([C@@H]([C@H](C(=O)[C@@H](C[C@@]([C@@H]([C@H]([C@@H]([C@H](C(=O)O1)C)O[C@H]2C[C@@]([C@H]([C@@H](O2)C)O)(C)OC)C)O[C@H]3[C@@H]([C@H](C[C@H](O3)C)N(C)C)O)(C)OC)C)C)O)(C)O,8.2,0.00057,0.00125,interpolated,-10.204292537538736,-7.531527718521539
*NCCCCNC(=O)CCCC(=O)*,CC[C@@H]1[C@@]([C@@H]([C@H](C(=O)[C@@H](C[C@@]([C@@H]([C@H]([C@@H]([C@H](C(=O)O1)C)O[C@H]2C[C@@]([C@H]([C@@H](O2)C)O)(C)OC)C)O[C@H]3[C@@H]([C@H](C[C@H](O3)C)N(C)C)O)(C)OC)C)C)O)(C)O,8.2,0.0006096,0.0013776,https://link.springer.com/article/10.1007/s11270-023-06281-0,-7.483320622293986,-5.673880294278928
*NCCCCNC(=O)CCCC(=O)*,CC[C@@H]1[C@@]([C@@H]([C@H](C(=O)[C@@H](C[C@@]([C@@H]([C@H]([C@@H]([C@H](C(=O)O1)C)O[C@H]2C[C@@]([C@H]([C@@H](O2)C)O)(C)OC)C)O[C@H]3[C@@H]([C@H](C[C@H](O3)C)N(C)C)O)(C)OC)C)C)O)(C)O,8.2,0.00125,0.00538,interpolated,-10.086254149636806,-7.492908765976502
*NCCCCNC(=O)CCCC(=O)*,CC[C@@H]1[C@@]([C@@H]([C@H](C(=O)[C@@H](C[C@@]([C@@H]([C@H]([C@@H]([C@H](C(=O)O1)C)O[C@H]2C[C@@]([C@H]([C@@H](O2)C)O)(C)OC)C)O[C@H]3[C@@H]([C@H](C[C@H](O3)C)N(C)C)O)(C)OC)C)C)O)(C)O,8.2,0.00188,0.00939,interpolated,-7.447288086543292,-5.549803708971308
*NCCCCNC(=O)CCCC(=O)*,CC[C@@H]1[C@@]([C@@H]([C@H](C(=O)[C@@H](C[C@@]([C@@H]([C@H]([C@@H]([C@H](C(=O)O1)C)O[C@H]2C[C@@]([C@H]([C@@H](O2)C)O)(C)OC)C)O[C@H]3[C@@H]([C@H](C[C@H](O3)C)N(C)C)O)(C)OC)C)C)O)(C)O,7.0,0.002521,0.0133986667,https://link.springer.com/article/10.1007/s11270-023-06281-0,-10.178685333138603,-7.287584551570052
*NCCCCNC(=O)CCCC(=O)*,CC[C@@H]1[C@@]([C@@H]([C@H](C(=O)[C@@H](C[C@@]([C@@H]([C@H]([C@@H]([C@H](C(=O)O1)C)O[C@H]2C[C@@]([C@H]([C@@H](O2)C)O)(C)OC)C)O[C@H]3[C@@H]([C@H](C[C@H](O3)C)N(C)C)O)(C)OC)C)C)O)(C)O,8.2,0.00314,0.01652,interpolated,-7.568102771313024,-5.9127156322496575
*NCCCCNC(=O)CCCC(=O)*,CC[C@@H]1[C@@]([C@@H]([C@H](C(=O)[C@@H](C[C@@]([C@@H]([C@H]([C@@H]([C@H](C(=O)O1)C)O[C@H]2C[C@@]([C@H]([C@@H](O2)C)O)(C)OC)C)O[C@H]3[C@@H]([C@H](C[C@H](O3)C)N(C)C)O)(C)OC)C)C)O)(C)O,8.2,0.00375,0.01965,interpolated,-10.154750794570994,-7.2196716836167365
*NCCCCNC(=O)CCCC(=O)*,CC[C@@H]1[C@@]([C@@H]([C@H](C(=O)[C@@H](C[C@@]([C@@H]([C@H]([C@@H]([C@H](C(=O)O1)C)O[C@H]2C[C@@]([C@H]([C@@H](O2)C)O)(C)OC)C)O[C@H]3[C@@H]([C@H](C[C@H](O3)C)N(C)C)O)(C)OC)C)C)O)(C)O,7.0,0.004369,0.0227716667,https://link.springer.com/article/10.1007/s11270-023-06281-0,-10.022079521399068,-7.294807255770975
*NCCCCNC(=O)CCCC(=O)*,CC[C@@H]1[C@@]([C@@H]([C@H](C(=O)[C@@H](C[C@@]([C@@H]([C@H]([C@@H]([C@H](C(=O)O1)C)O[C@H]2C[C@@]([C@H]([C@@H](O2)C)O)(C)OC)C)O[C@H]3[C@@H]([C@H](C[C@H](O3)C)N(C)C)O)(C)OC)C)C)O)(C)O,8.2,0.00872,0.12599,interpolated,-10.15397748316391,-7.516960837760221
*NCCCCNC(=O)CCCC(=O)*,CC[C@@H]1[C@@]([C@@H]([C@H](C(=O)[C@@H](C[C@@]([C@@H]([C@H]([C@@H]([C@H](C(=O)O1)C)O[C@H]2C[C@@]([C@H]([C@@H](O2)C)O)(C)OC)C)O[C@H]3[C@@H]([C@H](C[C@H](O3)C)N(C)C)O)(C)OC)C)C)O)(C)O,8.2,0.01306,0.2292,interpolated,-7.501917282290436,-5.949470526505532
*NCCCCNC(=O)CCCC(=O)*,CC[C@@H]1[C@@]([C@@H]([C@H](C(=O)[C@@H](C[C@@]([C@@H]([C@H]([C@@H]([C@H](C(=O)O1)C)O[C@H]2C[C@@]([C@H]([C@@H](O2)C)O)(C)OC)C)O[C@H]3[C@@H]([C@H](C[C@H](O3)C)N(C)C)O)(C)OC)C)C)O)(C)O,7.0,0.01741,0.3324166667,https://link.springer.com/article/10.1007/s11270-023-06281-0,-7.49211736810371,-5.78014990629887
*NCCCCNC(=O)CCCC(=O)*,CC[C@@H]1[C@@]([C@@H]([C@H](C(=O)[C@@H](C[C@@]([C@@H]([C@H]([C@@H]([C@H](C(=O)O1)C)O[C@H]2C[C@@]([C@H]([C@@H](O2)C)O)(C)OC)C)O[C@H]3[C@@H]([C@H](C[C@H](O3)C)N(C)C)O)(C)OC)C)C)O)(C)O,8.2,0.01799,0.36186,interpolated,-10.099999138754821,-7.42211953688411
*NCCCCNC(=O)CCCC(=O)*,CC[C@@H]1[C@@]([C@@H]([C@H](C(=O)[C@@H](C[C@@]([C@@H]([C@H]([C@@H]([C@H](C(=O)O1)C)O[C@H]2C[C@@]([C@H]([C@@H](O2)C)O)(C)OC)C)O[C@H]3[C@@H]([C@H](C[C@H](O3)C)N(C)C)O)(C)OC)C)C)O)(C)O,8.2,0.01858,0.39129,interpolated,-10.01083491661938,-7.277860236705771
*NCCCCNC(=O)CCCC(=O)*,CC[C@@H]1[C@@]([C@@H]([C@H](C(=O)[C@@H](C[C@@]([C@@H]([C@H]([C@@H]([C@H](C(=O)O1)C)O[C@H]2C[C@@]([C@H]([C@@H](O2)C)O)(C)OC)C)O[C@H]3[C@@H]([C@H](C[C@H](O3)C)N(C)C)O)(C)OC)C)C)O)(C)O,7.0,0.01916,0.4207333333,https://link.springer.com/article/10.1007/s11270-023-06281-0,-10.197854939533412,-7.476136270653688
*NCCCCNC(=O)CCCC(=O)*,CC[C@@H]1[C@@]([C@@H]([C@H](C(=O)[C@@H](C[C@@]([C@@H]([C@H]([C@@H]([C@H](C(=O)O1)C)O[C@H]2C[C@@]([C@H]([C@@H](O2)C)O)(C)OC)C)O[C@H]3[C@@H]([C@H](C[C@H](O3)C)N(C)C)O)(C)OC)C)C)O)(C)O,8.2,0.02008,0.45526,interpolated,-10.140403957046885,-7.2951628894662415
*NCCCCNC(=O)CCCC(=O)*,CC[C@@H]1[C@@]([C@@H]([C@H](C(=O)[C@@H](C[C@@]([C@@H]([C@H]([C@@H]([C@H](C(=O)O1)C)O[C@H]2C[C@@]([C@H]([C@@H](O2)C)O)(C)OC)C)O[C@H]3[C@@H]([C@H](C[C@H](O3)C)N(C)C)O)(C)OC)C)C)O)(C)O,8.2,0.02099,0.48979,interpolated,-7.387475972632353,-5.495111139294923
*NCCCCNC(=O)CCCC(=O)*,CC[C@@H]1[C@@]([C@@H]([C@H](C(=O)[C@@H](C[C@@]([C@@H]([C@H]([C@@H]([C@H](C(=O)O1)C)O[C@H]2C[C@@]([C@H]([C@@H](O2)C)O)(C)OC)C)O[C@H]3[C@@H]([C@H](C[C@H](O3)C)N(C)C)O)(C)OC)C)C)O)(C)O,7.0,0.02191,0.5243166667,https://link.springer.com/article/10.1007/s11270-023-06281-0,-9.968247957377601,-7.129238058424022
*NCCCCNC(=O)CCCC(=O)*,CC1=CC(=NO1)NS(=O)(=O)C2=CC=C(C=C2)N,8.2,1.404e-05,3.658e-05,https://link.springer.com/article/10.1007/s11270-023-06281-0,-7.457260631199033,-5.541199225089678
*NCCCCNC(=O)CCCC(=O)*,CC1=CC(=NO1)NS(=O)(=O)C2=CC=C(C=C2)N,8.2,7e-05,0.00013,interpolated,-9.897707632540863,-7.11695121795146
*NCCCCNC(=O)CCCC(=O)*,CC1=CC(=NO1)NS(=O)(=O)C2=CC=C(C=C2)N,8.2,0.00013,0.00022,interpolated,-7.383289592013787,-5.881051571139844
*NCCCCNC(=O)CCCC(=O)*,CC1=CC(=NO1)NS(=O)(=O)C2=CC=C(C=C2)N,8.2,0.0001826,0.0003156333,https://link.springer.com/article/10.1007/s11270-023-06281-0,-10.066021113441588,-7.373156805889676
*NCCCCNC(=O)CCCC(=O)*,CC1=CC(=NO1)NS(=O)(=O)C2=CC=C(C=C2)N,8.2,0.0002,0.00037,interpolated,-9.827148866194964,-7.216490172683125
*NCCCCNC(=O)CCCC(=O)*,CC1=CC(=NO1)NS(=O)(=O)C2=CC=C(C=C2)N,8.2,0.00022,0.00042,interpolated,-10.030571201483195,-7.07756611427737
*NCCCCNC(=O)CCCC(=O)*,CC1=CC(=NO1)NS(=O)(=O)C2=CC=C(C=C2)N,8.2,0.0002444,0.0004694833,https://link.springer.com/article/10.1007/s11270-023-06281-0,-7.306675350025147,-5.833899038809
*NCCCCNC(=O)CCCC(=O)*,CC1=CC(=NO1)NS(=O)(=O)C2=CC=C(C=C2)N,8.2,0.00026,0.00081,interpolated,-7.410896568883274,-5.641418345494216
*NCCCCNC(=O)CCCC(=O)*,CC1=CC(=NO1)NS(=O)(=O)C2=CC=C(C=C2)N,8.2,0.00028,0.00114,interpolated,-10.012547219952312,-7.368156634224435
*NCCCCNC(=O)CCCC(=O)*,CC1=CC(=NO1)NS(=O)(=O)C2=CC=C(C=C2)N,8.2,0.0002949,0.0014783,https://link.springer.com/article/10.1007/s11270-023-06281-0,-10.091327028647777,-7.389279449345654
*NCCCCNC(=O)CCCC(=O)*,CC1=CC(=NO1)NS(=O)(=O)C2=CC=C(C=C2)N,8.2,0.00072,0.00523,interpolated,-7.437442096155574,-5.757343616913715
*NCCCCNC(=O)CCCC(=O)*,CC1=CC(=NO1)NS(=O)(=O)C2=CC=C(C=C2)N,8.2,0.00115,0.00897,interpolated,-10.093053468925385,-7.505403560794339
*NCCCCNC(=O)CCCC(=O)*,CC1=CC(=NO1)NS(=O)(=O)C2=CC=C(C=C2)N,7.0,0.001572,0.01272,https://link.springer.com/article/10.1007/s11270-023-06281-0,-10.102235118642039,-7.323105163336072
*NCCCCNC(=O)CCCC(=O)*,CC1=CC(=NO1)NS(=O)(=O)C2=CC=C(C=C2)N,8.2,0.00375,0.02985,interpolated,-7.474666241544624,-5.651507457756461
*NCCCCNC(=O)CCCC(=O)*,CC1=CC(=NO1)NS(=O)(=O)C2=CC=C(C=C2)N,8.2,0.00593,0.04698,interpolated,-7.536165886999706,-5.851096137929426
*NCCCCNC(=O)CCCC(=O)*,CC1=CC(=NO1)NS(=O)(=O)C2=CC=C(C=C2)N,7.0,0.008116,0.0641066667,https://link.springer.com/article/10.1007/s11270-023-06281-0,-10.034896303959105,-7.25391288788225
*NCCCCNC(=O)CCCC(=O)*,CC1=CC(=NO1)NS(=O)(=O)C2=CC=C(C=C2)N,8.2,0.01071,0.08494,interpolated,-10.07813207575782,-7.152066178135714
*NCCCCNC(=O)CCCC(=O)*,CC1=CC(=NO1)NS(=O)(=O)C2=CC=C(C=C2)N,8.2,0.01331,0.10578,interpolated,-10.013759125247983,-7.3703932598901165
*NCCCCNC(=O)CCCC(=O)*,CC1=CC(=NO1)NS(=O)(=O)C2=CC=C(C=C2)N,7.0,0.01591,0.1266166667,https://link.springer.com/article/10.1007/s11270-023-06281-0,-7.555831571302787,-5.953082033320926
*NCCCCNC(=O)CCCC(=O)*,CC1=CC(=NO1)NS(=O)(=O)C2=CC=C(C=C2)N,8.2,0.01881,0.33024,interpolated,-10.049006331977864,-7.275119928183179
*NCCCCNC(=O)CCCC(=O)*,CC1=CC(=NO1)NS(=O)(=O)C2=CC=C(C=C2)N,8.2,0.0217,0.53387,interpolated,-10.137053182521326,-7.318411994649914
*NCCCCNC(=O)CCCC(=O)*,CC1=CC(=NO1)NS(=O)(=O)C2=CC=C(C=C2)N,7.0,0.0246,0.7375,https://link.springer.com/article/10.1007/s11270-023-06281-0,-10.057895501332135,-7.378566250263723
*NCCCCNC(=O)CCCC(=O)*,CC1=CC(=NO1)NS(=O)(=O)C2=CC=C(C=C2)N,8.2,0.02487,0.63358,interpolated,-7.392228330400538,-5.87981508489326
*NCCCCNC(=O)CCCC(=O)*,CC1=CC(=NO1)NS(=O)(=O)C2=CC=C(C=C2)N,8.2,0.02513,0.52966,interpolated,-7.466505051668336,-5.758333261241013
*NCCCCNC(=O)CCCC(=O)*,CC1=CC(=NO1)NS(=O)(=O)C2=CC=C(C=C2)N,7.0,0.0254,0.4257333333,https://link.springer.com/article/10.1007/s11270-023-06281-0,-10.113222813498192,-7.185671122233426
*NCCCCNC(=O)CCCC(=O)*,COC1=CC(=CC(=C1OC)OC)CC2=CN=C(N=C2N)N,8.2,2.247e-05,6.005e-05,https://link.springer.com/article/10.1007/s11270-023-06281-0,-10.081208699067297,-7.2701167688545265
*NCCCCNC(=O)CCCC(=O)*,COC1=CC(=CC(=C1OC)OC)CC2=CN=C(N=C2N)N,8.2,5e-05,0.00012,interpolated,-10.168879337030264,-7.283821617995169
*NCCCCNC(=O)CCCC(=O)*,COC1=CC(=CC(=C1OC)OC)CC2=CN=C(N=C2N)N,8.2,8e-05,0.00017,interpolated,-10.050893074845664,-7.123884520317685
*NCCCCNC(=O)CCCC(=O)*,COC1=CC(=CC(=C1OC)OC)CC2=CN=C(N=C2N)N,8.2,0.0001124,0.0002249933,https://link.springer.com/article/10.1007/s11270-023-06281-0,-10.072606577053042,-7.324019592223378
*NCCCCNC(=O)CCCC(=O)*,COC1=CC(=CC(=C1OC)OC)CC2=CN=C(N=C2N)N,8.2,0.00015,0.00031,interpolated,-10.028307106944492,-7.442280014603538
*NCCCCNC(=O)CCCC(=O)*,COC1=CC(=CC(=C1OC)OC)CC2=CN=C(N=C2N)N,8.2,0.0002,0.0004,interpolated,-7.421763448966783,-5.637408651622152
*NCCCCNC(=O)CCCC(=O)*,COC1=CC(=CC(=C1OC)OC)CC2=CN=C(N=C2N)N,8.2,0.0002388,0.00049405,https://link.springer.com/article/10.1007/s11270-023-06281-0,-10.018242161941869,-7.316735760593673
*NCCCCNC(=O)CCCC(=O)*,COC1=CC(=CC(=C1OC)OC)CC2=CN=C(N=C2N)N,8.2,0.00025,0.00055,interpolated,-7.4449352031699085,-5.650083258650556
*NCCCCNC(=O)CCCC(=O)*,COC1=CC(=CC(=C1OC)OC)CC2=CN=C(N=C2N)N,8.2,0.00026,0.0006,interpolated,-7.484289108422305,-5.804257634936031
*NCCCCNC(=O)CCCC(=O)*,COC1=CC(=CC(=C1OC)OC)CC2=CN=C(N=C2N)N,8.2,0.0002781,0.0006556,https://link.springer.com/article/10.1007/s11270-023-06281-0,-9.980264650958116,-7.279944142140269
*NCCCCNC(=O)CCCC(=O)*,COC1=CC(=CC(=C1OC)OC)CC2=CN=C(N=C2N)N,8.2,0.00029,0.00073,interpolated,-10.160575867916233,-7.322597835783224
*NCCCCNC(=O)CCCC(=O)*,COC1=CC(=CC(=C1OC)OC)CC2=CN=C(N=C2N)N,8.2,0.0003,0.00079,interpolated,-10.057893536176602,-7.378565451296714
*NCCCCNC(=O)CCCC(=O)*,COC1=CC(=CC(=C1OC)OC)CC2=CN=C(N=C2N)N,8.2,0.0003062,0.0008643333,https://link.springer.com/article/10.1007/s11270-023-06281-0,-7.456831561787783,-5.993746377371662
*NCCCCNC(=O)CCCC(=O)*,COC1=CC(=CC(=C1OC)OC)CC2=CN=C(N=C2N)N,8.2,0.00084,0.0224,interpolated,-7.476363278304182,-5.680267548191625
*NCCCCNC(=O)CCCC(=O)*,COC1=CC(=CC(=C1OC)OC)CC2=CN=C(N=C2N)N,8.2,0.00138,0.04394,interpolated,-10.18704113453913,-7.53332695712117
*NCCCCNC(=O)CCCC(=O)*,COC1=CC(=CC(=C1OC)OC)CC2=CN=C(N=C2N)N,7.0,0.001922,0.0654733333,https://link.springer.com/article/10.1007/s11270-023-06281-0,-10.162789144041348,-7.456453282566375
*NCCCCNC(=O)CCCC(=O)*,COC1=CC(=CC(=C1OC)OC)CC2=CN=C(N=C2N)N,8.2,0.00245,0.07987,interpolated,-7.5586830711882635,-5.945449630547526
*NCCCCNC(=O)CCCC(=O)*,COC1=CC(=CC(=C1OC)OC)CC2=CN=C(N=C2N)N,8.2,0.00299,0.09427,interpolated,-7.4481431097160025,-5.907949666785066
*NCCCCNC(=O)CCCC(=O)*,COC1=CC(=CC(=C1OC)OC)CC2=CN=C(N=C2N)N,7.0,0.00352,0.1086666667,https://link.springer.com/article/10.1007/s11270-023-06281-0,-10.240430664465245,-7.413656062096501
*NCCCCNC(=O)CCCC(=O)*,COC1=CC(=CC(=C1OC)OC)CC2=CN=C(N=C2N)N,8.2,0.00475,0.19915,interpolated,-7.479955736167895,-5.591122015394449
*NCCCCNC(=O)CCCC(=O)*,COC1=CC(=CC(=C1OC)OC)CC2=CN=C(N=C2N)N,8.2,0.00598,0.28964,interpolated,-7.53890154791945,-5.8386485988114005
*NCCCCNC(=O)CCCC(=O)*,COC1=CC(=CC(=C1OC)OC)CC2=CN=C(N=C2N)N,7.0,0.007217,0.3801283333,https://link.springer.com/article/10.1007/s11270-023-06281-0,-10.157989395927244,-7.460811211056938
*NCCCCNC(=O)CCCC(=O)*,COC1=CC(=CC(=C1OC)OC)CC2=CN=C(N=C2N)N,8.2,0.00732,0.39799,interpolated,-10.434490245911034,-7.149632336425681
*NCCCCNC(=O)CCCC(=O)*,COC1=CC(=CC(=C1OC)OC)CC2=CN=C(N=C2N)N,8.2,0.00742,0.41586,interpolated,-9.966066540340888,-7.333599708738397
*NCCCCNC(=O)CCCC(=O)*,COC1=CC(=CC(=C1OC)OC)CC2=CN=C(N=C2N)N,7.0,0.007517,0.4337283333,https://link.springer.com/article/10.1007/s11270-023-06281-0,-7.477808358875417,-5.670659950110801
*C=CC1=CC=CC=N1*,C1=CC=C(C(=C1)CC(=O)O)NC2=C(C=CC=C2Cl)Cl,6.0,2.0,0.0728,https://link.springer.com/article/10.1007/s11356-022-19130-0,,
*C=CC1=CC=CC=N1*,,6.0,2.0,0.0789,https://link.springer.com/article/10.1007/s11356-022-19130-0,,
*C=CC1=CC=CC=N1*,C[C@@H](C1=CC2=C(C=C1)C=C(C=C2)OC)C(=O)O,6.0,2.0,0.0798,https://link.springer.com/article/10.1007/s11356-022-19130-0,,
*CN(CCO)C(=O)C(c1ccccc1)c2ccccc2*,CC(=O)OC1=CC=CC=C1C(=O)O,8.2,10.0,0.1865,https://www.researchgate.net/publication/384556501_2-Oxazoline-Based_Polymer_for_Pharmaceutical_Products_Adsorption_in_Aqueous_Media,-10.413700740431464,-6.23307843308093
*CN(CCO)C(=O)C(c1ccccc1)c2ccccc2*,CC(=O)OC1=CC=CC=C1C(=O)O,8.2,15.0,0.23833,interpolated,-10.376588751463162,-6.332181471154687
*CN(CCO)C(=O)C(c1ccccc1)c2ccccc2*,CC(=O)OC1=CC=CC=C1C(=O)O,8.2,20.0,0.29017,interpolated,-10.523476518655153,-6.406629468791352
*CN(CCO)C(=O)C(c1ccccc1)c2ccccc2*,CC(=O)OC1=CC=CC=C1C(=O)O,8.2,25.0,0.342,https://www.researchgate.net/publication/384556501_2-Oxazoline-Based_Polymer_for_Pharmaceutical_Products_Adsorption_in_Aqueous_Media,-10.287172593708101,-6.194427279915197
*CN(CCO)C(=O)C(c1ccccc1)c2ccccc2*,CC(=O)OC1=CC=CC=C1C(=O)O,8.2,33.33333,0.4456,interpolated,-10.602184582237665,-6.483176173118399
*CN(CCO)C(=O)C(c1ccccc1)c2ccccc2*,CC(=O)OC1=CC=CC=C1C(=O)O,8.2,41.66667,0.5492,interpolated,-10.464735552905973,-6.3312800439031385
*CN(CCO)C(=O)C(c1ccccc1)c2ccccc2*,CC(=O)OC1=CC=CC=C1C(=O)O,8.2,50.0,0.6528,https://www.researchgate.net/publication/384556501_2-Oxazoline-Based_Polymer_for_Pharmaceutical_Products_Adsorption_in_Aqueous_Media,-10.413710755586278,-6.233088039369314
*CN(CCO)C(=O)C(c1ccccc1)c2ccccc2*,CC(=O)OC1=CC=CC=C1C(=O)O,8.2,66.66667,1.0052,interpolated,-10.314974309172548,-6.239532534757332
*CN(CCO)C(=O)C(c1ccccc1)c2ccccc2*,CC(=O)OC1=CC=CC=C1C(=O)O,8.2,83.33333,1.3576,interpolated,-10.19496866043512,-6.106091208356174
*CN(CCO)C(=O)C(c1ccccc1)c2ccccc2*,CC(=O)OC1=CC=CC=C1C(=O)O,8.2,100.0,1.71,https://www.researchgate.net/publication/384556501_2-Oxazoline-Based_Polymer_for_Pharmaceutical_Products_Adsorption_in_Aqueous_Media,-10.437328781910548,-6.374332840725646
*CN(CCO)C(=O)C(c1ccccc1)c2ccccc2*,CC(=O)OC1=CC=CC=C1C(=O)O,8.2,133.33333,2.28333,interpolated,-10.439568664459033,-6.319436455495509
*CN(CCO)C(=O)C(c1ccccc1)c2ccccc2*,CC(=O)OC1=CC=CC=C1C(=O)O,8.2,166.66667,2.85667,interpolated,-10.413707014213614,-6.233075359185052
*CN(CCO)C(=O)C(c1ccccc1)c2ccccc2*,CC(=O)OC1=CC=CC=C1C(=O)O,8.2,200.0,3.43,https://www.researchgate.net/publication/384556501_2-Oxazoline-Based_Polymer_for_Pharmaceutical_Products_Adsorption_in_Aqueous_Media,-10.498241602711138,-6.339083006305347
*CN(CCO)C(=O)C(c1ccccc1)c2ccccc2*,CC(C)CC1=CC=C(C=C1)C(C)C(=O)O,8.2,25.0,9.728,https://www.researchgate.net/publication/384556501_2-Oxazoline-Based_Polymer_for_Pharmaceutical_Products_Adsorption_in_Aqueous_Media,-10.350007216657735,-6.359249237661925
*CN(CCO)C(=O)C(c1ccccc1)c2ccccc2*,CC(C)CC1=CC=C(C=C1)C(C)C(=O)O,8.2,33.33333,10.74533,interpolated,-10.509312599548382,-6.364541164535156
*CN(CCO)C(=O)C(c1ccccc1)c2ccccc2*,CC(C)CC1=CC=C(C=C1)C(C)C(=O)O,8.2,41.66667,11.76267,interpolated,-10.346749168993272,-6.240012420134418
*CN(CCO)C(=O)C(c1ccccc1)c2ccccc2*,CC(C)CC1=CC=C(C=C1)C(C)C(=O)O,8.2,50.0,12.78,https://www.researchgate.net/publication/384556501_2-Oxazoline-Based_Polymer_for_Pharmaceutical_Products_Adsorption_in_Aqueous_Media,-10.44741437702913,-6.325405039140192
*CN(CCO)C(=O)C(c1ccccc1)c2ccccc2*,CC(C)CC1=CC=C(C=C1)C(C)C(=O)O,8.2,66.66667,16.97667,interpolated,-10.413706724923065,-6.2330715647294515
*CN(CCO)C(=O)C(c1ccccc1)c2ccccc2*,CC(C)CC1=CC=C(C=C1)C(C)C(=O)O,8.2,83.33333,21.17333,interpolated,-10.491173449415218,-6.386537715457106
*CN(CCO)C(=O)C(c1ccccc1)c2ccccc2*,CC(C)CC1=CC=C(C=C1)C(C)C(=O)O,8.2,100.0,25.37,https://www.researchgate.net/publication/384556501_2-Oxazoline-Based_Polymer_for_Pharmaceutical_Products_Adsorption_in_Aqueous_Media,-10.526949345266386,-6.5139967034656285
*CN(CCO)C(=O)C(c1ccccc1)c2ccccc2*,CC(C)CC1=CC=C(C=C1)C(C)C(=O)O,8.2,133.33333,27.65667,interpolated,-10.464734925614387,-6.331292854859015
*CN(CCO)C(=O)C(c1ccccc1)c2ccccc2*,CC(C)CC1=CC=C(C=C1)C(C)C(=O)O,8.2,166.66667,29.94333,interpolated,-10.491161759883619,-6.386594789051556
*CN(CCO)C(=O)C(c1ccccc1)c2ccccc2*,CC(C)CC1=CC=C(C=C1)C(C)C(=O)O,8.2,200.0,32.23,https://www.researchgate.net/publication/384556501_2-Oxazoline-Based_Polymer_for_Pharmaceutical_Products_Adsorption_in_Aqueous_Media,-10.424126479625139,-6.252475931700922
*CN(CCO)C(=O)C(c1ccccc1)c2ccccc2*,CC1=C(C2=C(N1C(=O)C3=CC=C(C=C3)Cl)C=CC(=C2)OC)CC(=O)O,8.2,10.0,1.144,https://www.researchgate.net/publication/384556501_2-Oxazoline-Based_Polymer_for_Pharmaceutical_Products_Adsorption_in_Aqueous_Media,-10.294320804367409,-6.215872229881134
*CN(CCO)C(=O)C(c1ccccc1)c2ccccc2*,CC1=C(C2=C(N1C(=O)C3=CC=C(C=C3)Cl)C=CC(=C2)OC)CC(=O)O,8.2,15.0,1.39833,interpolated,-10.28718122332548,-6.19442958967496
*CN(CCO)C(=O)C(c1ccccc1)c2ccccc2*,CC1=C(C2=C(N1C(=O)C3=CC=C(C=C3)Cl)C=CC(=C2)OC)CC(=O)O,8.2,20.0,1.65267,interpolated,-10.366733904838314,-6.250405373751457
*CN(CCO)C(=O)C(c1ccccc1)c2ccccc2*,CC1=C(C2=C(N1C(=O)C3=CC=C(C=C3)Cl)C=CC(=C2)OC)CC(=O)O,8.2,25.0,1.907,https://www.researchgate.net/publication/384556501_2-Oxazoline-Based_Polymer_for_Pharmaceutical_Products_Adsorption_in_Aqueous_Media,-10.287176314605029,-6.1944369162844275
*CN(CCO)C(=O)C(c1ccccc1)c2ccccc2*,CC1=C(C2=C(N1C(=O)C3=CC=C(C=C3)Cl)C=CC(=C2)OC)CC(=O)O,8.2,33.33333,2.86067,interpolated,-10.52345297869004,-6.4066185323891744
*CN(CCO)C(=O)C(c1ccccc1)c2ccccc2*,CC1=C(C2=C(N1C(=O)C3=CC=C(C=C3)Cl)C=CC(=C2)OC)CC(=O)O,8.2,41.66667,3.81433,interpolated,-10.464775608018394,-6.379148433956335
*CN(CCO)C(=O)C(c1ccccc1)c2ccccc2*,CC1=C(C2=C(N1C(=O)C3=CC=C(C=C3)Cl)C=CC(=C2)OC)CC(=O)O,8.2,50.0,4.768,https://www.researchgate.net/publication/384556501_2-Oxazoline-Based_Polymer_for_Pharmaceutical_Products_Adsorption_in_Aqueous_Media,-10.486864915487882,-6.332981658076426
*CN(CCO)C(=O)C(c1ccccc1)c2ccccc2*,CC1=C(C2=C(N1C(=O)C3=CC=C(C=C3)Cl)C=CC(=C2)OC)CC(=O)O,8.2,66.66667,5.65833,interpolated,-10.37658227915174,-6.33217822261206
*CN(CCO)C(=O)C(c1ccccc1)c2ccccc2*,CC1=C(C2=C(N1C(=O)C3=CC=C(C=C3)Cl)C=CC(=C2)OC)CC(=O)O,8.2,83.33333,6.54867,interpolated,-10.346738423944815,-6.240018382557695
*CN(CCO)C(=O)C(c1ccccc1)c2ccccc2*,CC1=C(C2=C(N1C(=O)C3=CC=C(C=C3)Cl)C=CC(=C2)OC)CC(=O)O,8.2,100.0,7.439,https://www.researchgate.net/publication/384556501_2-Oxazoline-Based_Polymer_for_Pharmaceutical_Products_Adsorption_in_Aqueous_Media,-10.491182017579133,-6.386510374558526
*CN(CCO)C(=O)C(c1ccccc1)c2ccccc2*,CC1=C(C2=C(N1C(=O)C3=CC=C(C=C3)Cl)C=CC(=C2)OC)CC(=O)O,8.2,133.33333,11.57267,interpolated,-10.499631170890918,-6.398809354161066
*CN(CCO)C(=O)C(c1ccccc1)c2ccccc2*,CC1=C(C2=C(N1C(=O)C3=CC=C(C=C3)Cl)C=CC(=C2)OC)CC(=O)O,8.2,166.66667,15.70633,interpolated,-10.491163297985201,-6.386541507803146
*CN(CCO)C(=O)C(c1ccccc1)c2ccccc2*,CC1=C(C2=C(N1C(=O)C3=CC=C(C=C3)Cl)C=CC(=C2)OC)CC(=O)O,8.2,200.0,19.84,https://www.researchgate.net/publication/384556501_2-Oxazoline-Based_Polymer_for_Pharmaceutical_Products_Adsorption_in_Aqueous_Media,-10.314979736415705,-6.23952361617054
*CN(CCO)C(=O)C(c1ccccc1)c2ccccc2*,CCN(CC)CCNC(=O)C1=CC(=C(C=C1OC)N)Cl,8.2,10.0,0.07254,https://www.researchgate.net/publication/384556501_2-Oxazoline-Based_Polymer_for_Pharmaceutical_Products_Adsorption_in_Aqueous_Media,-10.346745461695546,-6.240029741851778
*CN(CCO)C(=O)C(c1ccccc1)c2ccccc2*,CCN(CC)CCNC(=O)C1=CC(=C(C=C1OC)N)Cl,8.2,15.0,0.09326,interpolated,-10.65001144296297,-6.521453465351049
*CN(CCO)C(=O)C(c1ccccc1)c2ccccc2*,CCN(CC)CCNC(=O)C1=CC(=C(C=C1OC)N)Cl,8.2,20.0,0.11398,interpolated,-10.491180520824402,-6.3865743616415305
*CN(CCO)C(=O)C(c1ccccc1)c2ccccc2*,CCN(CC)CCNC(=O)C1=CC(=C(C=C1OC)N)Cl,8.2,25.0,0.1347,https://www.researchgate.net/publication/384556501_2-Oxazoline-Based_Polymer_for_Pharmaceutical_Products_Adsorption_in_Aqueous_Media,-10.586666815554384,-6.421921212055511
*CN(CCO)C(=O)C(c1ccccc1)c2ccccc2*,CCN(CC)CCNC(=O)C1=CC(=C(C=C1OC)N)Cl,8.2,33.33333,0.18653,interpolated,-10.49115662811929,-6.3865271712098854
*CN(CCO)C(=O)C(c1ccccc1)c2ccccc2*,CCN(CC)CCNC(=O)C1=CC(=C(C=C1OC)N)Cl,8.2,41.66667,0.23837,interpolated,-10.220332356082357,-6.1657936531494375
*CN(CCO)C(=O)C(c1ccccc1)c2ccccc2*,CCN(CC)CCNC(=O)C1=CC(=C(C=C1OC)N)Cl,8.2,50.0,0.2902,https://www.researchgate.net/publication/384556501_2-Oxazoline-Based_Polymer_for_Pharmaceutical_Products_Adsorption_in_Aqueous_Media,-10.602189611466942,-6.483160879394946
*CN(CCO)C(=O)C(c1ccccc1)c2ccccc2*,CCN(CC)CCNC(=O)C1=CC(=C(C=C1OC)N)Cl,8.2,66.66667,0.49053,interpolated,-10.620994984655942,-6.49398340886862
*CN(CCO)C(=O)C(c1ccccc1)c2ccccc2*,CCN(CC)CCNC(=O)C1=CC(=C(C=C1OC)N)Cl,8.2,83.33333,0.69087,interpolated,-10.602185484345458,-6.483183582200161
*CN(CCO)C(=O)C(c1ccccc1)c2ccccc2*,CCN(CC)CCNC(=O)C1=CC(=C(C=C1OC)N)Cl,8.2,100.0,0.8912,https://www.researchgate.net/publication/384556501_2-Oxazoline-Based_Polymer_for_Pharmaceutical_Products_Adsorption_in_Aqueous_Media,-10.491192325819377,-6.3865250268081
*CN(CCO)C(=O)C(c1ccccc1)c2ccccc2*,CCN(CC)CCNC(=O)C1=CC(=C(C=C1OC)N)Cl,8.2,133.33333,1.3298,interpolated,-10.43935219890025,-6.254868150474224
*CN(CCO)C(=O)C(c1ccccc1)c2ccccc2*,CCN(CC)CCNC(=O)C1=CC(=C(C=C1OC)N)Cl,8.2,166.66667,1.7684,interpolated,-10.498233594865003,-6.339061681517154
*CN(CCO)C(=O)C(c1ccccc1)c2ccccc2*,CCN(CC)CCNC(=O)C1=CC(=C(C=C1OC)N)Cl,8.2,200.0,2.207,https://www.researchgate.net/publication/384556501_2-Oxazoline-Based_Polymer_for_Pharmaceutical_Products_Adsorption_in_Aqueous_Media,-10.465108236193569,-6.331280399823253
*CN(CCO)C(=O)C(c1ccccc1)c2ccccc2*,C[C@]12CC[C@H]3[C@H]([C@@H]1CC[C@@H]2O)CCC4=C3C=CC(=C4)O,8.2,10.0,3.243,https://www.researchgate.net/publication/384556501_2-Oxazoline-Based_Polymer_for_Pharmaceutical_Products_Adsorption_in_Aqueous_Media,-10.403555794077988,-6.275477569797333
*CN(CCO)C(=O)C(c1ccccc1)c2ccccc2*,C[C@]12CC[C@H]3[C@H]([C@@H]1CC[C@@H]2O)CCC4=C3C=CC(=C4)O,8.2,15.0,3.94233,interpolated,-10.420956082094234,-6.241691577870412
*CN(CCO)C(=O)C(c1ccccc1)c2ccccc2*,C[C@]12CC[C@H]3[C@H]([C@@H]1CC[C@@H]2O)CCC4=C3C=CC(=C4)O,8.2,20.0,4.64167,interpolated,-10.349992620352786,-6.359196969251517
*CN(CCO)C(=O)C(c1ccccc1)c2ccccc2*,C[C@]12CC[C@H]3[C@H]([C@@H]1CC[C@@H]2O)CCC4=C3C=CC(=C4)O,8.2,25.0,5.341,https://www.researchgate.net/publication/384556501_2-Oxazoline-Based_Polymer_for_Pharmaceutical_Products_Adsorption_in_Aqueous_Media,-10.586619112574494,-6.421901796878105
*CN(CCO)C(=O)C(c1ccccc1)c2ccccc2*,C[C@]12CC[C@H]3[C@H]([C@@H]1CC[C@@H]2O)CCC4=C3C=CC(=C4)O,8.2,33.33333,5.786,interpolated,-10.413699425305017,-6.233076256170442
*CN(CCO)C(=O)C(c1ccccc1)c2ccccc2*,C[C@]12CC[C@H]3[C@H]([C@@H]1CC[C@@H]2O)CCC4=C3C=CC(=C4)O,8.2,41.66667,6.231,interpolated,-10.274143031615914,-6.240673799908082
*CN(CCO)C(=O)C(c1ccccc1)c2ccccc2*,C[C@]12CC[C@H]3[C@H]([C@@H]1CC[C@@H]2O)CCC4=C3C=CC(=C4)O,8.2,50.0,6.676,https://www.researchgate.net/publication/384556501_2-Oxazoline-Based_Polymer_for_Pharmaceutical_Products_Adsorption_in_Aqueous_Media,-10.464788886965017,-6.379184398564151
*CN(CCO)C(=O)C(c1ccccc1)c2ccccc2*,C[C@]12CC[C@H]3[C@H]([C@@H]1CC[C@@H]2O)CCC4=C3C=CC(=C4)O,8.2,66.66667,14.304,interpolated,-10.62101686806563,-6.494015970681284
*CN(CCO)C(=O)C(c1ccccc1)c2ccccc2*,C[C@]12CC[C@H]3[C@H]([C@@H]1CC[C@@H]2O)CCC4=C3C=CC(=C4)O,8.2,83.33333,21.932,interpolated,-10.55041493466864,-6.368835924872596
*CN(CCO)C(=O)C(c1ccccc1)c2ccccc2*,C[C@]12CC[C@H]3[C@H]([C@@H]1CC[C@@H]2O)CCC4=C3C=CC(=C4)O,8.2,100.0,29.56,https://www.researchgate.net/publication/384556501_2-Oxazoline-Based_Polymer_for_Pharmaceutical_Products_Adsorption_in_Aqueous_Media,-10.333778282923987,-6.27860735268166
*CN(CCO)C(=O)C(c1ccccc1)c2ccccc2*,C[C@]12CC[C@H]3[C@H]([C@@H]1CC[C@@H]2O)CCC4=C3C=CC(=C4)O,8.2,133.33333,38.52667,interpolated,-10.314973598252704,-6.239512022997621
*CN(CCO)C(=O)C(c1ccccc1)c2ccccc2*,C[C@]12CC[C@H]3[C@H]([C@@H]1CC[C@@H]2O)CCC4=C3C=CC(=C4)O,8.2,166.66667,47.49333,interpolated,-10.424119811180855,-6.252458856605797
*CN(CCO)C(=O)C(c1ccccc1)c2ccccc2*,C[C@]12CC[C@H]3[C@H]([C@@H]1CC[C@@H]2O)CCC4=C3C=CC(=C4)O,8.2,200.0,56.46,https://www.researchgate.net/publication/384556501_2-Oxazoline-Based_Polymer_for_Pharmaceutical_Products_Adsorption_in_Aqueous_Media,-10.420955296444443,-6.241694469681586
*CN(CCO)C(=O)C(c1ccccc1)c2ccccc2*,CC1=C(C(=O)N(N1C)C2=CC=CC=C2)N(C)C,8.2,10.0,0.1347,https://www.researchgate.net/publication/384556501_2-Oxazoline-Based_Polymer_for_Pharmaceutical_Products_Adsorption_in_Aqueous_Media,-10.299423816938946,-6.219662170816312
*CN(CCO)C(=O)C(c1ccccc1)c2ccccc2*,CC1=C(C(=O)N(N1C)C2=CC=CC=C2)N(C)C,8.2,15.0,0.1416,interpolated,-10.346746040634088,-6.240012518347859
*CN(CCO)C(=O)C(c1ccccc1)c2ccccc2*,CC1=C(C(=O)N(N1C)C2=CC=CC=C2)N(C)C,8.2,20.0,0.1485,interpolated,-10.491171708731684,-6.38654759843712
*CN(CCO)C(=O)C(c1ccccc1)c2ccccc2*,CC1=C(C(=O)N(N1C)C2=CC=CC=C2)N(C)C,8.2,25.0,0.1554,https://www.researchgate.net/publication/384556501_2-Oxazoline-Based_Polymer_for_Pharmaceutical_Products_Adsorption_in_Aqueous_Media,-10.29942895027689,-6.21967705809041
*CN(CCO)C(=O)C(c1ccccc1)c2ccccc2*,CC1=C(C(=O)N(N1C)C2=CC=CC=C2)N(C)C,8.2,33.33333,0.15887,interpolated,-10.349966722709288,-6.35923990014564
*CN(CCO)C(=O)C(c1ccccc1)c2ccccc2*,CC1=C(C(=O)N(N1C)C2=CC=CC=C2)N(C)C,8.2,41.66667,0.16233,interpolated,-10.549449718002661,-6.408524108135011
*CN(CCO)C(=O)C(c1ccccc1)c2ccccc2*,CC1=C(C(=O)N(N1C)C2=CC=CC=C2)N(C)C,8.2,50.0,0.1658,https://www.researchgate.net/publication/384556501_2-Oxazoline-Based_Polymer_for_Pharmaceutical_Products_Adsorption_in_Aqueous_Media,-10.464729827707458,-6.331309418144496
*CN(CCO)C(=O)C(c1ccccc1)c2ccccc2*,CC1=C(C(=O)N(N1C)C2=CC=CC=C2)N(C)C,8.2,66.66667,0.2418,interpolated,-10.621002253485184,-6.493978928908002
*CN(CCO)C(=O)C(c1ccccc1)c2ccccc2*,CC1=C(C(=O)N(N1C)C2=CC=CC=C2)N(C)C,8.2,83.33333,0.3178,interpolated,-10.422389538225826,-6.233418550507282
*CN(CCO)C(=O)C(c1ccccc1)c2ccccc2*,CC1=C(C(=O)N(N1C)C2=CC=CC=C2)N(C)C,8.2,100.0,0.3938,https://www.researchgate.net/publication/384556501_2-Oxazoline-Based_Polymer_for_Pharmaceutical_Products_Adsorption_in_Aqueous_Media,-10.602180868850475,-6.483174773612811
*CN(CCO)C(=O)C(c1ccccc1)c2ccccc2*,CC1=C(C(=O)N(N1C)C2=CC=CC=C2)N(C)C,8.2,133.33333,0.53543,interpolated,-10.3337919510636,-6.278638322566683
*CN(CCO)C(=O)C(c1ccccc1)c2ccccc2*,CC1=C(C(=O)N(N1C)C2=CC=CC=C2)N(C)C,8.2,166.66667,0.67707,interpolated,-10.549436384824459,-6.4085197258977304
*CN(CCO)C(=O)C(c1ccccc1)c2ccccc2*,CC1=C(C(=O)N(N1C)C2=CC=CC=C2)N(C)C,8.2,200.0,0.8187,https://www.researchgate.net/publication/384556501_2-Oxazoline-Based_Polymer_for_Pharmaceutical_Products_Adsorption_in_Aqueous_Media,-10.447407352968678,-6.32539754504748
*C=C*,CC(C)C1=C(C(=C(N1CC[C@H](C[C@H](CC(=O)O)O)O)C2=CC=C(C=C2)F)C3=CC=CC=C3)C(=O)NC4=CC=CC=C4,7.8,0.5,0.0691,https://www.sciencedirect.com/science/article/pii/S0048969721071473,-11.23195576855785,-5.782294862685091
*C=C*,C1=CC=C2C(=C1)C=CC3=CC=CC=C3N2C(=O)N,7.8,0.5,0.0837,https://www.sciencedirect.com/science/article/pii/S0048969721071473,-11.231955259957754,-5.78229563707326
*C=C*,CNCCC(C1=CC=CC=C1)OC2=CC=C(C=C2)C(F)(F)F,7.8,0.5,0.362,https://www.sciencedirect.com/science/article/pii/S0048969721071473,-11.231955734806819,-5.7822947855583475
*C=C*,CNC1(CCCCC1=O)C2=CC=CC=C2Cl,7.8,0.5,0.0809,https://www.sciencedirect.com/science/article/pii/S0048969721071473,-11.231954405191816,-5.7822926356927455
*C=C*,CC(C)NCC(COC1=CC=CC2=CC=CC=C21)O,7.8,0.5,0.186,https://www.sciencedirect.com/science/article/pii/S0048969721071473,-11.23195430716169,-5.7822933866080355
*C1CN1*,C1=CC=C2C(=C1)C(=CC(=C2N)N=NC3=CC=C(C=C3)C4=CC=C(C=C4)N=NC5=C(C6=CC=CC=C6C(=C5)S(=O)(=O)[O-])N)S(=O)(=O)[O-].[Na+].[Na+],6.0,300.0,105.0,https://link.springer.com/article/10.1007/s13369-023-08604-z,-10.290534319573139,-2.186298253656141
*C1CN1*,C1=CC=C2C(=C1)C(=CC(=C2N)N=NC3=CC=C(C=C3)C4=CC=C(C=C4)N=NC5=C(C6=CC=CC=C6C(=C5)S(=O)(=O)[O-])N)S(=O)(=O)[O-].[Na+].[Na+],6.0,375.0,70.7,interpolated,-10.2905282623353,-2.186311469221153
*C1CN1*,C1=CC=C2C(=C1)C(=CC(=C2N)N=NC3=CC=C(C=C3)C4=CC=C(C=C4)N=NC5=C(C6=CC=CC=C6C(=C5)S(=O)(=O)[O-])N)S(=O)(=O)[O-].[Na+].[Na+],6.0,450.0,36.4,interpolated,-10.290532715742026,-2.186303256638444
*C1CN1*,C1=CC=C2C(=C1)C(=CC(=C2N)N=NC3=CC=C(C=C3)C4=CC=C(C=C4)N=NC5=C(C6=CC=CC=C6C(=C5)S(=O)(=O)[O-])N)S(=O)(=O)[O-].[Na+].[Na+],6.0,525.0,2.1,https://link.springer.com/article/10.1007/s13369-023-08604-z,-10.29053676149794,-2.1862989725906017
*C1CN1*,C1=CC=C2C(=C1)C(=CC(=C2N)N=NC3=CC=C(C=C3)C4=CC=C(C=C4)N=NC5=C(C6=CC=CC=C6C(=C5)S(=O)(=O)[O-])N)S(=O)(=O)[O-].[Na+].[Na+],6.0,583.33333,2.33333,interpolated,-10.290534582379545,-2.18630145202224
*C1CN1*,C1=CC=C2C(=C1)C(=CC(=C2N)N=NC3=CC=C(C=C3)C4=CC=C(C=C4)N=NC5=C(C6=CC=CC=C6C(=C5)S(=O)(=O)[O-])N)S(=O)(=O)[O-].[Na+].[Na+],6.0,641.66667,2.56667,interpolated,-10.290540755633419,-2.1862731447052943
*C1CN1*,C1=CC=C2C(=C1)C(=CC(=C2N)N=NC3=CC=C(C=C3)C4=CC=C(C=C4)N=NC5=C(C6=CC=CC=C6C(=C5)S(=O)(=O)[O-])N)S(=O)(=O)[O-].[Na+].[Na+],6.0,700.0,2.8,https://link.springer.com/article/10.1007/s13369-023-08604-z,-10.290534106227533,-2.1862950136332255
*C1CN1*,C1=CC=C2C(=C1)C(=CC(=C2N)N=NC3=CC=C(C=C3)C4=CC=C(C=C4)N=NC5=C(C6=CC=CC=C6C(=C5)S(=O)(=O)[O-])N)S(=O)(=O)[O-].[Na+].[Na+],6.0,933.33333,3.73333,interpolated,-10.290533382517937,-2.186302938616737
*C1CN1*,C1=CC=C2C(=C1)C(=CC(=C2N)N=NC3=CC=C(C=C3)C4=CC=C(C=C4)N=NC5=C(C6=CC=CC=C6C(=C5)S(=O)(=O)[O-])N)S(=O)(=O)[O-].[Na+].[Na+],6.0,1166.66667,4.66667,interpolated,-10.290535192035586,-2.1863020437226406
*C1CN1*,C1=CC=C2C(=C1)C(=CC(=C2N)N=NC3=CC=C(C=C3)C4=CC=C(C=C4)N=NC5=C(C6=CC=CC=C6C(=C5)S(=O)(=O)[O-])N)S(=O)(=O)[O-].[Na+].[Na+],6.0,1400.0,5.6,https://link.springer.com/article/10.1007/s13369-023-08604-z,-10.29052635082129,-2.186297339030759
