POLYMER_USED,DRUG,WATER_PH,CONCENTRATION,CAPACITY,SOURCE,homo_eV,lumo_eV
*CC(C)(C(=O)OCCOC(=O)C(CCN)N)*,Clc1cc(Cl)ccc1OCC(=O)O,6.5,25.0,50.81,https://www.researchgate.net/publication/363374372_Single_and_Dual_polymeric_sponges_for_emerging_pollutants_removal,-10.697602369490658,-7.357145322257666
*CC(C)(C(=O)OCCOC(=O)C(CCN)N)*,CC1([C@@H](N2[C@H](S1)[C@@H](C2=O)NC(=O)[C@@H](C3=CC=CC=C3)N)C(=O)O)C,6.5,25.0,13.44,https://www.researchgate.net/publication/363374372_Single_and_Dual_polymeric_sponges_for_emerging_pollutants_removal,-10.463685650626545,-7.435876353487626
*CC(C)(C(=O)OCCOC(=O)C(CCN)N)*,C[C@@H]1[C@H]2[C@@H]([C@H]3[C@@H](C(=O)C(=C([C@]3(C(=O)C2=C(C4=C1C=CC=C4O)O)O)O)C(=O)N)N(C)C)O,6.5,25.0,6.75,https://www.researchgate.net/publication/363374372_Single_and_Dual_polymeric_sponges_for_emerging_pollutants_removal,-8.105500749637457,-6.759935050729132
*CC(C)(C(=O)OCCOC(=O)C(CCN)N)*,C1=CC(=C(C=C1F)F)C(CN2C=NC=N2)(CN3C=NC=N3)O,6.5,25.0,0.0,https://www.researchgate.net/publication/363374372_Single_and_Dual_polymeric_sponges_for_emerging_pollutants_removal,-10.805215577109117,-7.496000745855838
*CC(C)(C(=O)OCCOC(=O)C(CCN)N)*,CCN1C=C(C(=O)C2=CC(=C(C(=C21)F)N3CCNC(C3)C)F)C(=O)O,6.5,25.0,0.0,https://www.researchgate.net/publication/363374372_Single_and_Dual_polymeric_sponges_for_emerging_pollutants_removal,-7.787585621155165,-7.5116030012174795
*CC(C)(C(=O)OCCOC(=O)C(CCN)N)*,CN(C)C1=CC2=C(C=C1)N=C3C=CC(=O)C=C3S2,6.5,25.0,0.0,https://www.researchgate.net/publication/363374372_Single_and_Dual_polymeric_sponges_for_emerging_pollutants_removal,-8.599810568168758,-6.853472548053521
*CC(C)(C(=O)OCCOC(=O)C(CCN)N)*,C[C@@H]\1C/C(=C/C[C@@H]2C[C@@H](C[C@@]3(O2)C/C(=N\OC)/[C@@H]([C@H](O3)/C(=C/C(C)C)/C)C)OC(=O)[C@@H]4C=C([C@H]([C@@H]5[C@]4(/C(=C/C=C1)/CO5)O)O)C)/C,6.5,25.0,13.17,https://www.researchgate.net/publication/363374372_Single_and_Dual_polymeric_sponges_for_emerging_pollutants_removal,-10.333087076879202,-6.8912692564889735
*CC(C)(C(=O)OCCOC(=O)C(CCN)N)*,CN1C(=C(C2=CC=CC=C2S1(=O)=O)O)C(=O)NC3=CC=CC=N3,6.5,25.0,13.78,https://www.researchgate.net/publication/363374372_Single_and_Dual_polymeric_sponges_for_emerging_pollutants_removal,-7.897180553781687,-7.228425932357771
*CC(C)(C(=O)OCCOC(=O)C(CCN)N)*,CC1=CC(=C(C=C1C2(C3=CC=CC=C3S(=O)(=O)O2)C4=CC(=C(C=C4C)O)C(C)C)C(C)C)O,6.5,25.0,22.63,https://www.researchgate.net/publication/363374372_Single_and_Dual_polymeric_sponges_for_emerging_pollutants_removal,-10.263011787699996,-7.215618088984786
*CC(C)(C(=O)O)*,Clc1cc(Cl)ccc1OCC(=O)O,6.5,25.0,0.0,https://www.researchgate.net/publication/363374372_Single_and_Dual_polymeric_sponges_for_emerging_pollutants_removal,-10.759109251698689,-7.528357139818802
*CC(C)(C(=O)O)*,CC1([C@@H](N2[C@H](S1)[C@@H](C2=O)NC(=O)[C@@H](C3=CC=CC=C3)N)C(=O)O)C,6.5,25.0,0.0,https://www.researchgate.net/publication/363374372_Single_and_Dual_polymeric_sponges_for_emerging_pollutants_removal,-10.548833992061946,-7.404368175972884
*CC(C)(C(=O)O)*,C[C@@H]1[C@H]2[C@@H]([C@H]3[C@@H](C(=O)C(=C([C@]3(C(=O)C2=C(C4=C1C=CC=C4O)O)O)O)C(=O)N)N(C)C)O,6.5,25.0,7.91,https://www.researchgate.net/publication/363374372_Single_and_Dual_polymeric_sponges_for_emerging_pollutants_removal,-8.708595277835052,-7.940994551654736
*CC(C)(C(=O)O)*,C1=CC(=C(C=C1F)F)C(CN2C=NC=N2)(CN3C=NC=N3)O,6.5,25.0,0.0,https://www.researchgate.net/publication/363374372_Single_and_Dual_polymeric_sponges_for_emerging_pollutants_removal,-10.713054880172367,-7.397450457657807
*CC(C)(C(=O)O)*,CCN1C=C(C(=O)C2=CC(=C(C(=C21)F)N3CCNC(C3)C)F)C(=O)O,6.5,25.0,23.67,https://www.researchgate.net/publication/363374372_Single_and_Dual_polymeric_sponges_for_emerging_pollutants_removal,-7.6387122413451936,-6.701738315535558
*CC(C)(C(=O)O)*,CN(C)C1=CC2=C(C=C1)N=C3C=CC(=O)C=C3S2,6.5,25.0,24.44,https://www.researchgate.net/publication/363374372_Single_and_Dual_polymeric_sponges_for_emerging_pollutants_removal,-8.599808963027261,-6.853472856390873
*CC(C)(C(=O)O)*,C[C@@H]\1C/C(=C/C[C@@H]2C[C@@H](C[C@@]3(O2)C/C(=N\OC)/[C@@H]([C@H](O3)/C(=C/C(C)C)/C)C)OC(=O)[C@@H]4C=C([C@H]([C@@H]5[C@]4(/C(=C/C=C1)/CO5)O)O)C)/C,6.5,25.0,22.69,https://www.researchgate.net/publication/363374372_Single_and_Dual_polymeric_sponges_for_emerging_pollutants_removal,-10.16293025197089,-6.665924071082451
*CC(C)(C(=O)O)*,CN1C(=C(C2=CC=CC=C2S1(=O)=O)O)C(=O)NC3=CC=CC=N3,6.5,25.0,0.0,https://www.researchgate.net/publication/363374372_Single_and_Dual_polymeric_sponges_for_emerging_pollutants_removal,-7.897180712390255,-7.228426552362797
*CC(C)(C(=O)O)*,CC1=CC(=C(C=C1C2(C3=CC=CC=C3S(=O)(=O)O2)C4=CC(=C(C=C4C)O)C(C)C)C(C)C)O,6.5,25.0,0.0,https://www.researchgate.net/publication/363374372_Single_and_Dual_polymeric_sponges_for_emerging_pollutants_removal,-10.245539445144438,-7.192559630717571
*CC(C1=CC=C(C=C1)CN(C)C[C@@H]([C@H]([C@@H]([C@@H](CO)O)O)O)O)*,Clc1cc(Cl)ccc1OCC(=O)O,6.5,25.0,24.38,https://www.researchgate.net/publication/363374372_Single_and_Dual_polymeric_sponges_for_emerging_pollutants_removal,-10.759127290543399,-7.5283183499667885
*CC(C1=CC=C(C=C1)CN(C)C[C@@H]([C@H]([C@@H]([C@@H](CO)O)O)O)O)*,Clc1cc(Cl)ccc1OCC(=O)O,6.5,25.0,22.19,https://www.researchgate.net/publication/363374372_Single_and_Dual_polymeric_sponges_for_emerging_pollutants_removal,-10.744128015872596,-7.280060381789951
*CC(C1=CC=C(C=C1)CN(C)C[C@@H]([C@H]([C@@H]([C@@H](CO)O)O)O)O)*,Clc1cc(Cl)ccc1OCC(=O)O,6.5,33.33333,29.84,interpolated,-10.744126596614505,-7.280066788340268
*CC(C1=CC=C(C=C1)CN(C)C[C@@H]([C@H]([C@@H]([C@@H](CO)O)O)O)O)*,Clc1cc(Cl)ccc1OCC(=O)O,6.5,41.66667,37.49,interpolated,-10.697607855678553,-7.357148520121802
*CC(C1=CC=C(C=C1)CN(C)C[C@@H]([C@H]([C@@H]([C@@H](CO)O)O)O)O)*,Clc1cc(Cl)ccc1OCC(=O)O,6.5,50.0,45.14,https://www.researchgate.net/publication/363374372_Single_and_Dual_polymeric_sponges_for_emerging_pollutants_removal,-10.796721524567335,-7.403978573740097
*CC(C1=CC=C(C=C1)CN(C)C[C@@H]([C@H]([C@@H]([C@@H](CO)O)O)O)O)*,Clc1cc(Cl)ccc1OCC(=O)O,6.5,66.66667,60.51667,interpolated,-10.759107482856939,-7.528361319436669
*CC(C1=CC=C(C=C1)CN(C)C[C@@H]([C@H]([C@@H]([C@@H](CO)O)O)O)O)*,Clc1cc(Cl)ccc1OCC(=O)O,6.5,83.33333,75.89333,interpolated,-10.796720702533872,-7.403976694729188
*CC(C1=CC=C(C=C1)CN(C)C[C@@H]([C@H]([C@@H]([C@@H](CO)O)O)O)O)*,Clc1cc(Cl)ccc1OCC(=O)O,6.5,100.0,91.27,https://www.researchgate.net/publication/363374372_Single_and_Dual_polymeric_sponges_for_emerging_pollutants_removal,-10.744127248158556,-7.280059565332082
*CC(C1=CC=C(C=C1)CN(C)C[C@@H]([C@H]([C@@H]([C@@H](CO)O)O)O)O)*,CC1([C@@H](N2[C@H](S1)[C@@H](C2=O)NC(=O)[C@@H](C3=CC=CC=C3)N)C(=O)O)C,6.5,25.0,0.0,https://www.researchgate.net/publication/363374372_Single_and_Dual_polymeric_sponges_for_emerging_pollutants_removal,-10.441673437576348,-7.469419563246351
*CC(C1=CC=C(C=C1)CN(C)C[C@@H]([C@H]([C@@H]([C@@H](CO)O)O)O)O)*,C[C@@H]1[C@H]2[C@@H]([C@H]3[C@@H](C(=O)C(=C([C@]3(C(=O)C2=C(C4=C1C=CC=C4O)O)O)O)C(=O)N)N(C)C)O,6.5,25.0,0.0,https://www.researchgate.net/publication/363374372_Single_and_Dual_polymeric_sponges_for_emerging_pollutants_removal,-8.07300462281089,-7.070273729471408
*CC(C1=CC=C(C=C1)CN(C)C[C@@H]([C@H]([C@@H]([C@@H](CO)O)O)O)O)*,C1=CC(=C(C=C1F)F)C(CN2C=NC=N2)(CN3C=NC=N3)O,6.5,25.0,0.0,https://www.researchgate.net/publication/363374372_Single_and_Dual_polymeric_sponges_for_emerging_pollutants_removal,-10.859140130630156,-7.484682455491091
*CC(C1=CC=C(C=C1)CN(C)C[C@@H]([C@H]([C@@H]([C@@H](CO)O)O)O)O)*,CCN1C=C(C(=O)C2=CC(=C(C(=C21)F)N3CCNC(C3)C)F)C(=O)O,6.5,25.0,0.0,https://www.researchgate.net/publication/363374372_Single_and_Dual_polymeric_sponges_for_emerging_pollutants_removal,-7.664173608887538,-7.322340568561751
*CC(C1=CC=C(C=C1)CN(C)C[C@@H]([C@H]([C@@H]([C@@H](CO)O)O)O)O)*,CN(C)C1=CC2=C(C=C1)N=C3C=CC(=O)C=C3S2,6.5,25.0,0.0,https://www.researchgate.net/publication/363374372_Single_and_Dual_polymeric_sponges_for_emerging_pollutants_removal,-8.599810835661625,-6.853471275298698
*CC(C1=CC=C(C=C1)CN(C)C[C@@H]([C@H]([C@@H]([C@@H](CO)O)O)O)O)*,C[C@@H]\1C/C(=C/C[C@@H]2C[C@@H](C[C@@]3(O2)C/C(=N\OC)/[C@@H]([C@H](O3)/C(=C/C(C)C)/C)C)OC(=O)[C@@H]4C=C([C@H]([C@@H]5[C@]4(/C(=C/C=C1)/CO5)O)O)C)/C,6.5,25.0,15.13,https://www.researchgate.net/publication/363374372_Single_and_Dual_polymeric_sponges_for_emerging_pollutants_removal,-10.28568701672751,-6.910968241880592
*CC(C1=CC=C(C=C1)CN(C)C[C@@H]([C@H]([C@@H]([C@@H](CO)O)O)O)O)*,C[C@@H]\1C/C(=C/C[C@@H]2C[C@@H](C[C@@]3(O2)C/C(=N\OC)/[C@@H]([C@H](O3)/C(=C/C(C)C)/C)C)OC(=O)[C@@H]4C=C([C@H]([C@@H]5[C@]4(/C(=C/C=C1)/CO5)O)O)C)/C,6.5,25.0,15.21,https://www.researchgate.net/publication/363374372_Single_and_Dual_polymeric_sponges_for_emerging_pollutants_removal,-10.118939911769466,-6.894344895027922
*CC(C1=CC=C(C=C1)CN(C)C[C@@H]([C@H]([C@@H]([C@@H](CO)O)O)O)O)*,C[C@@H]\1C/C(=C/C[C@@H]2C[C@@H](C[C@@]3(O2)C/C(=N\OC)/[C@@H]([C@H](O3)/C(=C/C(C)C)/C)C)OC(=O)[C@@H]4C=C([C@H]([C@@H]5[C@]4(/C(=C/C=C1)/CO5)O)O)C)/C,6.5,33.33333,20.28,interpolated,-10.26084068282636,-7.229010338159042
*CC(C1=CC=C(C=C1)CN(C)C[C@@H]([C@H]([C@@H]([C@@H](CO)O)O)O)O)*,C[C@@H]\1C/C(=C/C[C@@H]2C[C@@H](C[C@@]3(O2)C/C(=N\OC)/[C@@H]([C@H](O3)/C(=C/C(C)C)/C)C)OC(=O)[C@@H]4C=C([C@H]([C@@H]5[C@]4(/C(=C/C=C1)/CO5)O)O)C)/C,6.5,41.66667,25.35,interpolated,-10.192441258049762,-7.040509406568998
*CC(C1=CC=C(C=C1)CN(C)C[C@@H]([C@H]([C@@H]([C@@H](CO)O)O)O)O)*,C[C@@H]\1C/C(=C/C[C@@H]2C[C@@H](C[C@@]3(O2)C/C(=N\OC)/[C@@H]([C@H](O3)/C(=C/C(C)C)/C)C)OC(=O)[C@@H]4C=C([C@H]([C@@H]5[C@]4(/C(=C/C=C1)/CO5)O)O)C)/C,6.5,50.0,30.42,https://www.researchgate.net/publication/363374372_Single_and_Dual_polymeric_sponges_for_emerging_pollutants_removal,-10.309090511830917,-7.165005656173773
*CC(C1=CC=C(C=C1)CN(C)C[C@@H]([C@H]([C@@H]([C@@H](CO)O)O)O)O)*,C[C@@H]\1C/C(=C/C[C@@H]2C[C@@H](C[C@@]3(O2)C/C(=N\OC)/[C@@H]([C@H](O3)/C(=C/C(C)C)/C)C)OC(=O)[C@@H]4C=C([C@H]([C@@H]5[C@]4(/C(=C/C=C1)/CO5)O)O)C)/C,6.5,66.66667,40.62667,interpolated,-10.239759598860374,-7.026662600321075
*CC(C1=CC=C(C=C1)CN(C)C[C@@H]([C@H]([C@@H]([C@@H](CO)O)O)O)O)*,C[C@@H]\1C/C(=C/C[C@@H]2C[C@@H](C[C@@]3(O2)C/C(=N\OC)/[C@@H]([C@H](O3)/C(=C/C(C)C)/C)C)OC(=O)[C@@H]4C=C([C@H]([C@@H]5[C@]4(/C(=C/C=C1)/CO5)O)O)C)/C,6.5,83.33333,50.83333,interpolated,-10.279959254015328,-7.087492227605409
*CC(C1=CC=C(C=C1)CN(C)C[C@@H]([C@H]([C@@H]([C@@H](CO)O)O)O)O)*,C[C@@H]\1C/C(=C/C[C@@H]2C[C@@H](C[C@@]3(O2)C/C(=N\OC)/[C@@H]([C@H](O3)/C(=C/C(C)C)/C)C)OC(=O)[C@@H]4C=C([C@H]([C@@H]5[C@]4(/C(=C/C=C1)/CO5)O)O)C)/C,6.5,100.0,61.04,https://www.researchgate.net/publication/363374372_Single_and_Dual_polymeric_sponges_for_emerging_pollutants_removal,-10.281528746995615,-6.901210124623302
*CC(C1=CC=C(C=C1)CN(C)C[C@@H]([C@H]([C@@H]([C@@H](CO)O)O)O)O)*,CN1C(=C(C2=CC=CC=C2S1(=O)=O)O)C(=O)NC3=CC=CC=N3,6.5,25.0,22.87,https://www.researchgate.net/publication/363374372_Single_and_Dual_polymeric_sponges_for_emerging_pollutants_removal,-8.042728436795468,-7.391714298695074
*CC(C1=CC=C(C=C1)CN(C)C[C@@H]([C@H]([C@@H]([C@@H](CO)O)O)O)O)*,CN1C(=C(C2=CC=CC=C2S1(=O)=O)O)C(=O)NC3=CC=CC=N3,6.5,25.0,23.72,https://www.researchgate.net/publication/363374372_Single_and_Dual_polymeric_sponges_for_emerging_pollutants_removal,-8.04272537783004,-7.3917154520872685
*CC(C1=CC=C(C=C1)CN(C)C[C@@H]([C@H]([C@@H]([C@@H](CO)O)O)O)O)*,CN1C(=C(C2=CC=CC=C2S1(=O)=O)O)C(=O)NC3=CC=CC=N3,6.5,33.33333,31.54333,interpolated,-7.8971806444357115,-7.228426317606284
*CC(C1=CC=C(C=C1)CN(C)C[C@@H]([C@H]([C@@H]([C@@H](CO)O)O)O)O)*,CN1C(=C(C2=CC=CC=C2S1(=O)=O)O)C(=O)NC3=CC=CC=N3,6.5,41.66667,39.36667,interpolated,-8.042727991183884,-7.391713334851092
*CC(C1=CC=C(C=C1)CN(C)C[C@@H]([C@H]([C@@H]([C@@H](CO)O)O)O)O)*,CN1C(=C(C2=CC=CC=C2S1(=O)=O)O)C(=O)NC3=CC=CC=N3,6.5,50.0,47.19,https://www.researchgate.net/publication/363374372_Single_and_Dual_polymeric_sponges_for_emerging_pollutants_removal,-8.154735965951291,-7.301928081613651
*CC(C1=CC=C(C=C1)CN(C)C[C@@H]([C@H]([C@@H]([C@@H](CO)O)O)O)O)*,CN1C(=C(C2=CC=CC=C2S1(=O)=O)O)C(=O)NC3=CC=CC=N3,6.5,66.66667,62.67333,interpolated,-8.03868049942921,-7.443517619016688
*CC(C1=CC=C(C=C1)CN(C)C[C@@H]([C@H]([C@@H]([C@@H](CO)O)O)O)O)*,CN1C(=C(C2=CC=CC=C2S1(=O)=O)O)C(=O)NC3=CC=CC=N3,6.5,83.33333,78.15667,interpolated,-7.957441563089241,-7.321913350649482
*CC(C1=CC=C(C=C1)CN(C)C[C@@H]([C@H]([C@@H]([C@@H](CO)O)O)O)O)*,CN1C(=C(C2=CC=CC=C2S1(=O)=O)O)C(=O)NC3=CC=CC=N3,6.5,100.0,93.64,https://www.researchgate.net/publication/363374372_Single_and_Dual_polymeric_sponges_for_emerging_pollutants_removal,-8.08947024677269,-7.4343989852225585
*CC(C1=CC=C(C=C1)CN(C)C[C@@H]([C@H]([C@@H]([C@@H](CO)O)O)O)O)*,CC1=CC(=C(C=C1C2(C3=CC=CC=C3S(=O)(=O)O2)C4=CC(=C(C=C4C)O)C(C)C)C(C)C)O,6.5,25.0,24.17,https://www.researchgate.net/publication/363374372_Single_and_Dual_polymeric_sponges_for_emerging_pollutants_removal,-10.277879854991307,-7.198021352198326
*CC(C1=CC=C(C=C1)CN(C)C[C@@H]([C@H]([C@@H]([C@@H](CO)O)O)O)O)*,CC1=CC(=C(C=C1C2(C3=CC=CC=C3S(=O)(=O)O2)C4=CC(=C(C=C4C)O)C(C)C)C(C)C)O,6.5,25.0,24.38,https://www.researchgate.net/publication/363374372_Single_and_Dual_polymeric_sponges_for_emerging_pollutants_removal,-10.257780579657659,-7.183675047746292
*CC(C1=CC=C(C=C1)CN(C)C[C@@H]([C@H]([C@@H]([C@@H](CO)O)O)O)O)*,CC1=CC(=C(C=C1C2(C3=CC=CC=C3S(=O)(=O)O2)C4=CC(=C(C=C4C)O)C(C)C)C(C)C)O,6.5,33.33333,31.92333,interpolated,-10.287083857917002,-7.201964921720404
*CC(C1=CC=C(C=C1)CN(C)C[C@@H]([C@H]([C@@H]([C@@H](CO)O)O)O)O)*,CC1=CC(=C(C=C1C2(C3=CC=CC=C3S(=O)(=O)O2)C4=CC(=C(C=C4C)O)C(C)C)C(C)C)O,6.5,41.66667,39.46667,interpolated,-10.270034837085179,-7.206805666189215
*CC(C1=CC=C(C=C1)CN(C)C[C@@H]([C@H]([C@@H]([C@@H](CO)O)O)O)O)*,CC1=CC(=C(C=C1C2(C3=CC=CC=C3S(=O)(=O)O2)C4=CC(=C(C=C4C)O)C(C)C)C(C)C)O,6.5,50.0,47.01,https://www.researchgate.net/publication/363374372_Single_and_Dual_polymeric_sponges_for_emerging_pollutants_removal,-10.270178391680227,-7.2076325861823465
*CC(C1=CC=C(C=C1)CN(C)C[C@@H]([C@H]([C@@H]([C@@H](CO)O)O)O)O)*,CC1=CC(=C(C=C1C2(C3=CC=CC=C3S(=O)(=O)O2)C4=CC(=C(C=C4C)O)C(C)C)C(C)C)O,6.5,66.66667,62.68333,interpolated,-10.25880270097669,-7.192171368722368
*CC(C1=CC=C(C=C1)CN(C)C[C@@H]([C@H]([C@@H]([C@@H](CO)O)O)O)O)*,CC1=CC(=C(C=C1C2(C3=CC=CC=C3S(=O)(=O)O2)C4=CC(=C(C=C4C)O)C(C)C)C(C)C)O,6.5,83.33333,78.35667,interpolated,-10.275641933915061,-7.190571649412823
*CC(C1=CC=C(C=C1)CN(C)C[C@@H]([C@H]([C@@H]([C@@H](CO)O)O)O)O)*,CC1=CC(=C(C=C1C2(C3=CC=CC=C3S(=O)(=O)O2)C4=CC(=C(C=C4C)O)C(C)C)C(C)C)O,6.5,100.0,94.03,https://www.researchgate.net/publication/363374372_Single_and_Dual_polymeric_sponges_for_emerging_pollutants_removal,-10.30981802122975,-7.226794065528695
*CC(C)(C(=O)OCCO)*,Clc1cc(Cl)ccc1OCC(=O)O,6.5,25.0,3.46,https://www.researchgate.net/publication/363374372_Single_and_Dual_polymeric_sponges_for_emerging_pollutants_removal,-10.759107311472496,-7.528358837514117
*CC(C)(C(=O)OCCO)*,CC1([C@@H](N2[C@H](S1)[C@@H](C2=O)NC(=O)[C@@H](C3=CC=CC=C3)N)C(=O)O)C,6.5,25.0,4.2,https://www.researchgate.net/publication/363374372_Single_and_Dual_polymeric_sponges_for_emerging_pollutants_removal,-10.183564945586435,-7.542743703260383
*CC(C)(C(=O)OCCO)*,C[C@@H]1[C@H]2[C@@H]([C@H]3[C@@H](C(=O)C(=C([C@]3(C(=O)C2=C(C4=C1C=CC=C4O)O)O)O)C(=O)N)N(C)C)O,6.5,25.0,13.26,https://www.researchgate.net/publication/363374372_Single_and_Dual_polymeric_sponges_for_emerging_pollutants_removal,-7.918139298668075,-7.07135361739463
*CC(C)(C(=O)OCCO)*,C1=CC(=C(C=C1F)F)C(CN2C=NC=N2)(CN3C=NC=N3)O,6.5,25.0,0.0,https://www.researchgate.net/publication/363374372_Single_and_Dual_polymeric_sponges_for_emerging_pollutants_removal,-10.836257332365307,-7.465642556639348
*CC(C)(C(=O)OCCO)*,CCN1C=C(C(=O)C2=CC(=C(C(=C21)F)N3CCNC(C3)C)F)C(=O)O,6.5,25.0,0.0,https://www.researchgate.net/publication/363374372_Single_and_Dual_polymeric_sponges_for_emerging_pollutants_removal,-7.508052746171961,-6.631083717656111
*CC(C)(C(=O)OCCO)*,CN(C)C1=CC2=C(C=C1)N=C3C=CC(=O)C=C3S2,6.5,25.0,24.46,https://www.researchgate.net/publication/363374372_Single_and_Dual_polymeric_sponges_for_emerging_pollutants_removal,-8.59980941905612,-6.853471620808401
*CC(C)(C(=O)OCCO)*,C[C@@H]\1C/C(=C/C[C@@H]2C[C@@H](C[C@@]3(O2)C/C(=N\OC)/[C@@H]([C@H](O3)/C(=C/C(C)C)/C)C)OC(=O)[C@@H]4C=C([C@H]([C@@H]5[C@]4(/C(=C/C=C1)/CO5)O)O)C)/C,6.5,25.0,5.6,https://www.researchgate.net/publication/363374372_Single_and_Dual_polymeric_sponges_for_emerging_pollutants_removal,-10.291275308873594,-6.981678224198664
*CC(C)(C(=O)OCCO)*,CN1C(=C(C2=CC=CC=C2S1(=O)=O)O)C(=O)NC3=CC=CC=N3,6.5,25.0,0.0,https://www.researchgate.net/publication/363374372_Single_and_Dual_polymeric_sponges_for_emerging_pollutants_removal,-8.042729593261475,-7.391714081896421
*CC(C)(C(=O)OCCO)*,CC1=CC(=C(C=C1C2(C3=CC=CC=C3S(=O)(=O)O2)C4=CC(=C(C=C4C)O)C(C)C)C(C)C)O,6.5,25.0,14.73,https://www.researchgate.net/publication/363374372_Single_and_Dual_polymeric_sponges_for_emerging_pollutants_removal,-10.247294374238923,-7.204996898293526
*OC1C(O)C(O)C(*)OC1COC(=O)CC(O)(C(=O)O)CC(=O)NCCN,[Cd+2],5.0,100.0,43.5,https://www.sciencedirect.com/science/article/pii/S0141813022004779,-7.252341258388667,-0.7448650265382806
*OC1C(O)C(O)C(*)OC1COC(=O)CC(O)(C(=O)O)CC(=O)NCCN,[Pb+2],5.0,100.0,65.7,https://www.sciencedirect.com/science/article/pii/S0141813022004779,-24.0552078497181,-5.893816200595002
*CC(=C)C(=O)O*,C1=CC=C(C(=C1)CC(=O)O)NC2=C(C=CC=C2Cl)Cl,6.0,2.0,0.0717,https://link.springer.com/article/10.1007/s11356-022-19130-0,-9.970817631109316,-6.867566703711057
*CC(=C)C(=O)O*,,6.0,2.0,0.07,https://link.springer.com/article/10.1007/s11356-022-19130-0,,
*CC(=C)C(=O)O*,C[C@@H](C1=CC2=C(C=C1)C=C(C=C2)OC)C(=O)O,6.0,2.0,0.0719,https://link.springer.com/article/10.1007/s11356-022-19130-0,-9.975980448550432,-7.272315136891804
*CC(C(=O)NC(C)C)*,[Ag],6.6,100.0,13.6,https://www.sciencedirect.com/science/article/pii/S2213343718305608,-8.083960288021634,-2.9343331045490797
*NCCCCNC(=O)CCCC(=O)*,CC1([C@@H](N2[C@H](S1)[C@@H](C2=O)NC(=O)[C@@H](C3=CC=C(C=C3)O)N)C(=O)O)C.O.O.O,8.2,6.18e-05,0.000106766,https://link.springer.com/article/10.1007/s11270-023-06281-0,-4.042716752761829,-3.0769664296085835
*NCCCCNC(=O)CCCC(=O)*,CC1([C@@H](N2[C@H](S1)[C@@H](C2=O)NC(=O)[C@@H](C3=CC=C(C=C3)O)N)C(=O)O)C.O.O.O,8.2,0.0001,0.00018,interpolated,-7.237534868706544,-6.638045235859265
*NCCCCNC(=O)CCCC(=O)*,CC1([C@@H](N2[C@H](S1)[C@@H](C2=O)NC(=O)[C@@H](C3=CC=C(C=C3)O)N)C(=O)O)C.O.O.O,8.2,0.00013,0.00025,interpolated,-4.433742339299941,-3.426027879243388
*NCCCCNC(=O)CCCC(=O)*,CC1([C@@H](N2[C@H](S1)[C@@H](C2=O)NC(=O)[C@@H](C3=CC=C(C=C3)O)N)C(=O)O)C.O.O.O,8.2,0.0001713,0.00031752,https://link.springer.com/article/10.1007/s11270-023-06281-0,-5.6107987400211625,-4.527832419062387
*NCCCCNC(=O)CCCC(=O)*,CC1([C@@H](N2[C@H](S1)[C@@H](C2=O)NC(=O)[C@@H](C3=CC=C(C=C3)O)N)C(=O)O)C.O.O.O,8.2,0.00024,0.00055,interpolated,-4.832542822537581,-3.677980495285401
*NCCCCNC(=O)CCCC(=O)*,CC1([C@@H](N2[C@H](S1)[C@@H](C2=O)NC(=O)[C@@H](C3=CC=C(C=C3)O)N)C(=O)O)C.O.O.O,8.2,0.00032,0.00078,interpolated,-6.665889756691869,-3.7862839171139995
*NCCCCNC(=O)CCCC(=O)*,CC1([C@@H](N2[C@H](S1)[C@@H](C2=O)NC(=O)[C@@H](C3=CC=C(C=C3)O)N)C(=O)O)C.O.O.O,8.2,0.0003904,0.0010122667,https://link.springer.com/article/10.1007/s11270-023-06281-0,-6.349562484381598,-5.638543171684621
*NCCCCNC(=O)CCCC(=O)*,CC1([C@@H](N2[C@H](S1)[C@@H](C2=O)NC(=O)[C@@H](C3=CC=C(C=C3)O)N)C(=O)O)C.O.O.O,8.2,0.00042,0.00121,interpolated,-7.315897244455893,-6.344822343314371
*NCCCCNC(=O)CCCC(=O)*,CC1([C@@H](N2[C@H](S1)[C@@H](C2=O)NC(=O)[C@@H](C3=CC=C(C=C3)O)N)C(=O)O)C.O.O.O,8.2,0.00044,0.00142,interpolated,-4.392553790682183,-3.831478768355534
*NCCCCNC(=O)CCCC(=O)*,CC1([C@@H](N2[C@H](S1)[C@@H](C2=O)NC(=O)[C@@H](C3=CC=C(C=C3)O)N)C(=O)O)C.O.O.O,8.2,0.0004691,0.0016180333,https://link.springer.com/article/10.1007/s11270-023-06281-0,-5.4407197153758124,-3.963836549038215
*NCCCCNC(=O)CCCC(=O)*,CC1([C@@H](N2[C@H](S1)[C@@H](C2=O)NC(=O)[C@@H](C3=CC=C(C=C3)O)N)C(=O)O)C.O.O.O,8.2,0.00215,0.00691,interpolated,-7.143868544179103,-6.6158791809615956
*NCCCCNC(=O)CCCC(=O)*,CC1([C@@H](N2[C@H](S1)[C@@H](C2=O)NC(=O)[C@@H](C3=CC=C(C=C3)O)N)C(=O)O)C.O.O.O,8.2,0.00384,0.0122,interpolated,-4.714095690656212,-3.1494793087066237
*NCCCCNC(=O)CCCC(=O)*,CC1([C@@H](N2[C@H](S1)[C@@H](C2=O)NC(=O)[C@@H](C3=CC=C(C=C3)O)N)C(=O)O)C.O.O.O,7.0,0.005519,0.0174953333,https://link.springer.com/article/10.1007/s11270-023-06281-0,-5.3431834819844575,-4.7113511815115805
*NCCCCNC(=O)CCCC(=O)*,CC1([C@@H](N2[C@H](S1)[C@@H](C2=O)NC(=O)[C@@H](C3=CC=C(C=C3)O)N)C(=O)O)C.O.O.O,8.2,0.006,0.0195,interpolated,-5.200626914364171,-4.603368621968324
*NCCCCNC(=O)CCCC(=O)*,CC1([C@@H](N2[C@H](S1)[C@@H](C2=O)NC(=O)[C@@H](C3=CC=C(C=C3)O)N)C(=O)O)C.O.O.O,8.2,0.00648,0.02151,interpolated,-5.31940375849845,-4.351851824107019
*NCCCCNC(=O)CCCC(=O)*,CC1([C@@H](N2[C@H](S1)[C@@H](C2=O)NC(=O)[C@@H](C3=CC=C(C=C3)O)N)C(=O)O)C.O.O.O,7.0,0.006967,0.0235116667,https://link.springer.com/article/10.1007/s11270-023-06281-0,-7.502498090046456,-5.807898429341442
*NCCCCNC(=O)CCCC(=O)*,CC1([C@@H](N2[C@H](S1)[C@@H](C2=O)NC(=O)[C@@H](C3=CC=C(C=C3)O)N)C(=O)O)C.O.O.O,8.2,0.00946,0.04207,interpolated,-4.669677775521036,-4.274838437029967
*NCCCCNC(=O)CCCC(=O)*,CC1([C@@H](N2[C@H](S1)[C@@H](C2=O)NC(=O)[C@@H](C3=CC=C(C=C3)O)N)C(=O)O)C.O.O.O,8.2,0.01196,0.06062,interpolated,-5.624453141294277,-4.862437350235153
*NCCCCNC(=O)CCCC(=O)*,CC1([C@@H](N2[C@H](S1)[C@@H](C2=O)NC(=O)[C@@H](C3=CC=C(C=C3)O)N)C(=O)O)C.O.O.O,7.0,0.01446,0.07918,https://link.springer.com/article/10.1007/s11270-023-06281-0,-5.205419671938449,-4.260452362735461
*NCCCCNC(=O)CCCC(=O)*,CC1([C@@H](N2[C@H](S1)[C@@H](C2=O)NC(=O)[C@@H](C3=CC=C(C=C3)O)N)C(=O)O)C.O.O.O,8.2,0.01786,0.16521,interpolated,-5.2660326696569815,-4.352095368782567
*NCCCCNC(=O)CCCC(=O)*,CC1([C@@H](N2[C@H](S1)[C@@H](C2=O)NC(=O)[C@@H](C3=CC=C(C=C3)O)N)C(=O)O)C.O.O.O,8.2,0.02125,0.25125,interpolated,-5.431148796517518,-4.61042719123446
*NCCCCNC(=O)CCCC(=O)*,CC1([C@@H](N2[C@H](S1)[C@@H](C2=O)NC(=O)[C@@H](C3=CC=C(C=C3)O)N)C(=O)O)C.O.O.O,7.0,0.02465,0.3372833333,https://link.springer.com/article/10.1007/s11270-023-06281-0,-4.263806645321186,-4.03623688183959
*NCCCCNC(=O)CCCC(=O)*,CC1([C@@H](N2[C@H](S1)[C@@H](C2=O)NC(=O)[C@@H](C3=CC=C(C=C3)O)N)C(=O)O)C.O.O.O,8.2,0.02593,0.43746,interpolated,-4.903233450569038,-3.64380402680233
*NCCCCNC(=O)CCCC(=O)*,CC1([C@@H](N2[C@H](S1)[C@@H](C2=O)NC(=O)[C@@H](C3=CC=C(C=C3)O)N)C(=O)O)C.O.O.O,8.2,0.02722,0.53763,interpolated,-4.7436164673252925,-3.4478507547044566
*NCCCCNC(=O)CCCC(=O)*,CC1([C@@H](N2[C@H](S1)[C@@H](C2=O)NC(=O)[C@@H](C3=CC=C(C=C3)O)N)C(=O)O)C.O.O.O,7.0,0.0285,0.6378,https://link.springer.com/article/10.1007/s11270-023-06281-0,-6.094447557909463,-4.992862089794612
*NCCCCNC(=O)CCCC(=O)*,CC[C@@H]1[C@@]([C@@H]([C@H](N(C[C@@H](C[C@@]([C@@H]([C@H]([C@@H]([C@H](C(=O)O1)C)O[C@H]2C[C@@]([C@H]([C@@H](O2)C)O)(C)OC)C)O[C@H]3[C@@H]([C@H](C[C@H](O3)C)N(C)C)O)(C)O)C)C)C)O)(C)O.O.O,8.2,0.0002051,0.0004171633,https://link.springer.com/article/10.1007/s11270-023-06281-0,-2.3914081352692955,-1.8160487139326078
*NCCCCNC(=O)CCCC(=O)*,CC[C@@H]1[C@@]([C@@H]([C@H](N(C[C@@H](C[C@@]([C@@H]([C@H]([C@@H]([C@H](C(=O)O1)C)O[C@H]2C[C@@]([C@H]([C@@H](O2)C)O)(C)OC)C)O[C@H]3[C@@H]([C@H](C[C@H](O3)C)N(C)C)O)(C)O)C)C)C)O)(C)O.O.O,8.2,0.00022,0.00052,interpolated,-0.758488068050116,-0.5584941102173172
*NCCCCNC(=O)CCCC(=O)*,CC[C@@H]1[C@@]([C@@H]([C@H](N(C[C@@H](C[C@@]([C@@H]([C@H]([C@@H]([C@H](C(=O)O1)C)O[C@H]2C[C@@]([C@H]([C@@H](O2)C)O)(C)OC)C)O[C@H]3[C@@H]([C@H](C[C@H](O3)C)N(C)C)O)(C)O)C)C)C)O)(C)O.O.O,8.2,0.00024,0.00061,interpolated,-1.5002871031150076,-1.1255971087599592
*NCCCCNC(=O)CCCC(=O)*,CC[C@@H]1[C@@]([C@@H]([C@H](N(C[C@@H](C[C@@]([C@@H]([C@H]([C@@H]([C@H](C(=O)O1)C)O[C@H]2C[C@@]([C@H]([C@@H](O2)C)O)(C)OC)C)O[C@H]3[C@@H]([C@H](C[C@H](O3)C)N(C)C)O)(C)O)C)C)C)O)(C)O.O.O,8.2,0.000264,0.0007131,https://link.springer.com/article/10.1007/s11270-023-06281-0,-1.2109805589084377,-0.7809384283240081
*NCCCCNC(=O)CCCC(=O)*,CC[C@@H]1[C@@]([C@@H]([C@H](N(C[C@@H](C[C@@]([C@@H]([C@H]([C@@H]([C@H](C(=O)O1)C)O[C@H]2C[C@@]([C@H]([C@@H](O2)C)O)(C)OC)C)O[C@H]3[C@@H]([C@H](C[C@H](O3)C)N(C)C)O)(C)O)C)C)C)O)(C)O.O.O,8.2,0.00028,0.00079,interpolated,-2.5807326757388114,-2.454262060063226
*NCCCCNC(=O)CCCC(=O)*,CC[C@@H]1[C@@]([C@@H]([C@H](N(C[C@@H](C[C@@]([C@@H]([C@H]([C@@H]([C@H](C(=O)O1)C)O[C@H]2C[C@@]([C@H]([C@@H](O2)C)O)(C)OC)C)O[C@H]3[C@@H]([C@H](C[C@H](O3)C)N(C)C)O)(C)O)C)C)C)O)(C)O.O.O,8.2,0.0003,0.00086,interpolated,-1.2080597935002015,-1.1016262044034437
*NCCCCNC(=O)CCCC(=O)*,CC[C@@H]1[C@@]([C@@H]([C@H](N(C[C@@H](C[C@@]([C@@H]([C@H]([C@@H]([C@H](C(=O)O1)C)O[C@H]2C[C@@]([C@H]([C@@H](O2)C)O)(C)OC)C)O[C@H]3[C@@H]([C@H](C[C@H](O3)C)N(C)C)O)(C)O)C)C)C)O)(C)O.O.O,8.2,0.0003146,0.0009330333,https://link.springer.com/article/10.1007/s11270-023-06281-0,-1.0242351826933929,-0.5855668464715125
*NCCCCNC(=O)CCCC(=O)*,CC[C@@H]1[C@@]([C@@H]([C@H](N(C[C@@H](C[C@@]([C@@H]([C@H]([C@@H]([C@H](C(=O)O1)C)O[C@H]2C[C@@]([C@H]([C@@H](O2)C)O)(C)OC)C)O[C@H]3[C@@H]([C@H](C[C@H](O3)C)N(C)C)O)(C)O)C)C)C)O)(C)O.O.O,8.2,0.00032,0.00097,interpolated,-1.9263430800683992,-1.4049520045857007
*NCCCCNC(=O)CCCC(=O)*,CC[C@@H]1[C@@]([C@@H]([C@H](N(C[C@@H](C[C@@]([C@@H]([C@H]([C@@H]([C@H](C(=O)O1)C)O[C@H]2C[C@@]([C@H]([C@@H](O2)C)O)(C)OC)C)O[C@H]3[C@@H]([C@H](C[C@H](O3)C)N(C)C)O)(C)O)C)C)C)O)(C)O.O.O,8.2,0.00032,0.00101,interpolated,-1.8171706243521362,-1.3668609060136245
*NCCCCNC(=O)CCCC(=O)*,CC[C@@H]1[C@@]([C@@H]([C@H](N(C[C@@H](C[C@@]([C@@H]([C@H]([C@@H]([C@H](C(=O)O1)C)O[C@H]2C[C@@]([C@H]([C@@H](O2)C)O)(C)OC)C)O[C@H]3[C@@H]([C@H](C[C@H](O3)C)N(C)C)O)(C)O)C)C)C)O)(C)O.O.O,8.2,0.0003258,0.0010534,https://link.springer.com/article/10.1007/s11270-023-06281-0,-0.7692110750809483,-0.6382872502875144
*NCCCCNC(=O)CCCC(=O)*,CC[C@@H]1[C@@]([C@@H]([C@H](N(C[C@@H](C[C@@]([C@@H]([C@H]([C@@H]([C@H](C(=O)O1)C)O[C@H]2C[C@@]([C@H]([C@@H](O2)C)O)(C)OC)C)O[C@H]3[C@@H]([C@H](C[C@H](O3)C)N(C)C)O)(C)O)C)C)C)O)(C)O.O.O,8.2,0.00241,0.01701,interpolated,-1.4204401594817555,-0.9150098175928458
*NCCCCNC(=O)CCCC(=O)*,CC[C@@H]1[C@@]([C@@H]([C@H](N(C[C@@H](C[C@@]([C@@H]([C@H]([C@@H]([C@H](C(=O)O1)C)O[C@H]2C[C@@]([C@H]([C@@H](O2)C)O)(C)OC)C)O[C@H]3[C@@H]([C@H](C[C@H](O3)C)N(C)C)O)(C)O)C)C)C)O)(C)O.O.O,8.2,0.00449,0.03297,interpolated,-0.893090840500996,-0.46003079124481044
*NCCCCNC(=O)CCCC(=O)*,CC[C@@H]1[C@@]([C@@H]([C@H](N(C[C@@H](C[C@@]([C@@H]([C@H]([C@@H]([C@H](C(=O)O1)C)O[C@H]2C[C@@]([C@H]([C@@H](O2)C)O)(C)OC)C)O[C@H]3[C@@H]([C@H](C[C@H](O3)C)N(C)C)O)(C)O)C)C)C)O)(C)O.O.O,7.0,0.006568,0.0489266667,https://link.springer.com/article/10.1007/s11270-023-06281-0,-0.6106451736384978,-0.1469307652983153
*NCCCCNC(=O)CCCC(=O)*,CC[C@@H]1[C@@]([C@@H]([C@H](N(C[C@@H](C[C@@]([C@@H]([C@H]([C@@H]([C@H](C(=O)O1)C)O[C@H]2C[C@@]([C@H]([C@@H](O2)C)O)(C)OC)C)O[C@H]3[C@@H]([C@H](C[C@H](O3)C)N(C)C)O)(C)O)C)C)C)O)(C)O.O.O,8.2,0.01055,0.10683,interpolated,-1.0215775915057768,-0.4924760584225371
*NCCCCNC(=O)CCCC(=O)*,CC[C@@H]1[C@@]([C@@H]([C@H](N(C[C@@H](C[C@@]([C@@H]([C@H]([C@@H]([C@H](C(=O)O1)C)O[C@H]2C[C@@]([C@H]([C@@H](O2)C)O)(C)OC)C)O[C@H]3[C@@H]([C@H](C[C@H](O3)C)N(C)C)O)(C)O)C)C)C)O)(C)O.O.O,8.2,0.01453,0.16474,interpolated,-2.0916631157152903,-1.4576684424790096
*NCCCCNC(=O)CCCC(=O)*,CC[C@@H]1[C@@]([C@@H]([C@H](N(C[C@@H](C[C@@]([C@@H]([C@H]([C@@H]([C@H](C(=O)O1)C)O[C@H]2C[C@@]([C@H]([C@@H](O2)C)O)(C)OC)C)O[C@H]3[C@@H]([C@H](C[C@H](O3)C)N(C)C)O)(C)O)C)C)C)O)(C)O.O.O,7.0,0.01851,0.22265,https://link.springer.com/article/10.1007/s11270-023-06281-0,-2.240681091965575,-1.5503744179050476
*NCCCCNC(=O)CCCC(=O)*,CC[C@@H]1[C@@]([C@@H]([C@H](N(C[C@@H](C[C@@]([C@@H]([C@H]([C@@H]([C@H](C(=O)O1)C)O[C@H]2C[C@@]([C@H]([C@@H](O2)C)O)(C)OC)C)O[C@H]3[C@@H]([C@H](C[C@H](O3)C)N(C)C)O)(C)O)C)C)C)O)(C)O.O.O,8.2,0.01871,0.22748,interpolated,-2.046231944316921,-1.372891056951306
*NCCCCNC(=O)CCCC(=O)*,CC[C@@H]1[C@@]([C@@H]([C@H](N(C[C@@H](C[C@@]([C@@H]([C@H]([C@@H]([C@H](C(=O)O1)C)O[C@H]2C[C@@]([C@H]([C@@H](O2)C)O)(C)OC)C)O[C@H]3[C@@H]([C@H](C[C@H](O3)C)N(C)C)O)(C)O)C)C)C)O)(C)O.O.O,8.2,0.01891,0.23232,interpolated,-1.8630431606223636,-1.2472821389373199
*NCCCCNC(=O)CCCC(=O)*,CC[C@@H]1[C@@]([C@@H]([C@H](N(C[C@@H](C[C@@]([C@@H]([C@H]([C@@H]([C@H](C(=O)O1)C)O[C@H]2C[C@@]([C@H]([C@@H](O2)C)O)(C)OC)C)O[C@H]3[C@@H]([C@H](C[C@H](O3)C)N(C)C)O)(C)O)C)C)C)O)(C)O.O.O,7.0,0.01911,0.23715,https://link.springer.com/article/10.1007/s11270-023-06281-0,-1.242976101544629,-0.9952249390802869
*NCCCCNC(=O)CCCC(=O)*,CC[C@@H]1[C@@]([C@@H]([C@H](N(C[C@@H](C[C@@]([C@@H]([C@H]([C@@H]([C@H](C(=O)O1)C)O[C@H]2C[C@@]([C@H]([C@@H](O2)C)O)(C)OC)C)O[C@H]3[C@@H]([C@H](C[C@H](O3)C)N(C)C)O)(C)O)C)C)C)O)(C)O.O.O,8.2,0.02169,0.38058,interpolated,-1.0614131652248844,-0.7720002879619607
*NCCCCNC(=O)CCCC(=O)*,CC[C@@H]1[C@@]([C@@H]([C@H](N(C[C@@H](C[C@@]([C@@H]([C@H]([C@@H]([C@H](C(=O)O1)C)O[C@H]2C[C@@]([C@H]([C@@H](O2)C)O)(C)OC)C)O[C@H]3[C@@H]([C@H](C[C@H](O3)C)N(C)C)O)(C)O)C)C)C)O)(C)O.O.O,8.2,0.02427,0.52402,interpolated,-0.9974308941797847,-0.6231812454554175
*NCCCCNC(=O)CCCC(=O)*,CC[C@@H]1[C@@]([C@@H]([C@H](N(C[C@@H](C[C@@]([C@@H]([C@H]([C@@H]([C@H](C(=O)O1)C)O[C@H]2C[C@@]([C@H]([C@@H](O2)C)O)(C)OC)C)O[C@H]3[C@@H]([C@H](C[C@H](O3)C)N(C)C)O)(C)O)C)C)C)O)(C)O.O.O,7.0,0.02685,0.66745,https://link.springer.com/article/10.1007/s11270-023-06281-0,-1.7646649789525626,-1.6351517712962336
*NCCCCNC(=O)CCCC(=O)*,CC[C@@H]1[C@@]([C@@H]([C@H](C(=O)[C@@H](C[C@@]([C@@H]([C@H]([C@@H]([C@H](C(=O)O1)C)O[C@H]2C[C@@]([C@H]([C@@H](O2)C)O)(C)OC)C)O[C@H]3[C@@H]([C@H](C[C@H](O3)C)N(C)C)O)(C)OC)C)C)O)(C)O,8.2,0.000118,0.0002117367,https://link.springer.com/article/10.1007/s11270-023-06281-0,-7.350683658735058,-6.660703189506872
*NCCCCNC(=O)CCCC(=O)*,CC[C@@H]1[C@@]([C@@H]([C@H](C(=O)[C@@H](C[C@@]([C@@H]([C@H]([C@@H]([C@H](C(=O)O1)C)O[C@H]2C[C@@]([C@H]([C@@H](O2)C)O)(C)OC)C)O[C@H]3[C@@H]([C@H](C[C@H](O3)C)N(C)C)O)(C)OC)C)C)O)(C)O,8.2,0.00012,0.00023,interpolated,-9.5044512033337,-6.741965013396848
*NCCCCNC(=O)CCCC(=O)*,CC[C@@H]1[C@@]([C@@H]([C@H](C(=O)[C@@H](C[C@@]([C@@H]([C@H]([C@@H]([C@H](C(=O)O1)C)O[C@H]2C[C@@]([C@H]([C@@H](O2)C)O)(C)OC)C)O[C@H]3[C@@H]([C@H](C[C@H](O3)C)N(C)C)O)(C)OC)C)C)O)(C)O,8.2,0.00013,0.00024,interpolated,-7.128456099106404,-6.861160305583512
*NCCCCNC(=O)CCCC(=O)*,CC[C@@H]1[C@@]([C@@H]([C@H](C(=O)[C@@H](C[C@@]([C@@H]([C@H]([C@@H]([C@H](C(=O)O1)C)O[C@H]2C[C@@]([C@H]([C@@H](O2)C)O)(C)OC)C)O[C@H]3[C@@H]([C@H](C[C@H](O3)C)N(C)C)O)(C)OC)C)C)O)(C)O,8.2,0.0001376,0.0002519333,https://link.springer.com/article/10.1007/s11270-023-06281-0,-9.663521401456972,-6.678043626776274
*NCCCCNC(=O)CCCC(=O)*,CC[C@@H]1[C@@]([C@@H]([C@H](C(=O)[C@@H](C[C@@]([C@@H]([C@H]([C@@H]([C@H](C(=O)O1)C)O[C@H]2C[C@@]([C@H]([C@@H](O2)C)O)(C)OC)C)O[C@H]3[C@@H]([C@H](C[C@H](O3)C)N(C)C)O)(C)OC)C)C)O)(C)O,8.2,0.00014,0.00027,interpolated,-6.836125809559188,-6.5644679795719005
*NCCCCNC(=O)CCCC(=O)*,CC[C@@H]1[C@@]([C@@H]([C@H](C(=O)[C@@H](C[C@@]([C@@H]([C@H]([C@@H]([C@H](C(=O)O1)C)O[C@H]2C[C@@]([C@H]([C@@H](O2)C)O)(C)OC)C)O[C@H]3[C@@H]([C@H](C[C@H](O3)C)N(C)C)O)(C)OC)C)C)O)(C)O,8.2,0.00015,0.00028,interpolated,-9.651279382264685,-6.878295440626318
*NCCCCNC(=O)CCCC(=O)*,CC[C@@H]1[C@@]([C@@H]([C@H](C(=O)[C@@H](C[C@@]([C@@H]([C@H]([C@@H]([C@H](C(=O)O1)C)O[C@H]2C[C@@]([C@H]([C@@H](O2)C)O)(C)OC)C)O[C@H]3[C@@H]([C@H](C[C@H](O3)C)N(C)C)O)(C)OC)C)C)O)(C)O,8.2,0.0001573,0.0002941867,https://link.springer.com/article/10.1007/s11270-023-06281-0,-9.631835377751212,-6.931756846273364
*NCCCCNC(=O)CCCC(=O)*,CC[C@@H]1[C@@]([C@@H]([C@H](C(=O)[C@@H](C[C@@]([C@@H]([C@H]([C@@H]([C@H](C(=O)O1)C)O[C@H]2C[C@@]([C@H]([C@@H](O2)C)O)(C)OC)C)O[C@H]3[C@@H]([C@H](C[C@H](O3)C)N(C)C)O)(C)OC)C)C)O)(C)O,8.2,0.00026,0.00053,interpolated,-7.424634473077453,-6.395622164732075
*NCCCCNC(=O)CCCC(=O)*,CC[C@@H]1[C@@]([C@@H]([C@H](C(=O)[C@@H](C[C@@]([C@@H]([C@H]([C@@H]([C@H](C(=O)O1)C)O[C@H]2C[C@@]([C@H]([C@@H](O2)C)O)(C)OC)C)O[C@H]3[C@@H]([C@H](C[C@H](O3)C)N(C)C)O)(C)OC)C)C)O)(C)O,8.2,0.00037,0.00076,interpolated,-6.773131409809031,-1.6820166805243615
*NCCCCNC(=O)CCCC(=O)*,CC[C@@H]1[C@@]([C@@H]([C@H](C(=O)[C@@H](C[C@@]([C@@H]([C@H]([C@@H]([C@H](C(=O)O1)C)O[C@H]2C[C@@]([C@H]([C@@H](O2)C)O)(C)OC)C)O[C@H]3[C@@H]([C@H](C[C@H](O3)C)N(C)C)O)(C)OC)C)C)O)(C)O,8.2,0.0004803,0.0009964,https://link.springer.com/article/10.1007/s11270-023-06281-0,-7.1011531842909,-6.33848856974987
*NCCCCNC(=O)CCCC(=O)*,CC[C@@H]1[C@@]([C@@H]([C@H](C(=O)[C@@H](C[C@@]([C@@H]([C@H]([C@@H]([C@H](C(=O)O1)C)O[C@H]2C[C@@]([C@H]([C@@H](O2)C)O)(C)OC)C)O[C@H]3[C@@H]([C@H](C[C@H](O3)C)N(C)C)O)(C)OC)C)C)O)(C)O,8.2,0.00052,0.00112,interpolated,-7.40540115985711,-6.761959854331576
*NCCCCNC(=O)CCCC(=O)*,CC[C@@H]1[C@@]([C@@H]([C@H](C(=O)[C@@H](C[C@@]([C@@H]([C@H]([C@@H]([C@H](C(=O)O1)C)O[C@H]2C[C@@]([C@H]([C@@H](O2)C)O)(C)OC)C)O[C@H]3[C@@H]([C@H](C[C@H](O3)C)N(C)C)O)(C)OC)C)C)O)(C)O,8.2,0.00057,0.00125,interpolated,-9.689889298567028,-6.611668342681928
*NCCCCNC(=O)CCCC(=O)*,CC[C@@H]1[C@@]([C@@H]([C@H](C(=O)[C@@H](C[C@@]([C@@H]([C@H]([C@@H]([C@H](C(=O)O1)C)O[C@H]2C[C@@]([C@H]([C@@H](O2)C)O)(C)OC)C)O[C@H]3[C@@H]([C@H](C[C@H](O3)C)N(C)C)O)(C)OC)C)C)O)(C)O,8.2,0.0006096,0.0013776,https://link.springer.com/article/10.1007/s11270-023-06281-0,-7.1365503595282895,-6.941931047707053
*NCCCCNC(=O)CCCC(=O)*,CC[C@@H]1[C@@]([C@@H]([C@H](C(=O)[C@@H](C[C@@]([C@@H]([C@H]([C@@H]([C@H](C(=O)O1)C)O[C@H]2C[C@@]([C@H]([C@@H](O2)C)O)(C)OC)C)O[C@H]3[C@@H]([C@H](C[C@H](O3)C)N(C)C)O)(C)OC)C)C)O)(C)O,8.2,0.00125,0.00538,interpolated,-9.40833303115679,-6.815324150178616
*NCCCCNC(=O)CCCC(=O)*,CC[C@@H]1[C@@]([C@@H]([C@H](C(=O)[C@@H](C[C@@]([C@@H]([C@H]([C@@H]([C@H](C(=O)O1)C)O[C@H]2C[C@@]([C@H]([C@@H](O2)C)O)(C)OC)C)O[C@H]3[C@@H]([C@H](C[C@H](O3)C)N(C)C)O)(C)OC)C)C)O)(C)O,8.2,0.00188,0.00939,interpolated,-7.260337144174715,-6.849647924770893
*NCCCCNC(=O)CCCC(=O)*,CC[C@@H]1[C@@]([C@@H]([C@H](C(=O)[C@@H](C[C@@]([C@@H]([C@H]([C@@H]([C@H](C(=O)O1)C)O[C@H]2C[C@@]([C@H]([C@@H](O2)C)O)(C)OC)C)O[C@H]3[C@@H]([C@H](C[C@H](O3)C)N(C)C)O)(C)OC)C)C)O)(C)O,7.0,0.002521,0.0133986667,https://link.springer.com/article/10.1007/s11270-023-06281-0,-7.0694435488108915,-6.300285448687854
*NCCCCNC(=O)CCCC(=O)*,CC[C@@H]1[C@@]([C@@H]([C@H](C(=O)[C@@H](C[C@@]([C@@H]([C@H]([C@@H]([C@H](C(=O)O1)C)O[C@H]2C[C@@]([C@H]([C@@H](O2)C)O)(C)OC)C)O[C@H]3[C@@H]([C@H](C[C@H](O3)C)N(C)C)O)(C)OC)C)C)O)(C)O,8.2,0.00314,0.01652,interpolated,-9.674365139489542,-6.813097833547859
*NCCCCNC(=O)CCCC(=O)*,CC[C@@H]1[C@@]([C@@H]([C@H](C(=O)[C@@H](C[C@@]([C@@H]([C@H]([C@@H]([C@H](C(=O)O1)C)O[C@H]2C[C@@]([C@H]([C@@H](O2)C)O)(C)OC)C)O[C@H]3[C@@H]([C@H](C[C@H](O3)C)N(C)C)O)(C)OC)C)C)O)(C)O,8.2,0.00375,0.01965,interpolated,-9.774606947959363,-7.060021118793621
*NCCCCNC(=O)CCCC(=O)*,CC[C@@H]1[C@@]([C@@H]([C@H](C(=O)[C@@H](C[C@@]([C@@H]([C@H]([C@@H]([C@H](C(=O)O1)C)O[C@H]2C[C@@]([C@H]([C@@H](O2)C)O)(C)OC)C)O[C@H]3[C@@H]([C@H](C[C@H](O3)C)N(C)C)O)(C)OC)C)C)O)(C)O,7.0,0.004369,0.0227716667,https://link.springer.com/article/10.1007/s11270-023-06281-0,-6.944001802978999,-6.749671823541345
*NCCCCNC(=O)CCCC(=O)*,CC[C@@H]1[C@@]([C@@H]([C@H](C(=O)[C@@H](C[C@@]([C@@H]([C@H]([C@@H]([C@H](C(=O)O1)C)O[C@H]2C[C@@]([C@H]([C@@H](O2)C)O)(C)OC)C)O[C@H]3[C@@H]([C@H](C[C@H](O3)C)N(C)C)O)(C)OC)C)C)O)(C)O,8.2,0.00872,0.12599,interpolated,-6.986095953142437,-6.28858327484976
*NCCCCNC(=O)CCCC(=O)*,CC[C@@H]1[C@@]([C@@H]([C@H](C(=O)[C@@H](C[C@@]([C@@H]([C@H]([C@@H]([C@H](C(=O)O1)C)O[C@H]2C[C@@]([C@H]([C@@H](O2)C)O)(C)OC)C)O[C@H]3[C@@H]([C@H](C[C@H](O3)C)N(C)C)O)(C)OC)C)C)O)(C)O,8.2,0.01306,0.2292,interpolated,-7.130357866376477,-6.473930669090933
*NCCCCNC(=O)CCCC(=O)*,CC[C@@H]1[C@@]([C@@H]([C@H](C(=O)[C@@H](C[C@@]([C@@H]([C@H]([C@@H]([C@H](C(=O)O1)C)O[C@H]2C[C@@]([C@H]([C@@H](O2)C)O)(C)OC)C)O[C@H]3[C@@H]([C@H](C[C@H](O3)C)N(C)C)O)(C)OC)C)C)O)(C)O,7.0,0.01741,0.3324166667,https://link.springer.com/article/10.1007/s11270-023-06281-0,-6.88780190563044,-6.489593753147045
*NCCCCNC(=O)CCCC(=O)*,CC[C@@H]1[C@@]([C@@H]([C@H](C(=O)[C@@H](C[C@@]([C@@H]([C@H]([C@@H]([C@H](C(=O)O1)C)O[C@H]2C[C@@]([C@H]([C@@H](O2)C)O)(C)OC)C)O[C@H]3[C@@H]([C@H](C[C@H](O3)C)N(C)C)O)(C)OC)C)C)O)(C)O,8.2,0.01799,0.36186,interpolated,-9.889638363624993,-6.6907061836245285
*NCCCCNC(=O)CCCC(=O)*,CC[C@@H]1[C@@]([C@@H]([C@H](C(=O)[C@@H](C[C@@]([C@@H]([C@H]([C@@H]([C@H](C(=O)O1)C)O[C@H]2C[C@@]([C@H]([C@@H](O2)C)O)(C)OC)C)O[C@H]3[C@@H]([C@H](C[C@H](O3)C)N(C)C)O)(C)OC)C)C)O)(C)O,8.2,0.01858,0.39129,interpolated,-7.209234484672251,-6.296123622188159
*NCCCCNC(=O)CCCC(=O)*,CC[C@@H]1[C@@]([C@@H]([C@H](C(=O)[C@@H](C[C@@]([C@@H]([C@H]([C@@H]([C@H](C(=O)O1)C)O[C@H]2C[C@@]([C@H]([C@@H](O2)C)O)(C)OC)C)O[C@H]3[C@@H]([C@H](C[C@H](O3)C)N(C)C)O)(C)OC)C)C)O)(C)O,7.0,0.01916,0.4207333333,https://link.springer.com/article/10.1007/s11270-023-06281-0,-9.793453590708024,-7.048128867366944
*NCCCCNC(=O)CCCC(=O)*,CC[C@@H]1[C@@]([C@@H]([C@H](C(=O)[C@@H](C[C@@]([C@@H]([C@H]([C@@H]([C@H](C(=O)O1)C)O[C@H]2C[C@@]([C@H]([C@@H](O2)C)O)(C)OC)C)O[C@H]3[C@@H]([C@H](C[C@H](O3)C)N(C)C)O)(C)OC)C)C)O)(C)O,8.2,0.02008,0.45526,interpolated,-7.386705655074658,-6.55434992056079
*NCCCCNC(=O)CCCC(=O)*,CC[C@@H]1[C@@]([C@@H]([C@H](C(=O)[C@@H](C[C@@]([C@@H]([C@H]([C@@H]([C@H](C(=O)O1)C)O[C@H]2C[C@@]([C@H]([C@@H](O2)C)O)(C)OC)C)O[C@H]3[C@@H]([C@H](C[C@H](O3)C)N(C)C)O)(C)OC)C)C)O)(C)O,8.2,0.02099,0.48979,interpolated,-9.845676676585912,-7.170651737408901
*NCCCCNC(=O)CCCC(=O)*,CC[C@@H]1[C@@]([C@@H]([C@H](C(=O)[C@@H](C[C@@]([C@@H]([C@H]([C@@H]([C@H](C(=O)O1)C)O[C@H]2C[C@@]([C@H]([C@@H](O2)C)O)(C)OC)C)O[C@H]3[C@@H]([C@H](C[C@H](O3)C)N(C)C)O)(C)OC)C)C)O)(C)O,7.0,0.02191,0.5243166667,https://link.springer.com/article/10.1007/s11270-023-06281-0,-9.990270828096698,-7.030956180870489
*NCCCCNC(=O)CCCC(=O)*,CC1=CC(=NO1)NS(=O)(=O)C2=CC=C(C=C2)N,8.2,1.404e-05,3.658e-05,https://link.springer.com/article/10.1007/s11270-023-06281-0,-10.64638201285299,-6.842778003041798
*NCCCCNC(=O)CCCC(=O)*,CC1=CC(=NO1)NS(=O)(=O)C2=CC=C(C=C2)N,8.2,7e-05,0.00013,interpolated,-10.646382557973,-6.842777611943821
*NCCCCNC(=O)CCCC(=O)*,CC1=CC(=NO1)NS(=O)(=O)C2=CC=C(C=C2)N,8.2,0.00013,0.00022,interpolated,-10.437266609470605,-6.726372456115208
*NCCCCNC(=O)CCCC(=O)*,CC1=CC(=NO1)NS(=O)(=O)C2=CC=C(C=C2)N,8.2,0.0001826,0.0003156333,https://link.springer.com/article/10.1007/s11270-023-06281-0,-10.445395225198924,-6.702710544151823
*NCCCCNC(=O)CCCC(=O)*,CC1=CC(=NO1)NS(=O)(=O)C2=CC=C(C=C2)N,8.2,0.0002,0.00037,interpolated,-10.660453643499766,-6.842738347562993
*NCCCCNC(=O)CCCC(=O)*,CC1=CC(=NO1)NS(=O)(=O)C2=CC=C(C=C2)N,8.2,0.00022,0.00042,interpolated,-10.445393827465487,-6.702711292257363
*NCCCCNC(=O)CCCC(=O)*,CC1=CC(=NO1)NS(=O)(=O)C2=CC=C(C=C2)N,8.2,0.0002444,0.0004694833,https://link.springer.com/article/10.1007/s11270-023-06281-0,-10.445394240685575,-6.702708900997885
*NCCCCNC(=O)CCCC(=O)*,CC1=CC(=NO1)NS(=O)(=O)C2=CC=C(C=C2)N,8.2,0.00026,0.00081,interpolated,-10.43726564046408,-6.726374612710408
*NCCCCNC(=O)CCCC(=O)*,CC1=CC(=NO1)NS(=O)(=O)C2=CC=C(C=C2)N,8.2,0.00028,0.00114,interpolated,-10.437268361166302,-6.726373010347803
*NCCCCNC(=O)CCCC(=O)*,CC1=CC(=NO1)NS(=O)(=O)C2=CC=C(C=C2)N,8.2,0.0002949,0.0014783,https://link.springer.com/article/10.1007/s11270-023-06281-0,-10.445395287089637,-6.702710760676864
*NCCCCNC(=O)CCCC(=O)*,CC1=CC(=NO1)NS(=O)(=O)C2=CC=C(C=C2)N,8.2,0.00072,0.00523,interpolated,-10.660453725977952,-6.842739810085504
*NCCCCNC(=O)CCCC(=O)*,CC1=CC(=NO1)NS(=O)(=O)C2=CC=C(C=C2)N,8.2,0.00115,0.00897,interpolated,-10.66045346168194,-6.842739657254538
*NCCCCNC(=O)CCCC(=O)*,CC1=CC(=NO1)NS(=O)(=O)C2=CC=C(C=C2)N,7.0,0.001572,0.01272,https://link.springer.com/article/10.1007/s11270-023-06281-0,-10.437266296954455,-6.726372879802605
*NCCCCNC(=O)CCCC(=O)*,CC1=CC(=NO1)NS(=O)(=O)C2=CC=C(C=C2)N,8.2,0.00375,0.02985,interpolated,-10.660453680471424,-6.842738452623866
*NCCCCNC(=O)CCCC(=O)*,CC1=CC(=NO1)NS(=O)(=O)C2=CC=C(C=C2)N,8.2,0.00593,0.04698,interpolated,-10.437265526610009,-6.726372656607574
*NCCCCNC(=O)CCCC(=O)*,CC1=CC(=NO1)NS(=O)(=O)C2=CC=C(C=C2)N,7.0,0.008116,0.0641066667,https://link.springer.com/article/10.1007/s11270-023-06281-0,-10.437265903392884,-6.726371236609452
*NCCCCNC(=O)CCCC(=O)*,CC1=CC(=NO1)NS(=O)(=O)C2=CC=C(C=C2)N,8.2,0.01071,0.08494,interpolated,-10.445396737454105,-6.702710546261813
*NCCCCNC(=O)CCCC(=O)*,CC1=CC(=NO1)NS(=O)(=O)C2=CC=C(C=C2)N,8.2,0.01331,0.10578,interpolated,-10.66045409380014,-6.842738064487726
*NCCCCNC(=O)CCCC(=O)*,CC1=CC(=NO1)NS(=O)(=O)C2=CC=C(C=C2)N,7.0,0.01591,0.1266166667,https://link.springer.com/article/10.1007/s11270-023-06281-0,-10.43726644631252,-6.726372709762871
*NCCCCNC(=O)CCCC(=O)*,CC1=CC(=NO1)NS(=O)(=O)C2=CC=C(C=C2)N,8.2,0.01881,0.33024,interpolated,-10.646382979800075,-6.842776865302827
*NCCCCNC(=O)CCCC(=O)*,CC1=CC(=NO1)NS(=O)(=O)C2=CC=C(C=C2)N,8.2,0.0217,0.53387,interpolated,-10.660452287747294,-6.842739537453586
*NCCCCNC(=O)CCCC(=O)*,CC1=CC(=NO1)NS(=O)(=O)C2=CC=C(C=C2)N,7.0,0.0246,0.7375,https://link.springer.com/article/10.1007/s11270-023-06281-0,-10.660453871791963,-6.8427389799030065
*NCCCCNC(=O)CCCC(=O)*,CC1=CC(=NO1)NS(=O)(=O)C2=CC=C(C=C2)N,8.2,0.02487,0.63358,interpolated,-10.4453949323494,-6.702710942904404
*NCCCCNC(=O)CCCC(=O)*,CC1=CC(=NO1)NS(=O)(=O)C2=CC=C(C=C2)N,8.2,0.02513,0.52966,interpolated,-10.445394754661507,-6.702710415164594
*NCCCCNC(=O)CCCC(=O)*,CC1=CC(=NO1)NS(=O)(=O)C2=CC=C(C=C2)N,7.0,0.0254,0.4257333333,https://link.springer.com/article/10.1007/s11270-023-06281-0,-10.43726668920347,-6.726372573459254
*NCCCCNC(=O)CCCC(=O)*,COC1=CC(=CC(=C1OC)OC)CC2=CN=C(N=C2N)N,8.2,2.247e-05,6.005e-05,https://link.springer.com/article/10.1007/s11270-023-06281-0,-9.813408140790933,-7.057768133929477
*NCCCCNC(=O)CCCC(=O)*,COC1=CC(=CC(=C1OC)OC)CC2=CN=C(N=C2N)N,8.2,5e-05,0.00012,interpolated,-9.80115446210849,-7.050599106108714
*NCCCCNC(=O)CCCC(=O)*,COC1=CC(=CC(=C1OC)OC)CC2=CN=C(N=C2N)N,8.2,8e-05,0.00017,interpolated,-9.786250465274893,-7.038152781041763
*NCCCCNC(=O)CCCC(=O)*,COC1=CC(=CC(=C1OC)OC)CC2=CN=C(N=C2N)N,8.2,0.0001124,0.0002249933,https://link.springer.com/article/10.1007/s11270-023-06281-0,-9.78621278330905,-7.0381488796774745
*NCCCCNC(=O)CCCC(=O)*,COC1=CC(=CC(=C1OC)OC)CC2=CN=C(N=C2N)N,8.2,0.00015,0.00031,interpolated,-9.825844020480256,-6.773144272196668
*NCCCCNC(=O)CCCC(=O)*,COC1=CC(=CC(=C1OC)OC)CC2=CN=C(N=C2N)N,8.2,0.0002,0.0004,interpolated,-9.847740021992573,-6.795350913744279
*NCCCCNC(=O)CCCC(=O)*,COC1=CC(=CC(=C1OC)OC)CC2=CN=C(N=C2N)N,8.2,0.0002388,0.00049405,https://link.springer.com/article/10.1007/s11270-023-06281-0,-9.786220878588258,-7.038145325901179
*NCCCCNC(=O)CCCC(=O)*,COC1=CC(=CC(=C1OC)OC)CC2=CN=C(N=C2N)N,8.2,0.00025,0.00055,interpolated,-9.838285637917158,-6.784403388731288
*NCCCCNC(=O)CCCC(=O)*,COC1=CC(=CC(=C1OC)OC)CC2=CN=C(N=C2N)N,8.2,0.00026,0.0006,interpolated,-9.825848311495687,-6.769456133627565
*NCCCCNC(=O)CCCC(=O)*,COC1=CC(=CC(=C1OC)OC)CC2=CN=C(N=C2N)N,8.2,0.0002781,0.0006556,https://link.springer.com/article/10.1007/s11270-023-06281-0,-9.825843591563117,-6.769455513848912
*NCCCCNC(=O)CCCC(=O)*,COC1=CC(=CC(=C1OC)OC)CC2=CN=C(N=C2N)N,8.2,0.00029,0.00073,interpolated,-9.786217229865827,-7.038150084916065
*NCCCCNC(=O)CCCC(=O)*,COC1=CC(=CC(=C1OC)OC)CC2=CN=C(N=C2N)N,8.2,0.0003,0.00079,interpolated,-9.83534138307909,-6.787847572390586
*NCCCCNC(=O)CCCC(=O)*,COC1=CC(=CC(=C1OC)OC)CC2=CN=C(N=C2N)N,8.2,0.0003062,0.0008643333,https://link.springer.com/article/10.1007/s11270-023-06281-0,-9.837599499381747,-6.790427558584992
*NCCCCNC(=O)CCCC(=O)*,COC1=CC(=CC(=C1OC)OC)CC2=CN=C(N=C2N)N,8.2,0.00084,0.0224,interpolated,-9.799835224873693,-7.049888547174401
*NCCCCNC(=O)CCCC(=O)*,COC1=CC(=CC(=C1OC)OC)CC2=CN=C(N=C2N)N,8.2,0.00138,0.04394,interpolated,-9.786241682953232,-7.038158128175328
*NCCCCNC(=O)CCCC(=O)*,COC1=CC(=CC(=C1OC)OC)CC2=CN=C(N=C2N)N,7.0,0.001922,0.0654733333,https://link.springer.com/article/10.1007/s11270-023-06281-0,-9.83828454109054,-6.784409596011551
*NCCCCNC(=O)CCCC(=O)*,COC1=CC(=CC(=C1OC)OC)CC2=CN=C(N=C2N)N,8.2,0.00245,0.07987,interpolated,-9.844654552634903,-6.793636404808434
*NCCCCNC(=O)CCCC(=O)*,COC1=CC(=CC(=C1OC)OC)CC2=CN=C(N=C2N)N,8.2,0.00299,0.09427,interpolated,-9.83828462177473,-6.784405742520117
*NCCCCNC(=O)CCCC(=O)*,COC1=CC(=CC(=C1OC)OC)CC2=CN=C(N=C2N)N,7.0,0.00352,0.1086666667,https://link.springer.com/article/10.1007/s11270-023-06281-0,-9.815526898585208,-7.060126365790481
*NCCCCNC(=O)CCCC(=O)*,COC1=CC(=CC(=C1OC)OC)CC2=CN=C(N=C2N)N,8.2,0.00475,0.19915,interpolated,-9.83805199530279,-6.784301560100961
*NCCCCNC(=O)CCCC(=O)*,COC1=CC(=CC(=C1OC)OC)CC2=CN=C(N=C2N)N,8.2,0.00598,0.28964,interpolated,-9.827319387154999,-7.072664792890052
*NCCCCNC(=O)CCCC(=O)*,COC1=CC(=CC(=C1OC)OC)CC2=CN=C(N=C2N)N,7.0,0.007217,0.3801283333,https://link.springer.com/article/10.1007/s11270-023-06281-0,-9.84375722522387,-6.799338748435538
*NCCCCNC(=O)CCCC(=O)*,COC1=CC(=CC(=C1OC)OC)CC2=CN=C(N=C2N)N,8.2,0.00732,0.39799,interpolated,-9.825848906988716,-6.773145400297891
*NCCCCNC(=O)CCCC(=O)*,COC1=CC(=CC(=C1OC)OC)CC2=CN=C(N=C2N)N,8.2,0.00742,0.41586,interpolated,-9.81552389455476,-7.060135791917297
*NCCCCNC(=O)CCCC(=O)*,COC1=CC(=CC(=C1OC)OC)CC2=CN=C(N=C2N)N,7.0,0.007517,0.4337283333,https://link.springer.com/article/10.1007/s11270-023-06281-0,-9.833736582446644,-6.786349267773506
*C=CC1=CC=CC=N1*,C1=CC=C(C(=C1)CC(=O)O)NC2=C(C=CC=C2Cl)Cl,6.0,2.0,0.0728,https://link.springer.com/article/10.1007/s11356-022-19130-0,-10.13044524044233,-6.853676461878219
*C=CC1=CC=CC=N1*,,6.0,2.0,0.0789,https://link.springer.com/article/10.1007/s11356-022-19130-0,,
*C=CC1=CC=CC=N1*,C[C@@H](C1=CC2=C(C=C1)C=C(C=C2)OC)C(=O)O,6.0,2.0,0.0798,https://link.springer.com/article/10.1007/s11356-022-19130-0,-9.977963783220575,-7.271162313001217
*CN(CCO)C(=O)C(c1ccccc1)c2ccccc2*,CC(=O)OC1=CC=CC=C1C(=O)O,8.2,10.0,0.1865,https://www.researchgate.net/publication/384556501_2-Oxazoline-Based_Polymer_for_Pharmaceutical_Products_Adsorption_in_Aqueous_Media,-11.477839187333634,-7.86878800786386
*CN(CCO)C(=O)C(c1ccccc1)c2ccccc2*,CC(=O)OC1=CC=CC=C1C(=O)O,8.2,15.0,0.23833,interpolated,-11.477839757919769,-7.868791101152734
*CN(CCO)C(=O)C(c1ccccc1)c2ccccc2*,CC(=O)OC1=CC=CC=C1C(=O)O,8.2,20.0,0.29017,interpolated,-11.477835253934689,-7.8687938506651856
*CN(CCO)C(=O)C(c1ccccc1)c2ccccc2*,CC(=O)OC1=CC=CC=C1C(=O)O,8.2,25.0,0.342,https://www.researchgate.net/publication/384556501_2-Oxazoline-Based_Polymer_for_Pharmaceutical_Products_Adsorption_in_Aqueous_Media,-11.375088948755092,-7.868289872211088
*CN(CCO)C(=O)C(c1ccccc1)c2ccccc2*,CC(=O)OC1=CC=CC=C1C(=O)O,8.2,33.33333,0.4456,interpolated,-11.477839917871965,-7.8687892402444195
*CN(CCO)C(=O)C(c1ccccc1)c2ccccc2*,CC(=O)OC1=CC=CC=C1C(=O)O,8.2,41.66667,0.5492,interpolated,-11.477839712526624,-7.868786686860407
*CN(CCO)C(=O)C(c1ccccc1)c2ccccc2*,CC(=O)OC1=CC=CC=C1C(=O)O,8.2,50.0,0.6528,https://www.researchgate.net/publication/384556501_2-Oxazoline-Based_Polymer_for_Pharmaceutical_Products_Adsorption_in_Aqueous_Media,-11.375080213891323,-7.868289316072376
*CN(CCO)C(=O)C(c1ccccc1)c2ccccc2*,CC(=O)OC1=CC=CC=C1C(=O)O,8.2,66.66667,1.0052,interpolated,-11.375086145018814,-7.86829028360564
*CN(CCO)C(=O)C(c1ccccc1)c2ccccc2*,CC(=O)OC1=CC=CC=C1C(=O)O,8.2,83.33333,1.3576,interpolated,-11.375087114838234,-7.868290868068097
*CN(CCO)C(=O)C(c1ccccc1)c2ccccc2*,CC(=O)OC1=CC=CC=C1C(=O)O,8.2,100.0,1.71,https://www.researchgate.net/publication/384556501_2-Oxazoline-Based_Polymer_for_Pharmaceutical_Products_Adsorption_in_Aqueous_Media,-11.477841414844073,-7.868789840388182
*CN(CCO)C(=O)C(c1ccccc1)c2ccccc2*,CC(=O)OC1=CC=CC=C1C(=O)O,8.2,133.33333,2.28333,interpolated,-11.375091437409772,-7.86828690262216
*CN(CCO)C(=O)C(c1ccccc1)c2ccccc2*,CC(=O)OC1=CC=CC=C1C(=O)O,8.2,166.66667,2.85667,interpolated,-11.477836799444303,-7.8687865967514306
*CN(CCO)C(=O)C(c1ccccc1)c2ccccc2*,CC(=O)OC1=CC=CC=C1C(=O)O,8.2,200.0,3.43,https://www.researchgate.net/publication/384556501_2-Oxazoline-Based_Polymer_for_Pharmaceutical_Products_Adsorption_in_Aqueous_Media,-11.477840283660637,-7.8687910754040375
*CN(CCO)C(=O)C(c1ccccc1)c2ccccc2*,CC(C)CC1=CC=C(C=C1)C(C)C(=O)O,8.2,25.0,9.728,https://www.researchgate.net/publication/384556501_2-Oxazoline-Based_Polymer_for_Pharmaceutical_Products_Adsorption_in_Aqueous_Media,-10.571804558438178,-6.6986626133007166
*CN(CCO)C(=O)C(c1ccccc1)c2ccccc2*,CC(C)CC1=CC=C(C=C1)C(C)C(=O)O,8.2,33.33333,10.74533,interpolated,-10.568840956849085,-6.697040576322915
*CN(CCO)C(=O)C(c1ccccc1)c2ccccc2*,CC(C)CC1=CC=C(C=C1)C(C)C(=O)O,8.2,41.66667,11.76267,interpolated,-10.571807969644416,-6.69866290853895
*CN(CCO)C(=O)C(c1ccccc1)c2ccccc2*,CC(C)CC1=CC=C(C=C1)C(C)C(=O)O,8.2,50.0,12.78,https://www.researchgate.net/publication/384556501_2-Oxazoline-Based_Polymer_for_Pharmaceutical_Products_Adsorption_in_Aqueous_Media,-10.573067814857213,-6.673934094910383
*CN(CCO)C(=O)C(c1ccccc1)c2ccccc2*,CC(C)CC1=CC=C(C=C1)C(C)C(=O)O,8.2,66.66667,16.97667,interpolated,-10.573009734199145,-6.694451871693989
*CN(CCO)C(=O)C(c1ccccc1)c2ccccc2*,CC(C)CC1=CC=C(C=C1)C(C)C(=O)O,8.2,83.33333,21.17333,interpolated,-10.572304774665433,-6.699545928015421
*CN(CCO)C(=O)C(c1ccccc1)c2ccccc2*,CC(C)CC1=CC=C(C=C1)C(C)C(=O)O,8.2,100.0,25.37,https://www.researchgate.net/publication/384556501_2-Oxazoline-Based_Polymer_for_Pharmaceutical_Products_Adsorption_in_Aqueous_Media,-10.489218117432463,-6.64223382023801
*CN(CCO)C(=O)C(c1ccccc1)c2ccccc2*,CC(C)CC1=CC=C(C=C1)C(C)C(=O)O,8.2,133.33333,27.65667,interpolated,-10.573739490382145,-6.695667338734604
*CN(CCO)C(=O)C(c1ccccc1)c2ccccc2*,CC(C)CC1=CC=C(C=C1)C(C)C(=O)O,8.2,166.66667,29.94333,interpolated,-10.489219208476047,-6.642237348706424
*CN(CCO)C(=O)C(c1ccccc1)c2ccccc2*,CC(C)CC1=CC=C(C=C1)C(C)C(=O)O,8.2,200.0,32.23,https://www.researchgate.net/publication/384556501_2-Oxazoline-Based_Polymer_for_Pharmaceutical_Products_Adsorption_in_Aqueous_Media,-10.573066859352675,-6.673932078246012
*CN(CCO)C(=O)C(c1ccccc1)c2ccccc2*,CC1=C(C2=C(N1C(=O)C3=CC=C(C=C3)Cl)C=CC(=C2)OC)CC(=O)O,8.2,10.0,1.144,https://www.researchgate.net/publication/384556501_2-Oxazoline-Based_Polymer_for_Pharmaceutical_Products_Adsorption_in_Aqueous_Media,-7.7681107269000895,-6.990882668225913
*CN(CCO)C(=O)C(c1ccccc1)c2ccccc2*,CC1=C(C2=C(N1C(=O)C3=CC=C(C=C3)Cl)C=CC(=C2)OC)CC(=O)O,8.2,15.0,1.39833,interpolated,-7.76603021733962,-6.963609367041532
*CN(CCO)C(=O)C(c1ccccc1)c2ccccc2*,CC1=C(C2=C(N1C(=O)C3=CC=C(C=C3)Cl)C=CC(=C2)OC)CC(=O)O,8.2,20.0,1.65267,interpolated,-7.821805243365107,-6.999083813150663
*CN(CCO)C(=O)C(c1ccccc1)c2ccccc2*,CC1=C(C2=C(N1C(=O)C3=CC=C(C=C3)Cl)C=CC(=C2)OC)CC(=O)O,8.2,25.0,1.907,https://www.researchgate.net/publication/384556501_2-Oxazoline-Based_Polymer_for_Pharmaceutical_Products_Adsorption_in_Aqueous_Media,-7.792494828526919,-6.958976923379751
*CN(CCO)C(=O)C(c1ccccc1)c2ccccc2*,CC1=C(C2=C(N1C(=O)C3=CC=C(C=C3)Cl)C=CC(=C2)OC)CC(=O)O,8.2,33.33333,2.86067,interpolated,-7.798977831435968,-7.014194245914503
*CN(CCO)C(=O)C(c1ccccc1)c2ccccc2*,CC1=C(C2=C(N1C(=O)C3=CC=C(C=C3)Cl)C=CC(=C2)OC)CC(=O)O,8.2,41.66667,3.81433,interpolated,-7.76810028584501,-6.990884881559646
*CN(CCO)C(=O)C(c1ccccc1)c2ccccc2*,CC1=C(C2=C(N1C(=O)C3=CC=C(C=C3)Cl)C=CC(=C2)OC)CC(=O)O,8.2,50.0,4.768,https://www.researchgate.net/publication/384556501_2-Oxazoline-Based_Polymer_for_Pharmaceutical_Products_Adsorption_in_Aqueous_Media,-7.799529412950938,-7.014365900331769
*CN(CCO)C(=O)C(c1ccccc1)c2ccccc2*,CC1=C(C2=C(N1C(=O)C3=CC=C(C=C3)Cl)C=CC(=C2)OC)CC(=O)O,8.2,66.66667,5.65833,interpolated,-7.768115788923879,-6.990883102481503
*CN(CCO)C(=O)C(c1ccccc1)c2ccccc2*,CC1=C(C2=C(N1C(=O)C3=CC=C(C=C3)Cl)C=CC(=C2)OC)CC(=O)O,8.2,83.33333,6.54867,interpolated,-7.76810046067653,-6.990882557470115
*CN(CCO)C(=O)C(c1ccccc1)c2ccccc2*,CC1=C(C2=C(N1C(=O)C3=CC=C(C=C3)Cl)C=CC(=C2)OC)CC(=O)O,8.2,100.0,7.439,https://www.researchgate.net/publication/384556501_2-Oxazoline-Based_Polymer_for_Pharmaceutical_Products_Adsorption_in_Aqueous_Media,-7.7924974859003395,-6.958978285209651
*CN(CCO)C(=O)C(c1ccccc1)c2ccccc2*,CC1=C(C2=C(N1C(=O)C3=CC=C(C=C3)Cl)C=CC(=C2)OC)CC(=O)O,8.2,133.33333,11.57267,interpolated,-7.792444118053762,-6.9589612100652
*CN(CCO)C(=O)C(c1ccccc1)c2ccccc2*,CC1=C(C2=C(N1C(=O)C3=CC=C(C=C3)Cl)C=CC(=C2)OC)CC(=O)O,8.2,166.66667,15.70633,interpolated,-7.768117102905502,-6.99088291912504
*CN(CCO)C(=O)C(c1ccccc1)c2ccccc2*,CC1=C(C2=C(N1C(=O)C3=CC=C(C=C3)Cl)C=CC(=C2)OC)CC(=O)O,8.2,200.0,19.84,https://www.researchgate.net/publication/384556501_2-Oxazoline-Based_Polymer_for_Pharmaceutical_Products_Adsorption_in_Aqueous_Media,-7.766026706800973,-6.963610265942393
*CN(CCO)C(=O)C(c1ccccc1)c2ccccc2*,CCN(CC)CCNC(=O)C1=CC(=C(C=C1OC)N)Cl,8.2,10.0,0.07254,https://www.researchgate.net/publication/384556501_2-Oxazoline-Based_Polymer_for_Pharmaceutical_Products_Adsorption_in_Aqueous_Media,-6.864393702106774,-6.385440128743242
*CN(CCO)C(=O)C(c1ccccc1)c2ccccc2*,CCN(CC)CCNC(=O)C1=CC(=C(C=C1OC)N)Cl,8.2,15.0,0.09326,interpolated,-6.865555923516865,-6.385883267475467
*CN(CCO)C(=O)C(c1ccccc1)c2ccccc2*,CCN(CC)CCNC(=O)C1=CC(=C(C=C1OC)N)Cl,8.2,20.0,0.11398,interpolated,-6.8608696307398915,-6.379733307697089
*CN(CCO)C(=O)C(c1ccccc1)c2ccccc2*,CCN(CC)CCNC(=O)C1=CC(=C(C=C1OC)N)Cl,8.2,25.0,0.1347,https://www.researchgate.net/publication/384556501_2-Oxazoline-Based_Polymer_for_Pharmaceutical_Products_Adsorption_in_Aqueous_Media,-6.8672657539347925,-6.381197067770369
*CN(CCO)C(=O)C(c1ccccc1)c2ccccc2*,CCN(CC)CCNC(=O)C1=CC(=C(C=C1OC)N)Cl,8.2,33.33333,0.18653,interpolated,-6.875482113667696,-6.384546632219007
*CN(CCO)C(=O)C(c1ccccc1)c2ccccc2*,CCN(CC)CCNC(=O)C1=CC(=C(C=C1OC)N)Cl,8.2,41.66667,0.23837,interpolated,-9.597770946871252,-6.82492142128714
*CN(CCO)C(=O)C(c1ccccc1)c2ccccc2*,CCN(CC)CCNC(=O)C1=CC(=C(C=C1OC)N)Cl,8.2,50.0,0.2902,https://www.researchgate.net/publication/384556501_2-Oxazoline-Based_Polymer_for_Pharmaceutical_Products_Adsorption_in_Aqueous_Media,-6.853537761052423,-6.374230432701343
*CN(CCO)C(=O)C(c1ccccc1)c2ccccc2*,CCN(CC)CCNC(=O)C1=CC(=C(C=C1OC)N)Cl,8.2,66.66667,0.49053,interpolated,-6.873707342813977,-6.39271273832167
*CN(CCO)C(=O)C(c1ccccc1)c2ccccc2*,CCN(CC)CCNC(=O)C1=CC(=C(C=C1OC)N)Cl,8.2,83.33333,0.69087,interpolated,-6.864423238004853,-6.3770916437970016
*CN(CCO)C(=O)C(c1ccccc1)c2ccccc2*,CCN(CC)CCNC(=O)C1=CC(=C(C=C1OC)N)Cl,8.2,100.0,0.8912,https://www.researchgate.net/publication/384556501_2-Oxazoline-Based_Polymer_for_Pharmaceutical_Products_Adsorption_in_Aqueous_Media,-9.653328301459483,-6.766828669552374
*CN(CCO)C(=O)C(c1ccccc1)c2ccccc2*,CCN(CC)CCNC(=O)C1=CC(=C(C=C1OC)N)Cl,8.2,133.33333,1.3298,interpolated,-6.860305128631209,-6.3778816565239955
*CN(CCO)C(=O)C(c1ccccc1)c2ccccc2*,CCN(CC)CCNC(=O)C1=CC(=C(C=C1OC)N)Cl,8.2,166.66667,1.7684,interpolated,-6.875563546047775,-6.39047419160349
*CN(CCO)C(=O)C(c1ccccc1)c2ccccc2*,CCN(CC)CCNC(=O)C1=CC(=C(C=C1OC)N)Cl,8.2,200.0,2.207,https://www.researchgate.net/publication/384556501_2-Oxazoline-Based_Polymer_for_Pharmaceutical_Products_Adsorption_in_Aqueous_Media,-9.509226851974335,-6.881445670389645
*CN(CCO)C(=O)C(c1ccccc1)c2ccccc2*,C[C@]12CC[C@H]3[C@H]([C@@H]1CC[C@@H]2O)CCC4=C3C=CC(=C4)O,8.2,10.0,3.243,https://www.researchgate.net/publication/384556501_2-Oxazoline-Based_Polymer_for_Pharmaceutical_Products_Adsorption_in_Aqueous_Media,-10.018042154637284,-5.969010167721227
*CN(CCO)C(=O)C(c1ccccc1)c2ccccc2*,C[C@]12CC[C@H]3[C@H]([C@@H]1CC[C@@H]2O)CCC4=C3C=CC(=C4)O,8.2,15.0,3.94233,interpolated,-10.067762898477568,-6.003770357602423
*CN(CCO)C(=O)C(c1ccccc1)c2ccccc2*,C[C@]12CC[C@H]3[C@H]([C@@H]1CC[C@@H]2O)CCC4=C3C=CC(=C4)O,8.2,20.0,4.64167,interpolated,-10.032018215852494,-6.023446604066298
*CN(CCO)C(=O)C(c1ccccc1)c2ccccc2*,C[C@]12CC[C@H]3[C@H]([C@@H]1CC[C@@H]2O)CCC4=C3C=CC(=C4)O,8.2,25.0,5.341,https://www.researchgate.net/publication/384556501_2-Oxazoline-Based_Polymer_for_Pharmaceutical_Products_Adsorption_in_Aqueous_Media,-10.062027656085661,-6.01182223842352
*CN(CCO)C(=O)C(c1ccccc1)c2ccccc2*,C[C@]12CC[C@H]3[C@H]([C@@H]1CC[C@@H]2O)CCC4=C3C=CC(=C4)O,8.2,33.33333,5.786,interpolated,-10.081709799178926,-6.029749559641481
*CN(CCO)C(=O)C(c1ccccc1)c2ccccc2*,C[C@]12CC[C@H]3[C@H]([C@@H]1CC[C@@H]2O)CCC4=C3C=CC(=C4)O,8.2,41.66667,6.231,interpolated,-10.081700243278783,-6.029743416769904
*CN(CCO)C(=O)C(c1ccccc1)c2ccccc2*,C[C@]12CC[C@H]3[C@H]([C@@H]1CC[C@@H]2O)CCC4=C3C=CC(=C4)O,8.2,50.0,6.676,https://www.researchgate.net/publication/384556501_2-Oxazoline-Based_Polymer_for_Pharmaceutical_Products_Adsorption_in_Aqueous_Media,-10.067759097706238,-6.0037702760843965
*CN(CCO)C(=O)C(c1ccccc1)c2ccccc2*,C[C@]12CC[C@H]3[C@H]([C@@H]1CC[C@@H]2O)CCC4=C3C=CC(=C4)O,8.2,66.66667,14.304,interpolated,-10.081705437860634,-6.029753215622219
*CN(CCO)C(=O)C(c1ccccc1)c2ccccc2*,C[C@]12CC[C@H]3[C@H]([C@@H]1CC[C@@H]2O)CCC4=C3C=CC(=C4)O,8.2,83.33333,21.932,interpolated,-10.088209367240102,-6.022210803639964
*CN(CCO)C(=O)C(c1ccccc1)c2ccccc2*,C[C@]12CC[C@H]3[C@H]([C@@H]1CC[C@@H]2O)CCC4=C3C=CC(=C4)O,8.2,100.0,29.56,https://www.researchgate.net/publication/384556501_2-Oxazoline-Based_Polymer_for_Pharmaceutical_Products_Adsorption_in_Aqueous_Media,-10.023985659878997,-5.961192573781222
*CN(CCO)C(=O)C(c1ccccc1)c2ccccc2*,C[C@]12CC[C@H]3[C@H]([C@@H]1CC[C@@H]2O)CCC4=C3C=CC(=C4)O,8.2,133.33333,38.52667,interpolated,-10.081708174008734,-6.029749987453696
*CN(CCO)C(=O)C(c1ccccc1)c2ccccc2*,C[C@]12CC[C@H]3[C@H]([C@@H]1CC[C@@H]2O)CCC4=C3C=CC(=C4)O,8.2,166.66667,47.49333,interpolated,-10.081708186642498,-6.029747655508318
*CN(CCO)C(=O)C(c1ccccc1)c2ccccc2*,C[C@]12CC[C@H]3[C@H]([C@@H]1CC[C@@H]2O)CCC4=C3C=CC(=C4)O,8.2,200.0,56.46,https://www.researchgate.net/publication/384556501_2-Oxazoline-Based_Polymer_for_Pharmaceutical_Products_Adsorption_in_Aqueous_Media,-10.018038680780451,-5.969005641649033
*CN(CCO)C(=O)C(c1ccccc1)c2ccccc2*,CC1=C(C(=O)N(N1C)C2=CC=CC=C2)N(C)C,8.2,10.0,0.1347,https://www.researchgate.net/publication/384556501_2-Oxazoline-Based_Polymer_for_Pharmaceutical_Products_Adsorption_in_Aqueous_Media,-6.444987748105772,-6.062894979803131
*CN(CCO)C(=O)C(c1ccccc1)c2ccccc2*,CC1=C(C(=O)N(N1C)C2=CC=CC=C2)N(C)C,8.2,15.0,0.1416,interpolated,-6.444947350744636,-6.062908500749285
*CN(CCO)C(=O)C(c1ccccc1)c2ccccc2*,CC1=C(C(=O)N(N1C)C2=CC=CC=C2)N(C)C,8.2,20.0,0.1485,interpolated,-6.456763182586786,-6.07837989601376
*CN(CCO)C(=O)C(c1ccccc1)c2ccccc2*,CC1=C(C(=O)N(N1C)C2=CC=CC=C2)N(C)C,8.2,25.0,0.1554,https://www.researchgate.net/publication/384556501_2-Oxazoline-Based_Polymer_for_Pharmaceutical_Products_Adsorption_in_Aqueous_Media,-6.533719910651207,-6.108746148095193
*CN(CCO)C(=O)C(c1ccccc1)c2ccccc2*,CC1=C(C(=O)N(N1C)C2=CC=CC=C2)N(C)C,8.2,33.33333,0.15887,interpolated,-6.456818396099533,-6.0783799581219595
*CN(CCO)C(=O)C(c1ccccc1)c2ccccc2*,CC1=C(C(=O)N(N1C)C2=CC=CC=C2)N(C)C,8.2,41.66667,0.16233,interpolated,-6.444964236315648,-6.062899806621723
*CN(CCO)C(=O)C(c1ccccc1)c2ccccc2*,CC1=C(C(=O)N(N1C)C2=CC=CC=C2)N(C)C,8.2,50.0,0.1658,https://www.researchgate.net/publication/384556501_2-Oxazoline-Based_Polymer_for_Pharmaceutical_Products_Adsorption_in_Aqueous_Media,-6.490619919974982,-6.2718596705877525
*CN(CCO)C(=O)C(c1ccccc1)c2ccccc2*,CC1=C(C(=O)N(N1C)C2=CC=CC=C2)N(C)C,8.2,66.66667,0.2418,interpolated,-6.456799209815205,-6.078412123162773
*CN(CCO)C(=O)C(c1ccccc1)c2ccccc2*,CC1=C(C(=O)N(N1C)C2=CC=CC=C2)N(C)C,8.2,83.33333,0.3178,interpolated,-6.444949130779522,-6.062904726690422
*CN(CCO)C(=O)C(c1ccccc1)c2ccccc2*,CC1=C(C(=O)N(N1C)C2=CC=CC=C2)N(C)C,8.2,100.0,0.3938,https://www.researchgate.net/publication/384556501_2-Oxazoline-Based_Polymer_for_Pharmaceutical_Products_Adsorption_in_Aqueous_Media,-6.533707090526484,-6.108766833648316
*CN(CCO)C(=O)C(c1ccccc1)c2ccccc2*,CC1=C(C(=O)N(N1C)C2=CC=CC=C2)N(C)C,8.2,133.33333,0.53543,interpolated,-6.53370335338821,-6.1087591347364
*CN(CCO)C(=O)C(c1ccccc1)c2ccccc2*,CC1=C(C(=O)N(N1C)C2=CC=CC=C2)N(C)C,8.2,166.66667,0.67707,interpolated,-6.533720805279288,-6.108768320789211
*CN(CCO)C(=O)C(c1ccccc1)c2ccccc2*,CC1=C(C(=O)N(N1C)C2=CC=CC=C2)N(C)C,8.2,200.0,0.8187,https://www.researchgate.net/publication/384556501_2-Oxazoline-Based_Polymer_for_Pharmaceutical_Products_Adsorption_in_Aqueous_Media,-6.533743787027168,-6.1087494467521735
*C=C*,CC(C)C1=C(C(=C(N1CC[C@H](C[C@H](CC(=O)O)O)O)C2=CC=C(C=C2)F)C3=CC=CC=C3)C(=O)NC4=CC=CC=C4,7.8,0.5,0.0691,https://www.sciencedirect.com/science/article/pii/S0048969721071473,-9.866327036416507,-7.100627118514135
*C=C*,C1=CC=C2C(=C1)C=CC3=CC=CC=C3N2C(=O)N,7.8,0.5,0.0837,https://www.sciencedirect.com/science/article/pii/S0048969721071473,-10.001688428015175,-7.233515064506262
*C=C*,CNCCC(C1=CC=CC=C1)OC2=CC=C(C=C2)C(F)(F)F,7.8,0.5,0.362,https://www.sciencedirect.com/science/article/pii/S0048969721071473,-10.081435540936194,-6.885729877149278
*C=C*,CNC1(CCCCC1=O)C2=CC=CC=C2Cl,7.8,0.5,0.0809,https://www.sciencedirect.com/science/article/pii/S0048969721071473,-9.81082308422545,-7.180903909843309
*C=C*,CC(C)NCC(COC1=CC=CC2=CC=CC=C21)O,7.8,0.5,0.186,https://www.sciencedirect.com/science/article/pii/S0048969721071473,-9.853575246522126,-7.0484452238831805
*C1CN1*,C1=CC=C2C(=C1)C(=CC(=C2N)N=NC3=CC=C(C=C3)C4=CC=C(C=C4)N=NC5=C(C6=CC=CC=C6C(=C5)S(=O)(=O)[O-])N)S(=O)(=O)[O-].[Na+].[Na+],6.0,300.0,105.0,https://link.springer.com/article/10.1007/s13369-023-08604-z,,
*C1CN1*,C1=CC=C2C(=C1)C(=CC(=C2N)N=NC3=CC=C(C=C3)C4=CC=C(C=C4)N=NC5=C(C6=CC=CC=C6C(=C5)S(=O)(=O)[O-])N)S(=O)(=O)[O-].[Na+].[Na+],6.0,375.0,70.7,interpolated,,
*C1CN1*,C1=CC=C2C(=C1)C(=CC(=C2N)N=NC3=CC=C(C=C3)C4=CC=C(C=C4)N=NC5=C(C6=CC=CC=C6C(=C5)S(=O)(=O)[O-])N)S(=O)(=O)[O-].[Na+].[Na+],6.0,450.0,36.4,interpolated,,
*C1CN1*,C1=CC=C2C(=C1)C(=CC(=C2N)N=NC3=CC=C(C=C3)C4=CC=C(C=C4)N=NC5=C(C6=CC=CC=C6C(=C5)S(=O)(=O)[O-])N)S(=O)(=O)[O-].[Na+].[Na+],6.0,525.0,2.1,https://link.springer.com/article/10.1007/s13369-023-08604-z,,
*C1CN1*,C1=CC=C2C(=C1)C(=CC(=C2N)N=NC3=CC=C(C=C3)C4=CC=C(C=C4)N=NC5=C(C6=CC=CC=C6C(=C5)S(=O)(=O)[O-])N)S(=O)(=O)[O-].[Na+].[Na+],6.0,583.33333,2.33333,interpolated,,
*C1CN1*,C1=CC=C2C(=C1)C(=CC(=C2N)N=NC3=CC=C(C=C3)C4=CC=C(C=C4)N=NC5=C(C6=CC=CC=C6C(=C5)S(=O)(=O)[O-])N)S(=O)(=O)[O-].[Na+].[Na+],6.0,641.66667,2.56667,interpolated,,
*C1CN1*,C1=CC=C2C(=C1)C(=CC(=C2N)N=NC3=CC=C(C=C3)C4=CC=C(C=C4)N=NC5=C(C6=CC=CC=C6C(=C5)S(=O)(=O)[O-])N)S(=O)(=O)[O-].[Na+].[Na+],6.0,700.0,2.8,https://link.springer.com/article/10.1007/s13369-023-08604-z,,
*C1CN1*,C1=CC=C2C(=C1)C(=CC(=C2N)N=NC3=CC=C(C=C3)C4=CC=C(C=C4)N=NC5=C(C6=CC=CC=C6C(=C5)S(=O)(=O)[O-])N)S(=O)(=O)[O-].[Na+].[Na+],6.0,933.33333,3.73333,interpolated,,
*C1CN1*,C1=CC=C2C(=C1)C(=CC(=C2N)N=NC3=CC=C(C=C3)C4=CC=C(C=C4)N=NC5=C(C6=CC=CC=C6C(=C5)S(=O)(=O)[O-])N)S(=O)(=O)[O-].[Na+].[Na+],6.0,1166.66667,4.66667,interpolated,,
*C1CN1*,C1=CC=C2C(=C1)C(=CC(=C2N)N=NC3=CC=C(C=C3)C4=CC=C(C=C4)N=NC5=C(C6=CC=CC=C6C(=C5)S(=O)(=O)[O-])N)S(=O)(=O)[O-].[Na+].[Na+],6.0,1400.0,5.6,https://link.springer.com/article/10.1007/s13369-023-08604-z,,
