PSMILES,min_logd_pH_7.0,max_logd_pH_7.0,min_logd_pH_7.0_H,max_logd_pH_7.0_H,min_logd_pH_7.0_C,max_logd_pH_7.0_C,min_logd_pH_7.0_O,max_logd_pH_7.0_O
CCOc1cc(oc1)/C=C\2/N(C(=O)N(C2=O)C)CC(=O)N,-2.435699999999997,0.39849999999999997,,,,,,
CNc1cc(cc(c1)S(=O)(=O)N2CC[NH+](CC2)C#N)[N+](=O)[O-],-2.410319999999997,0.4238799999999998,,,,,,
*CCCCCCCCCCCCCC[Si](C)(CCCCCCCCCCCCCCc1ccc(*)cc1)C,,,13.319799999999976,13.319799999999976,14.018319999999973,14.018319999999973,11.36579999999999,11.997799999999982
*Oc1ccccc1C(=O)NCCCSCCSCSc1cc(*)s1,,,,,,,,
c1cc2c(cc1C(=O)[C@H]2c3ccccc3C(=O)[O-])Br,2.1408000000000005,2.1408000000000005,,,,,,
*Oc1ccccc1C(=O)Nc1ccc(C(=O)Nc2ccc(-c3ccc(C(*)=O)cc3)cc2)cc1,,,4.744300000000003,5.376300000000004,6.069400000000005,6.069400000000005,4.073500000000002,4.073500000000002
CCN(CC)OC(=O)COc1ccccc1OC,0.45690000000000075,1.8739999999999999,,,,,,
*CCCSc1ccc(*)s1,,,3.250200000000002,3.250200000000002,3.9487200000000025,3.9487200000000025,1.2961999999999998,1.9282
CCOC(=O)c1c([nH]c(n1C)SCC(=O)Nc2cc(cc2)Cl)C(=O)Nc3cccc4c(c3)OC,,,,,,,,
c1ccc2c(c1)c(=O)[nH]c2Sc3on2CO3,,,,,,,,
Cc1ccc2c(c1)c3n(n2c(n3)Cc4cc(c(c(c4)OC)C)OC)C=C1=O,,,,,,,,
*C1=CC(C[N+](C)(C)[Si](c2ccc(*)s2)cc1)OCCCCCC,,,3.6537000000000024,3.6537000000000024,4.3522200000000035,4.3522200000000035,2.6130000000000004,3.245000000000002
*/C=C/c1ccc(C(=O)NCCCCCCCCCCNC(=O)c2ccc(C(*)=O)cc2)cc1,,,5.422700000000006,5.422700000000006,6.202900000000007,6.202900000000007,3.859400000000001,3.859400000000001
*c1cc(/C=C/c2ccc(/N=C(/*)CCCCC)cc2)cc1,,,,,,,,
c1cc2ccccc2n1c3ncnc2=O,,,,,,,,
CC1=C2[C@@H](N([C@H]1CC)C(=O)N)C(=S)NC[C@@H]1c3cccsc3,,,,,,,,
*CCOCCOc1ccc(C=C(C#Cc2ccc(*)s2)cc1,,,,,,,,
*Oc1cccc(/C=N/c2ccc(OCCCCCCCOc3ccc(-c4ccc(/C(C=N/c5ccc(OCC(=S)c6cc(*)c(C(F)(F)C(F)(F)F)cc5)cc4)cc3)cc2)c1,,,,,,,,
Cc1cc(c(cc1Br)Br)C(=O)Nc2cc(cc3c2cccc3)c4ccccc4Cl,8.245920000000003,8.245920000000003,,,,,,
Cc1c(cc(c(c1)CBr)CC(=O)N1CC(CC2)C(=O)c3ccc(cc3)I)C,,,,,,,,
*C#C/C(CC)([2H])COc1ccc(SC((=O)O*)c2)cc1,,,,,,,,
Cc1cc2c(n1c3cc(s2)CNC(=O)c4cc(cs4)CCCC4)C(=O)[O-],,,,,,,,
*CC(*)(C)C(=O)OC(C(F)(F)c1ccccc1)C(F)(F)C(F)(F)C(F)(F)C(F)(F)C(F)(F)C(F)(F)F,,,7.085000000000004,7.085000000000004,7.865200000000006,7.865200000000006,5.1723000000000035,5.1723000000000035
*N=P(*)(Oc1ccccc1)C(=O)OCCCCCOc1cc(-c2ccc(OCCOC(CCC)C)cc2)cc1,,,,,,,,
COc1ccc(cc1)OC(=O)[C@H](C)Oc2ccccc2F,3.207200000000001,3.207200000000001,,,,,,
*CCCCCCCCCCCCCCCOC(=O)CCCCCCC(=O)O*,,,5.711300000000005,5.711300000000005,7.524500000000009,7.524500000000009,5.950000000000006,5.950000000000006
c1ccc2c(c1)cc3cc2c(cn3)C(=O)Nc4ccc(cc4)C(F)(F)F,,,,,,,,
*CCNC(=O)CCCCCCC(=O)OCCCCO*,,,1.7788,1.7788,2.8230000000000013,2.8230000000000013,1.2485,1.2485
*CC(*)CC(=O)NCC(C)C[Si](C)(C)C,,,2.8770000000000016,2.8770000000000016,3.5131000000000023,3.5131000000000023,0.8201999999999989,0.8201999999999989
*CC(OC)C(COCOC(=O)c1ccc(/C=C/c2ccc(C(=O)O*)cc2)cc1)CCC,,,3.8026000000000026,3.8026000000000026,5.615800000000006,5.615800000000006,4.041300000000002,4.041300000000002
*CCC(C)(CCCC)OC(CS(*)(C)C)CCCCCCCOC(=O)OCCCCCOc1ccc(OC(C)(OC)C/c2cc(-n3cc(O*)cc3)cc2)cc1,,,,,,,,
*NC(F)(F)C(F)(F)C(F)(F)CN(*)C(=O)OCCCCCCCCOc1ccc(C(=O)OCCOc2cccc2)cc1,,,,,,,,
CC(=O)OC(=O)c1cccc(c1S(=O)(=O)Nc2ccc(cc2Br)OC)C,3.270220000000002,3.863520000000003,,,,,,
*CCCCCNC(=O)CCCC(*)=O,,,1.662,1.662,2.4422000000000006,2.4422000000000006,-0.8145999999999998,-0.8145999999999998
*OC(CCCOCc1ccc(-c2ccc(OC(=O)CCCCCCCC(*)=O)cc2)cc1O,,,,,,,,
C[C@H]1C[C@H](C[C@H](O1)C)[NH3+],0.1842999999999997,0.9010999999999999,,,,,,
*CCCCCCC(F)NC(=O)NCCCCCSCCCNC(=O)CCCSCCNC(*)=O,,,4.220800000000002,4.220800000000002,5.001000000000005,5.001000000000005,1.3539000000000032,2.380100000000001
Cc1c(cn(n1C)S[C@H](c2ccccc2)C)C(=O)NSc3nnccc3SC,,,,,,,,
Cc1ccc2c(c1)c3c4nc4c(n3)n(n2)cnn4c(ns4)N)F,,,,,,,,
*CCCCCCCCCCNC(=O)CCCCCCCCCCCCCCCNC(=O)O*,,,5.611400000000005,6.637600000000007,8.450800000000008,8.450800000000008,5.850100000000005,6.876300000000008
Cc1ccccc1N2C(=O)C[C@@H](C2=O)c3cccc(c3)C(=O)N)F,,,,,,,,
c1cc(sc1)C(=O)Nc2ccccc2F,3.139500000000001,3.139500000000001,,,,,,
c1cc(c(c1)/C=C/2\C(=O)NC(=S)N(C2)SC[C@H]3CC(=O)[O-])Br,,,,,,,,
c1ccc(c(c1)S(=O)(=O)NC(C)(=O)n2cnnc3cs2)N,,,,,,,,
COc1cccc(c1)c2nnc(s2)CC(=O)NNc3ccco3,3.276600000000001,3.276600000000001,,,,,,
*CC(*)c1ccc(COCCCCCc2cccccc2)c(OCCOCCOCCOCCCOC)c1,,,,,,,,
Cn1nc(nc1SCCC(=O)N2CCC2)SCCc3cccc(n3C)c4ccccc4C,,,,,,,,
CC1=CC([C@H](C1)S(=O)(=S)C)N1c2cccnc2,,,,,,,,
CCOc1ccc2c(o1)/C(=C/3\C(=O)NC(=C4NC(=O)NCc5c5c5c4cccc5ncc6C4=O)N)C2=O,,,,,,,,
CC1([C@@H](C(=C(N1)C)NC(=S)N)C#N)C(=O)C)C,,,,,,,,
*/C=C(\*)COc1ccc(-c2ccc(CCCC(C)(C)CCCCCCCCC)cc2)cc1,,,9.407999999999998,9.407999999999998,10.188199999999993,10.188199999999993,9.179400000000005,9.179400000000005
COc1ccccc1OCC(=O)c2ccccc2Cl,3.610300000000003,3.610300000000003,,,,,,
COc1ccccc1n2c3c(=O)oc(nn3cn2)C=C[C@H](CC3)C(=O)[O-],,,,,,,,
*/C=C(\*)c1ccc(OCCOC(=O)c2cc(OCCC)cc2)cc1,,,,,,,,
*NC(C(C)COC(COCOC(O)COC(=O)C(=O)c1ccc(-c2ccc(-c3ccc(C(*)=O)cc3)cc2)cc1)C,,,,,,,,
Cc1ccccc1c2nnn2/N=C/c3ccco3,,,,,,,,
c1ccc(cc1)C(=S)Nc2ccccc2N3CCCN(CC3)C(=O)c4ccccc4,3.409600000000002,4.826700000000004,,,,,,
*CCCOC(=O)CCCCCCCCCCCCCCCCSC(=O)SCCCCCCCCCCOC(=O)CO*,,,10.033799999999996,10.033799999999996,11.07799999999999,11.07799999999999,9.503500000000003,9.503500000000003
*CC1CCC(CO*)CCSC1,,,2.1481000000000003,2.1481000000000003,3.192300000000002,3.192300000000002,1.6178,1.6178
c1ccc(cc1)C(=O)NC[C@H]1SC(=O)NC(=O)C3=C(OC3)c4cccc4OC3,,,,,,,,
*c1ccccc1C(*)CCc1ccccc1,,,3.861900000000003,3.861900000000003,4.731320000000004,4.731320000000004,2.4264,3.0584000000000016
*CCCCCCCCCCCCCOC(=O)c1ccc(C(=O)O*)cc1C,,,4.826320000000004,4.826320000000004,6.639520000000007,6.639520000000007,5.065020000000006,5.065020000000006
*CCCOC(=O)COCc1ccc(NCCCNC(=O)c2ccc(C(=O)S*)cc2)cc1,,,3.075500000000001,3.075500000000001,4.2817000000000025,4.2817000000000025,2.7072000000000016,2.7072000000000016
Cc1c2c(cc3c(cc2nc1C(=O)Nc4ccccc4)N2C(=O)Cc5ccco4,,,,,,,,
*CCCCCCCCCCCCCCCCCOC(=O)CCCCCCCCCCCCCCCCCCCCOc1ccc(C(=O)Oc2cc(O*)cc2)cc1,,,,,,,,
*CCCCCCCCCCCCCCCOC(=O)c1ccc(C(C)(C)c2ccc(C(=O)N*)cc2)c(F)c1OC,,,8.507100000000005,8.507100000000005,9.157900000000005,9.157900000000005,7.499600000000009,7.499600000000009
Cc1ccc(cc1C)S(=O)(=O)[C@@H]2CCCS2,2.9302400000000013,2.9302400000000013,,,,,,
Cc1cc2cc(c(=O)n(c2n1)c3ccc(cc3)[N+](=O)[O-])[N+](=O)[O-],,,,,,,,
*/C=C/C(C)C(C)(C)COC(*)(C)C,,,3.2597000000000023,3.2597000000000023,4.039900000000004,4.039900000000004,2.465400000000001,2.465400000000001
COc1ccc(cc1C(=O)N/N=C/c2c3ccccc3c2)I,4.3537000000000035,4.3537000000000035,,,,,,
Cc1cc(=O)oc2c1c(cnc2)C(=N)Nc3ccccc3,1.114219999999999,1.114219999999999,,,,,,
c1cc(c(cc1)Cl)C(=O)Nc2nccn2,,,,,,,,
C=CCn1c2c(c1=O)c3cn(n3c(n2)N=C(O)c4cc5c(s4)CCC5)N)C2,,,,,,,,
*NCCOC(=O)NCCCCCCNC(=O)NCNC(*)CC1,,,,,,,,
*Oc1cccc(/C=C/c2ccc(OCC(=O)CCCCCCCCC(*)=O)cc2)c1,,,5.198200000000005,5.830200000000007,6.523300000000006,6.523300000000006,4.527400000000004,4.527400000000004
COC(=O)[C@@H]1C[C@H](O1)c2c3c(s2)CC2,,,,,,,,
Cc1ccc(c(c1NC(=O)c2ccccc2)C(=O)Nc3nc5ccccc4n3,,,,,,,,
c1cc(c(cc1Cl)C2CCN(CC2)C(F)F)[S-],2.2307000000000006,3.647800000000002,,,,,,
*COC(=O)c1ccc(OCCCCCCCCCNC(=O)CCCCCCCCCCSCCCCCCCCCCCCCCCCOc2ccc(C(=O)O*)cc3)cc2OCCCCCCCCCCCCCCCCCCCCCC,,,,,,,,
*O[Se]C(=S)OCCCCCCCOc1ccc(/C(=N/c2ccc(C(*)=O)cc2)cc1,,,,,,,,
*CCCCCCCCCSCCCCCCC(OC)=C(*)CCCN(C)CCC,,,6.655900000000007,8.07300000000001,7.436100000000009,8.853200000000005,5.5140000000000065,6.931100000000009
*CC(*)(C)C(=O)OCC[N+](C)(C)C,,,0.8917999999999999,0.8917999999999999,1.672,1.672,-1.0208999999999993,-1.0208999999999993
*CC(C#N)C(=O)CCCCC(=O)O*,,,0.025479999999999947,0.025479999999999947,1.83868,1.83868,0.2641799999999998,0.2641799999999998
*c1c(C)cc(O1)cc(O*)c(OCCCCCCC)c1C,,,,,,,,
Cc1ccc(cc1)C(=O)C[C@H](C)CC(=O)Nc2ccccc2,4.232720000000003,4.232720000000003,,,,,,
c1ccc(cc1)[C@@H](C(=O)Nc2ccccc2)[C@@H]3CC[NH+](C3)C(=O)c4ccco4,2.7471000000000005,4.164200000000004,,,,,,
*CC(CCO*)CC(C)CCCCCCCCOC(=O)Nc1ccccc1OC(=O)OCc1ccc1OCCOCCOCCOCCOCCCOCOCCOCCOc1ccc(/N=N/C(\C)c2ccc(C#N)ccc2)cc1,,,,,,,,
*Oc1ccc(C(C)(C)c2ccc(OC(=O)c3ccc(OCCOCCOCCOCCOCCOCCOCCOCCCOCCOCCO*)cc3)cc2S(=O)(=O)c2)cc1,,,,,,,,
C[C@H]1CCCC[C@H]1C(=O)NC(=O)Cc2noc(n2)CC(=O)Nc3ccco3,1.8553999999999997,1.8553999999999997,,,,,,
*Oc1ccc(C(C)(C)c2ccc(OC(C)O[Si](C)(C)c3ccc(-c4cc(O*)cc4)cc3)cc2)cc1,,,,,,,,
*/C=C/c1ccc(-c2ccc(*)o2)ccc1,,,,,,,,
Cc1ccc(o1)n2c(nnc2SCc3ccccc3)NC(=O)c4ccc(cc4)C(F)(F)O,4.754920000000003,4.754920000000003,,,,,,
*OC(CCCNC(=O)c1ccc(OC(=O)CCCCCCCC(*)=O)cc1)(C(C)C,,,,,,,,
*Oc1ccc(NC(=O)c2ccc(-c3cccc(C(=O)c4cccc(C(*)=O)cc4)cc3)cc2)cc1-c1cccc1,,,,,,,,
*CC(CCCCCCCCCCCCCNC(=O)S*)[Si](C)(C)C(C)SC,,,6.287100000000006,7.313300000000008,8.519500000000006,8.519500000000006,6.945000000000007,6.945000000000007
Cc1ccc(cc1NC(=O)c2ccc(c(c2)C)Cl)C(=O)Nc3ccccc3,5.461440000000003,5.461440000000003,,,,,,
*/C=C/c1cc(CCCCCC)c(*)s1,,,4.513900000000004,4.513900000000004,5.212420000000004,5.212420000000004,3.473200000000002,4.1052000000000035
*CC(CC(=O)Nc1ccc(O*)cc1)COc1ccc(-c2ccc(OCCCCCCCCCC(F)S(=O)(=O)c3ccc(OCC)cc3)cc2)c1,,,,,,,,
*Oc1c(C)cc(C)c([Si](C)(C)[Si](C)(C)c2ccc(Oc3cc(S(*)(=O)=O)c5ccccc4)cc3)cc2)cc1,,,,,,,,
Cc1ccc(cc1)[C@@H]2C=C(NC[C@@H]2c3ccc(cc3)F)C#N,2.9860000000000015,4.012200000000003,,,,,,
*c1ccc([Si](C)(C)CCCOC(*)=O)cc1,,,2.1651,2.1651,2.863620000000001,2.863620000000001,0.4255999999999993,1.0575999999999997
*c1ccc(OCCCCCCCCCCCCCCCCCCCCCCCCCOc2ccc(O*)cc2)cc1OCCCCCCCCCCCCCCCCCCCCCCCCCCCCCCC,,,22.901900000000012,23.53390000000002,24.145320000000027,24.145320000000027,22.753700000000006,23.385700000000014
COc1cccc(c1)SCC(=O)Nc2cccc(c2)[N+](=O)[O-],3.334200000000002,3.334200000000002,,,,,,
*c1ccc(-c2cc([Si](C)(CCCCCCCCCOC)c(*)cc2SCCCCCCCCC)cc1,,,,,,,,
c1ccc(cc1)S(=O)(=O)N2CCC(C2)c3cccc(c3Cl)Cl,2.754500000000001,4.171600000000003,,,,,,
*CC(*)(C)C(=O)NCCNC(=O)O*,,,-2.334699999999997,-1.3084999999999987,0.8947999999999999,0.8947999999999999,-2.981099999999997,-1.9548999999999994
*Oc1ccc(C(*)CC(=O)OCCCCCC([2H])(F)F)cc1,,,3.0615000000000014,3.693500000000002,4.557500000000004,4.557500000000004,3.3306000000000013,3.3306000000000013
*O[Si](*)(C)CCCCCNC(=O)c1ccc(/N=N/c2ccc(C(=O)OCC)cc2)cc1,,,4.524700000000005,4.524700000000005,6.030300000000006,6.030300000000006,4.732700000000004,4.732700000000004
*CC(*)(CCCCCC)C(C)COCC(O=O)NCCSCCCCCNC(=O)O*,,,,,,,,
*Oc1ccc(-c2ccc(-c3ccc(OC(=O)Nc4ccc(/C=C/C(*)=O)cc4)cc3)cc2)cc1OC,,,5.925800000000005,6.557800000000006,7.250900000000006,7.250900000000006,5.2550000000000034,5.2550000000000034
CC1([C@@H]([C@@H](n2c(n1CC)c3ccccc3Oc5cccc5oc4=O)C)OC)C,,,,,,,,
*/C=C/c1ccc(/C=C/c2ccc(*)cc2)cc1OCC,,,4.898700000000004,4.898700000000004,5.597220000000005,5.597220000000005,3.8580000000000014,4.490000000000003
*CCCC/C=C/C(COC(=O)CCCC(*)C#N,,,,,,,,
Cc1ccc(cc1[C@H](C)c2ccccc2[N+](=O)[O-])S(=O)(=O)c3ccco3,4.480820000000004,4.480820000000004,,,,,,
*CC(*)C(=O)OCCCCCCOc1ccc(CC(=O)Oc2ccc(OCCCCCC)cc2)cc1,,,6.6862000000000075,6.6862000000000075,7.322300000000009,7.322300000000009,4.629400000000006,4.629400000000006
CC1=C([C@@H]2[C@](C1CC)C(=O)N2C)c3cccc(c3)[N+](=O)[O-],1.4060899999999996,2.823190000000001,,,,,,
CC(C)CNC(=O)Cn1c2cc[nH]c2c1c3ccc(cc3)F,,,,,,,,
Cc1ccc(cc1)[N+](=O)[O-],1.90322,1.90322,,,,,,
COC(=O)C1=C(NC(=S)S1)C2=CN(CC2)c3ccc(cc3)F,2.3216900000000003,3.9825900000000027,,,,,,
Cc1cccc(c1Nc2ccccc2)[C@H]3CC(=O)N(C3=C([C@H]4C(=O)CCC4)C)OC,3.8420200000000033,5.259120000000005,,,,,,
*1ccc(OCCCCc2ccc(*)cc2)cc1,,,,,4.396720000000004,4.396720000000004,,
C[C@H]1CCCC(=O)Nc2c1cc(cc2)(C)C,,,,,,,,
*O/C=C/c1c(OCCCCOc2ccc(OCOC(C)c3ccc(/C=C/c4cc(O*)cc4)c(OC)c3)cc2)cc1OCC(C)(C)C,,,,,,,,
Cc1cc(ccc1C(=O)N2CCN(CC2)N3C(=O)/C=C/4\CC(=O)NC(=O)CC(=C)OC)[O-],,,,,,,,
*O=P(*)(OCCCCCCCCCCCCC)c1ccc(C(=O)Oc2ccc(OCC(=O)c3ccc(C(=O)OC)cc3)cc2)cc1,,,,,,,,
*/C=C(/*)C([2H])=NC,,,0.873,0.873,1.6532,1.6532,0.6444,0.6444
Cc1ccc(cc1)NC(=O)c2c[nH]c(c2=O)/C=C/3\C(=C(NC3=O)c4ccc(cc4)C(=O)C)C,,,,,,,,
c1cc2c([nH]c1=O)CC[C@H]3CCO3,,,,,,,,
CNC(=O)c1ccc(cc1)[N+](=O)[O-],0.9543999999999999,0.9543999999999999,,,,,,
*CCc1cc(OC(=O)c2ccc(O*)cc2)cc1,,,,,,,,
CC(C)c1nc(n1)c2ccc(cc2)OC,-1.3288999999999982,-1.3288999999999982,,,,,,
c1ccc(cc1)OCC(=O)NNC(=O)c2ccccc2,3.094800000000001,3.094800000000001,,,,,,
*/C=C/c1ccc([Si](*)(C)CCCCCCOc2ccc(-c3cc(OCCCCCCCCCCCCCC)cc3)c(C)c2CCCCCCCCCC)cc1,,,,,,,,
*CCCCCCCCOc1ccc(-c2ccc(O*)cc2)cc1,,,5.1665000000000045,5.798500000000006,6.491600000000007,6.491600000000007,4.917100000000004,4.917100000000004
*CCCCNC(=O)OCCCCCCOC(=O)Cc1ccc(C(=O)NCCNC(=O)c2ccc(-c3cc(Sc4cc(O*)cc4)cc3)cc2)cc1,,,,,,,,
*/C=C/C(O[Si](*)(CCC)CC,,,,,,,,
c1ccc2c(c1)[nH]nc(n2)c3ccccc3,,,,,,,,
COc1cccc(c1)NC(=O)c2c[nH+](cc2=O)oc3cccc3,,,,,,,,
*CCCOc1ccc(OC(=O)c2cc(O*)cc2)cc1CCC,,,,,,,,
*OC(Oc1ccc(C(F)(F)F)c2ccc(OC(=O)C(F)(F)C(F)(F)C(F)(F)C(F)(F)C(F)(F)C(F)(F)C(*)(F)C(F)(F)F)cc2)c1,,,,,,,,
*OC(*)CNC(CCC(C)=O)c1ccc(-c2ccc(C(C)C)nc2)cc1CCCCCCCCCC,,,6.521200000000008,7.54740000000001,7.5638000000000085,8.590000000000007,6.336900000000007,7.36310000000001
*CC(*)C(=O)OC(=O)OCCCCCC(=S)Oc1ccc(C(=O)Oc2ccc(OCC)cc2)cc1,,,5.660900000000005,5.660900000000005,6.297000000000006,6.297000000000006,3.6041000000000016,3.6041000000000016
*C[C@H](*)C(=O)Nc1ccc(C#N)cc1,,,1.90678,1.90678,2.5428800000000003,2.5428800000000003,-0.1500200000000001,-0.1500200000000001
*CCC(C)(CO*)CF,,,1.3645,1.3645,2.4087000000000005,2.4087000000000005,0.8342,0.8342
*CCCCCCCCCCCCCCCCCCCCCOC(=O)c1cccc(C(=O)n3c(*)c(CC)cc3OC)cc2)cc1,,,,,,,,
CCOc1ccc(cc1C)/C=C\2\C(=O)N(C(=S)N2)C(=O)N3CCCC3,-1.1932799999999968,2.6671200000000006,,,,,,
Cc1ccccc1CC(=O)Nc2cc3c(snc3s2)C(F)(F)F)C(F)(F)F,,,,,,,,
*CCCCCCCCCNC(=O)CCCCCCCCCCCOC(=O)CCC(=O)O*,,,4.827500000000004,4.827500000000004,6.640700000000007,6.640700000000007,5.066200000000005,5.066200000000005
*CC(*)C(=O)OCCCOCCC(F)F,,,2.0015,2.0015,2.637600000000001,2.637600000000001,-0.055299999999999794,-0.055299999999999794
Cc1c(sn(n1)SCC(=O)NCNC(=O)C2CCN(CC2)C(=O)c3ccco3)C,,,,,,,,
Cc1ccc(n1c2ccccc2)OCc3ccccc3CNC(=O)C,4.000820000000004,4.000820000000004,,,,,,
*OCOCCOCCOCCOCOCCOCOCCOCCO*,,,-1.0236999999999956,-1.0236999999999956,0.2845000000000042,0.2845000000000042,-0.02909999999999663,-0.02909999999999663
CC[C@H](C)c1ccc(cc1)C[NH+]2CCN(CC2)C(=O)c3cccc3Cl,,,,,,,,
c1ccc(cc1)[C@@H]2C[C@@H](CCC2=O)Nc3nc(s3))CO,,,,,,,,
COc1ccc(cc1)/C=C/2\C(=O)NS(=O)(=O)n3c2cccc3,,,,,,,,
c1cccc(c1)OCSc2nnc(o2)SCC(=O)NO,1.7957,1.7957,,,,,,
C[C@@]12[C@](CCCCC[NH2+]2)O1,0.4021899999999994,1.42839,,,,,,
*C(CCC)(C)CCOC(=O)COCCSC(=O)O*,,,1.4489999999999998,1.4489999999999998,3.2622000000000018,3.2622000000000018,1.8302,1.8302
CC(=O)c1ccc(c1)NC(=S)Nc2ccc(cc2)C(=O)[O-],,,,,,,,
CCOc1cc(ccc1Oc2ccccc2)[C@@H]3C3=O,,,,,,,,
*CCCCCOC(=O)NCCCCNC(=O)O*,,,-0.4102999999999985,0.6159000000000003,2.4291,2.4291,-0.17159999999999925,0.8546
*Nc1ccc(/C=C(\CCCOC(*)=O)c2ccccc2[N+](=O)[O-])cc1,,,3.6708000000000025,3.6708000000000025,4.520400000000004,4.520400000000004,3.076600000000001,3.076600000000001
C[C@@H]1[C@H](C(=O)N1C)SC(=O)N(C/N=N/c2ccc(o2)OC)C,-0.49069999999999836,2.3434999999999997,,,,,,
*/C=C\c1ccc(C(=O)O*)c(Cl)c(Br)c1,,,,,,,,
*/C=C/c1cc(OCCC[Si](CC)(*)CCCCCC)cc(OCC(C)C)c1,,,6.9606000000000074,6.9606000000000074,8.202200000000008,8.202200000000008,6.5570000000000075,6.5570000000000075
*CC(O)C(COC(=O)NCCSCCCCCSCNC(=O)O*)c1cccc(C(=C)SCCC)c1,,,3.492000000000001,4.518200000000004,6.331400000000007,6.331400000000007,3.7307000000000006,4.756900000000004
Cc1ccc(n1C)C(=O)N2CCN(CC1)C(=O)c3ccccc3,,,,,,,,
*CC(*)(C)C(=O)OCCCCCC(=O)OCCCCC,,,3.4794000000000027,3.4794000000000027,4.259600000000004,4.259600000000004,1.5667,1.5667
COc1ccc(cc1/C=N/NC(=O)c2ccc(cc2)F)OCl,3.914900000000002,3.914900000000002,,,,,,
*Oc1ccc(C(=O)N(CCCCCCCCCCCC(=O)OCCCCNC(*)=O)cc1,,,,,,,,
*CCCCCCCCCOC(=O)NS(=O)(=O)c1ccc(NC(=O)c2ccc(NC(=O)O*)cc2)cc1,,,4.6437000000000035,4.6437000000000035,6.456900000000005,6.456900000000005,4.882400000000005,4.882400000000005
CC(C)(C)CCCNC(=O)N(n1cnnc1Sc2ccc(c2C)OC)S(=O)(=O)NC,,,,,,,,
*Oc1ccc(C(=O)c2ccc(OCCCCCOCCOCCOCCCCOCCCOCCOC(*)=O)cc2)ccc1,,,,,,,,
*Sc1ccc(OCCCCCC)cc(NC(=O)Oc2ccc(OC(*)=O)cc2)cc1C,,,5.448500000000006,5.448500000000006,6.271800000000006,6.271800000000006,4.911800000000004,4.911800000000004
*Oc1ccc(Oc2ccc(OC(=O)CCCCCCC(=O)Oc3ccc(C(C)(C)c4cc(Oc5cc(C(F)(F)C(F)(F)C(F)(F)(F)C(F)(F)C(F)(F)C(F)(F)C(F)F)cc4ccc(*)c3)c1,,,,,,,,
*C1CC(C)(C(=C(*)=O)OCC,,,,,,,,
*CCOCCOCCOC(=O)c1ccc(O*)cc1,,,0.9700999999999997,1.6020999999999999,2.2952000000000004,2.2952000000000004,0.7206999999999999,0.7206999999999999
Cc1cc(=O)n2c(n1c(nc1[O-])C2)OC(=O)c3ccnc3,,,,,,,,
CC(=O)Nc1c(ccc1Cl)C(=O)Nc2c(cccc2Br)C(F)(F)F,,,,,,,,
Cc1cc(ccc1Cl)NC(=O)c2cccs2,3.962220000000002,3.962220000000002,,,,,,
*CCOCCO[Si](C)(C)NCC(O*)O[Si](C)(C)C,,,0.47460000000000124,1.5007999999999992,1.5188000000000001,2.545,-0.055699999999998084,0.9705000000000001
*CC(C(*)=O)Nc1ccc(F)c(F)c1,,,0.7470999999999998,1.9641000000000002,1.5272999999999999,2.744300000000001,-1.7294999999999991,-0.5125000000000004
c1ccc2c(c1)c(ccc(o2)OCc3cccs3)C(=O)[O-],2.3320000000000007,2.3320000000000007,,,,,,
CC[C@H]([C@H]1CCN1C(=O)COC1=O)Cc2cc(ccc2OC)Cl)O,,,,,,,,
*/C=C/c1c(OCCCCCCCCCCCCCCC#CC)c(O*)c1CCCCCCCCCCC,,,11.28429999999999,11.28429999999999,11.762799999999986,11.762799999999986,11.10159999999999,11.10159999999999
*CCCCCCCCOC(=O)NCCCNC(=O)O*,,,0.36990000000000245,1.3961000000000001,3.2093000000000016,3.2093000000000016,0.6086,1.6347999999999994
*Nc1c(NC(=S)N(c2ccccc2)c2ccc(N(C)c3ccc(S(=O)(=O)c4cccc4C(*)(C)=O)cc3)cc2)cc1I,,,,,,,,
*CCCCCSCCCCOC(=O)CCCCCCCCCCCCCCCCCCCCCOc1cc(/N=N/c2ccc(/C=C/c3cc(N=*)cc3)cc2)cc1,,,,,,,,
*Oc1ccc(-c2ccc(OC(=O)c3ccc(C(=O)c4ccc(OC(=O)c5cc(OC*)cc5)cc4)cc3)cc2)cc1,,,,,,,,
COc1ccccc1c2nc(nn2)SCCC(=O)Nc3ccccc3Cl,,,,,,,,
c1cnn(c1)CNc2nc(ncn2)c3cc(ccc3)[N+](=O)[O-],1.7128999999999996,1.7128999999999996,,,,,,
Cc1cc2cc(c1)C(=O)OCCC(=O)N2CCCC2,,,,,,,,
C[C@H](C(=O)[O-])c1c(c(c(oC1)N)Cc2ccccc2)Cl,0.5917000000000001,1.3085,,,,,,
c1cc(sc1)/C(=C/c2ccc(cc2)Cl)/C(=S)Nc3nnncc(n3)Br,,,,,,,,
COc1ccc(cc1)C(=O)N/N=C/c2cnsn2,2.0947,2.0947,,,,,,
COn1c2cccccc2c1OCc3cccc(cc3)OC,,,,,,,,
COc1ccc(cc1)c2cc(s2)c3c(ncnc3n3N)c4ccc(cc4)OC,,,,,,,,
*CCCCOCCOc1ccc(-n2c(C)c(CCCC(=O)OCCCOc3ccc(/C=C/c4ccc(O*)cc4)cc3)cc2)cc1,,,7.560220000000009,8.19222000000001,8.885320000000004,8.885320000000004,7.310820000000009,7.310820000000009
*[Si](*)(C)c1cc(Cl)ccc1,,,1.1822,1.1822,2.885200000000001,2.885200000000001,0.6036,0.6036
*CCCNC(=O)CNCCCCCCCCCCCNC(=O)C(=O)N*,,,0.18840000000000318,1.2146000000000006,0.8392000000000027,1.8654000000000004,-0.819099999999997,0.20710000000000334
*/C=C(/*)c1c(Cl)c(OCCC)c(N)cc1,,,3.354000000000002,3.354000000000002,4.1342000000000025,4.1342000000000025,3.125400000000001,3.125400000000001
*CC(CC)CCSCCCCS*,,,3.8658000000000032,3.8658000000000032,4.689100000000004,4.689100000000004,3.114600000000001,3.114600000000001
c1ccc(cc1)CCC(=O)Nc2c3c(ncn2)C#N,,,,,,,,
*CCCCCC(=O)OCCOCCOC(=O)COC(=O)CCCCCCCC(=O)OCCCCCNC(=O)OCCCCC(=O)O*,,,3.3035000000000023,3.3035000000000023,5.116700000000004,5.116700000000004,3.5422000000000042,3.5422000000000042
COc1ccc(cc1)o2)C(=O)NCS(=O)(=O)C2=S,,,,,,,,
*CCOC(=O)CCCCCCCCC(=O)Oc1ccc(-c2ccc(O*)cc2)cc1,,,5.016500000000004,5.6485000000000065,6.341600000000007,6.341600000000007,4.767100000000005,4.767100000000005
c1cc(ccc1[nH]2)[C@@H](C(=O)N2CC(=O)[C@@H](C2=O)c3ccccc3)OC(=O)N,,,,,,,,
CC1=C([C@@H](NC(=O)N1)c2ccccc2)c3ccccc3,3.471700000000001,3.471700000000001,,,,,,
*CCN(CCCCCCCCC)C(=O)C(*)=O,,,1.3673,2.7844000000000015,2.1475,3.564600000000002,-1.109299999999997,0.3078000000000006
*OC(=O)CCOc1ccccc1OC(=O)c1ccc(S(=O)(=O)c2ccc(*)cc2)c(SCCCC)c1,,,4.149600000000003,4.149600000000003,5.8811200000000055,5.8811200000000055,4.489500000000002,5.121500000000005
CCc1cc2c(sc([nH]c2c1NC(=O)Nc3ccc(c(c3)[N+](=O)[O-])C(C)C)C)c(C)C,,,,,,,,
*Oc1ccc(NC(=O)CCCCc2ccc(/N=N/c3ccc(-c4ccc(C(*)=O)cc4)cc3)cc2)cc1C(F)(F)F,,,8.025400000000005,8.657400000000003,9.350499999999998,9.350499999999998,7.354600000000006,7.354600000000006
*CC[Sn](C)(C)CCOC(=O)c1ccc(C(C)(C)c2cccc2)cc1*,,,,,,,,
c1ccc(cc1)CCSc2nnc(s2)SCC(=O)NCc3nc(s3)N4CCCCCC4,,,,,,,,
*CC(*)(F)C(=O)OCCCCCCCCCCCCCCOc1ccc(/C=N/c2ccc(-n3c(=O)n(*)o3)cc2)cc1,,,7.099500000000009,7.470400000000009,8.261000000000008,8.261000000000008,5.473500000000007,5.582100000000008
*CCCCOC(=O)Cc1ccc(OC(=O)c2ccc(C(=O)O*)cc2)cc1,,,2.1551,2.1551,3.9683000000000037,3.9683000000000037,2.393800000000001,2.393800000000001
CCc1cc(ccc1S(=O)(=O)/C=N/NC(=O)c2ccc(cc2)OC,,,,,,,,
*CC(*)C(=O)OCCCCCCOCC,,,2.536500000000001,2.536500000000001,3.172600000000002,3.172600000000002,0.4797000000000003,0.4797000000000003
*CCCSCCCSC(=O)NCCCCCSc1nn(CCCNC(=O)CCCCC)c(C(=O)N*)c(F)n1,,,,,,,,
CC1=C([C@H](N2C(=C(Oc3ccccc3[O-])C#N)(C)Cc4cccc4c3Cl)C(=O)N1=O,,,,,,,,
CC(C)(C)Cc1ncc(s1)NC(=O)NCc2ccccc2,4.053400000000003,4.053400000000003,,,,,,
CCOC(=O)N(C)C1CCC1,0.21009999999999995,1.6272,,,,,,
*CC(*)(C)C(=O)NCCCCCCCCCCCCCCNC(=O)C(C)C,,,5.212000000000005,5.212000000000005,5.992200000000007,5.992200000000007,3.299300000000002,3.299300000000002
Cc1c(sc2c1c(c(n2)C(=O)Nc3ccc(cc3)O)NC(=O)C)C,,,,,,,,
*CC(OCCOC(=O)NCCCCCCCCCCCNC(=O)c1cccc1C(=O)O*)CN(C)C,,,,,,,,
*CCCCCC(CCC)CC(=O)OCCc1ccc(O*)c(Br)c1,,,4.995100000000005,5.627100000000007,6.320200000000007,6.320200000000007,4.745700000000005,4.745700000000005
*C#CCCCOc1ccc(-c2ccc(/C=C/c3ccc(O*)c(CCC(C)(C)C)c3)cc2)cc1,,,7.368500000000007,8.000500000000008,8.693600000000004,8.693600000000004,7.846900000000008,7.846900000000008
*CCOCC(=O)SSCCCCCCCCOc1cc(C(=O)CCCCCCCCCCCCCCCCC=*)cc1,,,,,,,,
Cc1ccc(c(c1)OC)C2=NC(=O)N(C2=O)CC(=O)NCC(=O)[O-],-2.7960799999999963,-1.3789799999999985,,,,,,
c1ccc2c(c1)ccc(cc2)Nc3ccnc3C(=O)NC4CCCC4,,,,,,,,
*CCCCCCCCCCC(=O)NCCCCNC(=O)c1ccc(NC(=O)CCCNC(=O)c2ccc(C(=O)Nc3ccc(C(=O)N*)cc3)cc2)cc1,,,6.343500000000004,6.343500000000004,6.994300000000005,6.994300000000005,5.336000000000003,5.336000000000003
c1ccc2c(c1)[C@@H](SC2=O)(=O)c3ccccc3,,,,,,,,
*Oc1ccc(-c2ncc(Oc3cc(Oc4cccc(/C=N/c5ccc(C(=O)Nc7ccc(C(*)=S)(=O)O)cc6)cc4)cc3)cc2)cc1,,,,,,,,
*O[Si](C)(CCc1ccc(OC(*)=O)c2ccc(C(C#N)C)cc2)cc1)C(=O)Oc1ccc(OC(=O)c2cc(-c3ccccc3)cc2)cc1,,,,,,,,
CC(C)c1nnc(n1)NC(=O)Cc2cc3ccccc3[nH]c2=O,,,,,,,,
*CCN(C)C(=O)CCCCCCC(=O)NCCCCCCCCN*,,,1.086900000000002,3.2208000000000006,1.4283000000000021,3.8716000000000026,-0.22999999999999543,2.213299999999999
Cc1ccc2c(c1)c(n[nH]2)[C@H]3C(=C(C(C3=O)C#N)N)C,0.8223999999999999,1.9101000000000004,,,,,,
c1ccc2c1-c(c3c(s2)c4ccc(cc4cc3C(F)(F)F)O,,,,,,,,
*Nc1cc(NC(=O)c2ccccc2C(=O)NCCNc2ccc(C(*)=O)cc2C(=O)Oc2ccc(C(=O)OCCC)cc2)cc1,,,,,,,,
CCOC(=O)c1c(oc1c(=O)[nH]c1=O)c2ccccc2Cl,,,,,,,,
CCOc1ccccc1NC(=O)c2ccc(cc2)C#C(=O)N,,,,,,,,
Cc1cc2cn1c(c(=O)CC(C2=O)N(C)C(=O)OC)C,,,,,,,,
*[Sn]c1cc(OCCOC(*)(CCC)C)cc1,,,,,,,,
*CCCCCCCOC(=O)CCCCc1ccc(O*)cc1,,,3.9866000000000037,4.618600000000005,5.311700000000005,5.311700000000005,3.7372000000000036,3.7372000000000036
*OCCCCCCCOc1ccc(/C=N/c2nc(C#N)ccc2C(=O)O*)cc1,,,2.38898,2.38898,4.466180000000004,4.466180000000004,4.152580000000003,4.152580000000003
Cc1ccc(cc1)NC(=O)/C=N/NC1=O,,,,,,,,
C[C@@H](C(=O)N1C[C@H]2C[C@]1(n3c(n2)CC(CC3)C)CC(=O)NC3=O,,,,,,,,
c1cc(cc(c1)NC(=O)[C@H]2Oc3cccc(c3)N)F,,,,,,,,
*CCCCCCCCCCCCCCCCCCCCNC(=O)CCCCCCCC(=O)N*,,,8.360300000000008,8.360300000000008,9.011100000000004,9.011100000000004,7.352800000000008,7.352800000000008
*c1cc(C(*)C)c(OC(OC)COC)c(OC)c1,,,2.2553,2.2553,3.1247200000000017,3.1247200000000017,0.8197999999999999,1.4518
Cc1cc(ccc1NC(=O)/C=C/c2ccc(cc2)[N+](=O)[O-])Cl,4.208520000000003,4.208520000000003,,,,,,
c1ccc2c(c1)c(n(n2)CC(=O)Nc3ccccc3)c4cccc4Cl,,,,,,,,
*/C=C(/*)C(CC)CCCCCO[Si](*)(C)C,,,3.759000000000003,3.759000000000003,5.390700000000005,5.390700000000005,3.241100000000001,3.241100000000001
*CCCS(=O)(=O)CNCCNC(=O)c1ccccc1C(=O)OC(=O)O*,,,-1.7377999999999962,-0.7115999999999971,0.07540000000000191,1.1016000000000004,-1.4990999999999988,-0.4728999999999996
CC1=NNN(CC1)C(=O)c2ccccc2F,0.13500000000000045,1.5520999999999998,,,,,,
*CCCCCCCCCOC(=O)c1ccc(*)cc1CCCCCCC,,,7.1069000000000075,7.1069000000000075,7.805420000000008,7.805420000000008,5.152900000000005,5.784900000000007
*/C=C/C(C)OCC(=O)c1c(C(O)CCCCCC)c(C)(C)c(C(C)c2ccc(*)c2)cc1)C(=O)OC,,,,,,,,
*O[Si](*)(C)CCCC,,,1.1323999999999999,1.1323999999999999,2.638000000000001,2.638000000000001,1.3403999999999998,1.3403999999999998
*CC(*)(C)CC(=O)OC(F)(F)F,,,2.0955,2.0955,2.875700000000001,2.875700000000001,0.18280000000000007,0.18280000000000007
*Nc1c(C)cc(C(=O)NNC(=O)CCSCCCCCCNC(=O)CC(*)=O)cc1C,,,3.603740000000001,3.603740000000001,4.453340000000004,4.453340000000004,2.373639999999999,2.373639999999999
*O[Si](C)(C)CCCCCCOc1ccccc1/C=C/C=C/CCC(=O)O*,,,3.9227000000000025,3.9227000000000025,5.9999000000000065,5.9999000000000065,5.686300000000005,5.686300000000005
c1cc(ccc1/C=C/NC(=O)c2ccon2)Cl,2.728700000000001,2.728700000000001,,,,,,
*CC(*)c1ccc(OCCOC(=O)c2ccc(/C=C/Oc3ccc(OCCCCCCCCCCCCCCCCC)cc3)cc2)cc1,,,11.784699999999987,11.784699999999987,12.735799999999982,12.735799999999982,10.247999999999994,10.247999999999994
*CCCCCCNC(=O)CCCCC(*)=O,,,2.4422000000000006,2.4422000000000006,3.222400000000002,3.222400000000002,-0.034400000000000375,-0.034400000000000375
COc1ccc(cc1Cl)CCC(=O)N2CCN(CC2)c3ccccc3,2.2128999999999994,3.6300000000000026,,,,,,
Cc1c(nn2c1SCC(=O)N(C[C@H]2Cc3ccc(s3)C)OC)C,1.73226,3.1493600000000015,,,,,,
Cc1c2c(ccc(cc2[nH]1)NC(=S)Nc3ccc(cc3)OC)c4ccc(cc4)OC,5.550120000000004,5.921020000000004,,,,,,
*C(=O)NOc1ccccc1,,,1.5105,1.5105,1.9006,1.9006,-0.08670000000000022,-0.08670000000000022
*Oc1ccc(C(=O)c2ccc(OC(=O)c3ccc(Oc4ccc(Oc5ccc(*)cc5)cc4)cc3)cc2)c1,,,,,,,,
CCOc1ccc(cc1)C(=O)N/N=C/c2ccc(cc2)Cl,4.286700000000003,4.286700000000003,,,,,,
Cn1c(sc(n1)SCC(=O)N)NC(=S)Nc2ccccc2OC,,,,,,,,
*CCCNC(=O)COC(=O)NNC(=O)c1ccc(C(=O)O*)cc1OCCCCCCCCCCCC,,,4.815200000000004,4.815200000000004,6.628400000000007,6.628400000000007,5.053900000000005,5.053900000000005
*NC(CNCCCOC(=O)CCCCCC(=O)NCCCCC)C1*,,,,,,,,
Cc1ccc(cc1NS(=O)(=O)c2ccc(cc2)Cl)CC,4.011620000000002,4.6049200000000035,,,,,,
*CC(*)(C)C(=O)OCc1ccc(OC(C)C)cc1,,,3.173000000000002,3.173000000000002,3.9532000000000034,3.9532000000000034,1.2603,1.2603
*Nc1ccc([Si](*)(C)C)cc1,,,0.9625000000000001,0.9625000000000001,2.2735000000000003,2.2735000000000003,0.8920999999999999,0.8920999999999999
CCOC(=O)C(=O)Nc1cccnc1,0.5832000000000002,0.5832000000000002,,,,,,
c1cc(ccc1[C@H]2CC(=O)N=C([C@@H]2c3ccc(c3)Br)C(F)(F)F)C(F)(F)F,,,,,,,,
*O[Si](C)(C)[Si](C)(C)O[Si](C)(C)[Si](C)(C)[Si](C)(C)O[Si](C)(C)O[Si](C)(C)CCC(C)(C)(C)c1ccccc1C(F)(F)(F)F,,,,,,,,
*Nc1ccc(/C(C)CCCCOc2ccc(Oc3ccc(C(*)=O)cc3)cc2)cc1,,,6.226400000000007,6.226400000000007,7.076000000000008,7.076000000000008,4.996300000000003,4.996300000000003
c1cc(sc1)C[NH+]2CC[NH+](CC2)C(=O)Nc3ccc(cc3)F,0.40270000000000006,3.236900000000002,,,,,,
*CCCCCOCC(CCOc1ccc(C(=O)OCCCC(=O)O*)cc1)OCCCCCCCCCCCCCCCCOC(=O)SCC,,,9.085500000000003,9.085500000000003,10.898699999999995,10.898699999999995,9.324200000000001,9.324200000000001
*Oc1ccc2c(c1)cc(/C=C(\CC#N)=C=*)cc1CC,,,,,,,,
CC1=C([C@@H](C2=C(N(C3=O)c4ccccc4N3C3=O)NC[C@@H]1C)C(=O)N)C(C)[O-],,,,,,,,
*/C=C(/*)c1ccc(/N=C/c2ccc(C(=O)OCCCCOc3ccc(Nc4cc([N+](=O)[O-])cc4)cc3)cc2)cc1,,,,,,,,
CC[PH](C)(CO)OC(=O)C1\C[NH+](C1)c2ccc(cc2)Cl,2.583800000000001,2.583800000000001,,,,,,
*CCCNC(=O)Cc1ccc(C(*)=O)cc1,,,1.5677999999999999,1.5677999999999999,2.3480000000000008,2.3480000000000008,-0.9088000000000003,-0.9088000000000003
*CCCOCCO*,,,0.40530000000000005,0.40530000000000005,1.4495,1.4495,-0.12500000000000006,-0.12500000000000006
*/C=C/CCCCC(*)[Si](C)(C)CC1,,,,,,,,
*/C=C/C(CC)C[Si](C)(C)CCOC(C)C(CC)C(COc1cccc(C(=O)N*)c(C)c1)OCOCC,,,,,,,,
*CCCCCCCCCCCCOC(=O)CCCCCCCCCCCCC(=O)O*,,,6.881600000000007,6.881600000000007,8.694800000000006,8.694800000000006,7.120300000000008,7.120300000000008
Cc1ccc(cc1)S(=O)(=O)Nc2ccc(cc2)[N+](=O)[O-],2.7040200000000008,3.297320000000002,,,,,,
*/C=C/C(*)(CCC)C(C)C,,,3.2447000000000017,3.2447000000000017,4.024900000000003,4.024900000000003,2.2453000000000003,2.2453000000000003
*Oc1cccc(CC(NC(=O)NCNc2ccc(Cc3cc(SC(*)=O)cc3)C(C)(C)c3C)cc2)c1,,,,,,,,
Cc1ccccc1SCC(=O)OCC,2.650220000000001,2.650220000000001,,,,,,
CCOc1cc(c(c1OC)O)OC(=O)c2cc3c(s2)CO3,,,,,,,,
*Nc1cccc(NC(=O)c2cc(NC(=O)CCCCCC(=O)Nc3ccccc3*)cc2)c1,,,,,,,,
Cc1cccc(c1)Nc2cc(ns2)[C@H]3[C@@H](C[C@@H](C3=O)C)C#N,4.027400000000003,4.027400000000003,,,,,,
*CCCCCCC(=O)CCCCCCCCCCCCC(=O)OCCCCCCCCOC(=O)c1ccc(C(=O)O*)cc1,,,8.311400000000008,8.311400000000008,10.124599999999996,10.124599999999996,8.550100000000008,8.550100000000008
CCOC(=O)c1ccccc1/C=C\2/Cc3cc(o3)Nc4cccc4Br,,,,,,,,
Cc1ccc(c(c1)OC[C@@H](CO)[NH2+][C@H](C)Cc2cccs2)c3nnco3,2.04082,3.067020000000001,,,,,,
*CC(*)(C#N)C(=O)NCCn1cc2cc(C)c(C(=O)OCCCCCCCCCCCCCCCCCCCCCCCCCCCCC)cc2)cc1,,,,,,,,
CC(=O)c1cc(cc(c1NC(=O)c2ccc(cc2)I)C)C=C,4.6975200000000035,4.6975200000000035,,,,,,
CC1=C/(/C(=C/N(CC#N)/C)/C=C/c2ccc(cc2)OC)/SC1=S,,,,,,,,
*CCCC(=O)NCC1CSSCCCCCNC(=O)O*,,,,,,,,
Cn1c(nc2c1c(ncn2)SCl)SCCCC(=O)NC3CCCCC3,3.9304000000000023,3.9304000000000023,,,,,,
*CCCCCCCCCCCCCCCCCCCOc1ccc(C(=O)OCCN(*)C)cc1,,,7.067000000000007,8.093200000000008,7.408400000000007,8.825500000000003,5.750100000000007,7.16720000000001
*CCCCCCCCOC(=O)CCCS(*)(=O)C(C)C,,,3.2920000000000025,3.2920000000000025,4.115300000000004,4.115300000000004,2.5408000000000013,2.5408000000000013
*Oc1ccc(C(C)(C)c2ccc(OC(=O)Cc3ccc(-c4cc(OCC(*)=O)cc4)cc3)cc2)c(OC)c1,,,,,,,,
*c1ccc(OCCN(CC)c2ccc(OC(=O)c3ccc(C(*)=O)cc3)cc2)cc1,,,4.623600000000004,4.623600000000004,5.322120000000005,5.322120000000005,2.2481999999999998,2.880200000000001
Cc1ccc2cc(c1)Sc3c(n[nH]n2)CCCC3,,,,,,,,
COc1cccc(c1OC)S(=O)(=O)c2ccc(cc2)Cl,3.1900000000000013,3.1900000000000013,,,,,,
*CCN(*)C(=O)c1ccccc1C(=O)NCCCCCCCC,,,3.526600000000002,3.526600000000002,2.841800000000001,4.258900000000003,2.6006000000000014,2.6006000000000014
*CCCCCCOC(=O)Oc1ccc(-c2ccc(OCCCC(C)NC(=O)NCCCCCO*)cc2Oc1cc([N+](=O)[O-])cc1,,,,,,,,
Cc1c(cccc1C)S(=O)(=O)Nc2ccc(s2)C)C(=O)NC3CCCC3,,,,,,,,
*OC(=O)c1ccc(NC(=O)CCCCC(C)C)c2ccc(C(*)=O)cc2)cc1OC(=O)C,,,,,,,,
*CC(O)COc1ccc(C(=O)Nc2ccc(O*)c(Cc3cccc3)cc2)c(OCC)c1,,,,,,,,
*OCCCCCCCCOc1ccc(/C=C/c2ccc(O*)cc2)cc1,,,4.642300000000005,5.274300000000006,6.231400000000006,6.231400000000006,5.917800000000005,5.917800000000005
*CC(F)(F)C(F)(F)C(F)(F)C(F)(F)C(F)(F)COC(=O)c1ccc(/N=N/c2ccc(-c3cc(NC(=O)c5ccc(*)cc5)cc4C4=N)cc3)ccc2[C@H]5cc(-)c1,,,,,,,,
c1ccc(cc1)S(=O)(=O)Nc2ccc(cc2)Br,3.249900000000001,3.843200000000002,,,,,,
*CC(*)(C)C(=O)Oc1ccc(C(F)(F)C(F)(F)F)c([N+](F)(F)C(F)(F)C(F)(F)C(F)(F)C(F)(F)F)C(F)C(F)(F)C,,,,,,,,
*Oc1ccc(S(=O)(=O)c2ccc(OC(=O)CCCCCCCC(*)=O)cc2)cc1,,,3.4280000000000026,4.060000000000003,4.753100000000004,4.753100000000004,2.7572,2.7572
*CCCC(=O)Oc1ccc(C(*)=C(C)C)cc1,,,3.8153000000000024,3.8153000000000024,4.595500000000004,4.595500000000004,2.673400000000001,2.673400000000001
c1ccc2c(c1)CCCN2C(=O)c3ccc(nc3)c4cc(cc4)Br,,,,,,,,
c1cc(cc(c1)[N+](=O)[O-])C(=O)Nc2ccccc2,2.847100000000001,2.847100000000001,,,,,,
CCn1c(nnc1SCC(=O)Nc2ccc(cc2)Br)[O-],1.8648999999999993,2.4969,,,,,,
c1ccnc1OCC(=O)N2C(=CC2)/N=C/c3c(cccc3)O,,,,,,,,
Cc1ccc(c(c1)C(=O)NC2CCCC3)CCC2,,,,,,,,
c1ccc(c(c1)c2ccc(cc2)I)NC(=O)c3c(os3)CC(F)(F)(F)F,,,,,,,,
c1n[nH]c(n1)NC(=O)CC(=O)Nc2ccc(cc2)C#N,0.2727799999999994,0.6436799999999996,,,,,,
*CCCCCCCCC(C)(CCCO)C(=O)CC(*)=O,,,3.6739000000000024,3.6739000000000024,4.454100000000004,4.454100000000004,1.1972999999999998,1.1972999999999998
*CCCCCOCC(=O)NCCCCCCNC(=O)c1cc(/N=N/c2ccc(/N=N/c3ccc(O*)cc3)cc2)cc1OCCOCCCCOCCCCOCOCCOC,,,,,,,,
*Nc1c(Cl)cc(*)c(OCCC)c1O,,,1.7846,2.4166000000000003,2.5525200000000003,3.1845200000000013,1.0770999999999997,2.3410999999999995
CC[C@@H]1CCOc2c1nc3c2ccccc3c1=O,,,,,,,,
Cc1c(cc(c1OC)OCC)C(=O)NCCCc2ccccc2[N+](=O)[O-],,,,,,,,
*CC(*)C(=O)OCCOCc1cccc(C(=O)Oc2ccc(C(=O)OCCCCCCCCCCCCCCC)c2)cc1,,,,,,,,
*/C=C(\C#*)CCCCCCC,,,,,3.9264000000000028,3.9264000000000028,,
c1ccc(c(c1)[C@H](CC(=O)[O-])OC)Nc2ccccc2[N+](=O)[O-],2.1658999999999997,2.1658999999999997,,,,,,
*/N=C(\*)c1ccc(C(=O)OCCCCCC)cc1,,,3.4213700000000022,3.4213700000000022,3.8625000000000034,3.8625000000000034,3.1175000000000006,3.1175000000000006
COc1ccc(cc1)/C=C/2\C(=O)NS(=O)(=S)N[C@@H]3CCO3,,,,,,,,
*Oc1ccc(C(=O)OCCOc2ccc(/C=N/c3ccc(OCC=C/c4cc(/C=N/c5ccc(C(*)=O)c(C(=O)c5)cc4)cc3)cc2)cc1,,,,,,,,
CCS(=O)(=O)c1c(sc1N(C)CC)S(=O)(=O)N2CCSC2,,,,,,,,
*CC(*)C[C@@H](=O)OC(C)OC,,,,,,,,
Cc1ccc(cc1)N)/C=C/c2cc(s(c2C#N)c3ccccc3)C#N,,,,,,,,
*CCCOc1ccc(C(=O)Nc2ccc(Cc3ccc(NC(=O)OCCOCCOCCOc4ccc(C(*)=O)cc4)cc3C2)cc1,,,,,,,,
*/C=C/c1ccc(Oc2ccc(Oc3ccc(C(=O)CCCCC(*)=O)c4)cc3)c(C)c2C(C)(C)CCC,,,,,,,,
c1cc(ccc1c2cc(=O)[nH]c(n2)c3ccco3)Cl,2.979400000000002,3.3503000000000016,,,,,,
Cc1c(c(c(c1C(=O)C)C)/C(=N/N)/NC2=CCCC2)[O-],,,,,,,,
c1cc(c(cc1Cl)F)/C=C/2\C3=C(NCC3=O)c4cccc4C2,,,,,,,,
*CCC(=C(*)=OC[N+]([2H])(F)C(F)(F)F)C(F)(F)F,,,,,,,,
*CCCCCCCCNC(=O)Cc1ccc(CO*)cc1,,,3.198100000000002,3.198100000000002,4.242300000000004,4.242300000000004,2.667800000000001,2.667800000000001
c1c(c(c(c1)[C@@H]2C(=O)NC(=N2)C#N)c3ccccc3,,,,,,,,
*CC(*)C(=O)OCCS(=O)(=O)OCC(O)C(=O)NCc1cccc1,,,,,,,,
Cc1ccccc1N/N=C/C(=O)CCN(C)OC,0.4280200000000008,1.8451199999999994,,,,,,
c1ccc2cc(ccc2n1)SCc3ccccc3,4.527100000000003,4.527100000000003,,,,,,
Cc1cc(c(cc1)NC(=O)C2(CCCCC2)c3ccccc3,,,,,,,,
CC(C)NC(=O)c1ccc2ccccc2c1,2.9780000000000015,2.9780000000000015,,,,,,
*CC(*)C(=O)OCCCC(F)(F)F,,,2.2821000000000007,2.2821000000000007,2.9182000000000015,2.9182000000000015,0.22530000000000017,0.22530000000000017
*c1cc(CSSSSCCSS(*)=O)cc1,,,,,,,,
*Oc1ccc(Oc2ccc(S(=O)(=O)c3ccc(OC(=O)c4ccc(NC(=O)c5ccc(*)cc5)cc4)cc3)cc2)cc1,,,5.856800000000004,6.488800000000007,7.100220000000006,7.100220000000006,5.708600000000004,6.340600000000005
*/C=C(/*)CC=O,,,0.7614,0.7614,1.5416,1.5416,0.5327999999999999,0.5327999999999999
CCOc1ccc(cc1NC(=O)[C@H]2[C@@H](CCC2=N)c3cccc3N)C(=O)c4ccccc4,,,,,,,,
COc1ccc(c(c1)C(=O)NC(=O)Nc2cccc(c2)Cl)O,2.3841,3.0161,,,,,,
Cc1c(nnc1NC(=O)/C=C/2\C(=O)N(C(=S)n2c3ccccc3C(F)(F)F)C,,,,,,,,
c1ccc(cc1)/C=N/NC(=O)C[C@@H]2CCC2,3.1110000000000015,3.1110000000000015,,,,,,
*CCOCCOCCOC(=O)CCCSCCCCNC(=O)CC*,,,2.4025,2.4025,3.1827000000000005,3.1827000000000005,0.34730000000000066,0.34730000000000066
c1ccc(cc1)c2c(nno2)NC(=O)NCc3ccco3,2.651300000000001,2.651300000000001,,,,,,
Cc1cc(c(o1)Cl)Nc2nnc(s2)C(=O)Nc3ccc(cc3)[N+](=O)[O-],3.997020000000001,3.997020000000001,,,,,,
*Nc1ccc(-c2ccc(/C=C/c3ccc(C(*)=O)cc3)cc2)cc1,,,4.918700000000003,4.918700000000003,5.768300000000005,5.768300000000005,3.688600000000002,3.688600000000002
Cc1ccc(c(c1)C)OC=C(C#N)O,2.605220000000001,2.605220000000001,,,,,,
*CCC(=O)NCc1c(C)cc(C(=O)NCCCCCC(=O)N*)c(C)c1SCC,,,3.2171400000000014,3.2171400000000014,3.8679400000000026,3.8679400000000026,2.2096400000000007,2.2096400000000007
*Oc1ccc(Oc2ccc(OCCCCCOC(=O)c3ccc(C(*)=O)cc3)cc2)cc1,,,4.771100000000004,5.403100000000006,6.096200000000007,6.096200000000007,4.1003000000000025,4.1003000000000025
CCc1cccc(c1)NC(=O)COc2ccccc2NC(=O)OC,3.4448000000000016,3.4448000000000016,,,,,,
Cc1c(sc2c(n1)C(=O)c3cccc(c3)SC)C(=O)NC[C@@H]4CCO4,,,,,,,,
Cc1cc(ccc1n2c(nnn2)SCC(=O)N)[S-],0.45392,0.45392,,,,,,
CC1=C([C@@H](S2)CN(CC2=O)c3ccc(cc3)Cl)C(=O)Cn4c5cccc5n3ccc5,,,,,,,,
CC[C@@H](C)C(=O)Nc1c(nnn1)SC,,,,,,,,
COc1cccc(c1O)/C=N/N2C(=O)CC[C@H](C2=O)c3ccc(cc3)F,0.7574999999999998,2.8066000000000018,,,,,,
Cc1ccc(cc1)C(=O)NC(=O)CCO2,,,,,,,,
Cc1ccc(cc1S(=O)(=O)NCc2cn(c([nH]2)c3cccs3)O)C,,,,,,,,
*CCCCNC(=O)CCCCCOC(=O)Nc1ccc(Cc2ccc(C(=O)O*)c(OC)c2)cc1,,,3.6747000000000023,3.6747000000000023,5.487900000000005,5.487900000000005,3.913400000000002,3.913400000000002
COc1ccccc1NC(=O)CSC(=O)NC(=O)c2ccc(cc2)C,3.2253200000000017,3.2253200000000017,,,,,,
COc1cccc(c1NC(=O)CSc2nncs2)SC,2.9994000000000005,2.9994000000000005,,,,,,
*OC(=O)CC1CNCC(C(=O)NCCCCOC(=O)*)C1,,,-2.604699999999995,-1.5784999999999973,-0.791499999999997,0.23470000000000102,-2.151499999999995,-1.1252999999999977
*/C=C(/*)c1cc(CCCC)c(Cl)cc1O,,,3.399200000000003,4.031200000000004,4.179400000000003,4.8114000000000035,3.170600000000001,3.8026000000000018
Cc1ccc(c(c1)N(Cc2ccccc2)c3ccsc3)SC(=O)N,5.565620000000004,5.565620000000004,,,,,,
c1ccc2c(c1)CC[NH+](C2)C=O,-0.21599999999999997,1.2010999999999998,,,,,,
CC1=C([C@@H](C2=N1)OC(=C(C(C2=O)Cc3ccccc3C(F)(F)F)OC)C(=O)C(=O)C1=O,,,,,,,,
*Oc1ccc(-c2cc(C)c(OCCCCOCCOCCOCCOCCOCCNC(*)=O)cc2)cc1,,,2.7236200000000004,3.355620000000001,4.048720000000002,4.048720000000002,1.6625200000000009,2.68872
*CCCCCCCCCCOC(=O)c1ccc(C(C)(C)c2ccc(O*)cc2)cc1Oc1cc(Ccc2ccccc2)cc1,,,,,,,,
*Oc1ccccc1C(=O)OCCCCCOCCCOc1ccc(OC(=O)c2ccc(*)cc2)cc1,,,4.792200000000005,5.424200000000006,6.035620000000006,6.035620000000006,4.644000000000004,5.276000000000006
*CCCCCCOC(=O)C(CCC)C1CC=C(CC)(C)C(=O)O*,,,,,,,,
COc1ccccc1C(=O)Nc2ccc(cc2)Cl,3.600900000000002,3.600900000000002,,,,,,
c1cc(ccc1Cn2c(ncn2)C(=O)NN)Cl,1.3673999999999997,1.3673999999999997,,,,,,
*NC(C*)NCc1ccc(C)cc1OC(F)(F)C(F)(F)C(F)(F)C(F)(F)C(F)(F)F,,,3.08612,4.829120000000002,3.427520000000002,5.4799200000000035,1.7692200000000002,3.821620000000001
*/C=C/c1ccc(/C=C/CCC(C)C)c(C(*)=O)c(OC(=O)Oc2ccc(-c3cc(C(=O)OC)cc3)cc2)cc1,,,,,,,,
*CC(*)c1ccc(CCCCCCCCCCOc2ccc(OCc3cc(S(=O)(=O)c4ccc(-c5cc(-c6ccc([N+](=O)[O-])cc6)cc5)cc4)cc3)ccc2)cc1,,,,,,,,
Cc1ccccc1NC(=O)COc2ccccc2OC,3.0211200000000016,3.0211200000000016,,,,,,
*CC(*)(F)C(F)(F)C(F)(F)C(F)(F)C(F)(F)C(F)(F)F,,,4.447900000000001,4.447900000000001,5.228100000000002,5.228100000000002,2.7403,2.7403
*CC(*)C(=O)OCCCCCCCCOc1ccc(C(C)(C)c2ccc(N(C)c3ccc(-c4ccc(C(C)C)c4)cc3)c(C(C)(C)c3cc2)cc1,,,,,,,,
COc1cccc(c1)ONC(=S)NCc2ccc(cc2)[N+](=O)[O-],0.5091000000000001,2.5615000000000006,,,,,,
Cc1cccc(c1)[C@H](NC(=O)c2ccc(cc2)[N+](=O)[O-])C#N,2.897900000000001,2.897900000000001,,,,,,
*CCCCCCCCCCCOc1ccc(C(=O)OCCCOC(=O)c2ccc(C(=O)Oc3ccc(C(C(=O)Nc4cc(*)cc4)cc3)cc2)cc1,,,,,,,,
CC[C@@H]1CCc2c(sc(c2C(=O)N1)c3c([nH]2)CCC3)S(=O)(=O)NCCC(=O)OC,,,,,,,,
C[C@@H]1Cc2c(sc2c(=O)n(c1(c3cccc(c3)OC)OC)NC(=O)c4cccc4F)C#N,,,,,,,,
COC(=O)c1ccccc1,1.4732,1.4732,,,,,,
*CC(*)(C)C(=O)OCCCCCCCCCCCOc1ccc([N+](=O)[O-])cc1,,,5.683700000000006,5.683700000000006,6.463900000000008,6.463900000000008,3.7710000000000026,3.7710000000000026
c1ccc(cc1)c2nc(s2)C(=O)Nc3nnnc3S3SCCC3,,,,,,,,
*CC(*)OCCOc1ccccc1-c1ccc(C#N)cc1,,,3.6405800000000026,3.6405800000000026,4.419180000000003,4.419180000000003,1.9313799999999992,1.9313799999999992
c1ccc(cc1)CC(=O)Nc2c(c3c2ccccc3O,,,,,,,,
Cc1ccccc12cc(=O)oc(c2=O)c3c(c2NC(=O)CCC3)C,,,,,,,,
*Oc1ccc(OCCCCOc2cc(C(=O)OCCCCOc3ccc(-c4cc(OC(=O)c5ccc(Sc5ccc(*)cc5)cc4)cc3C)cc2)cc1,,,,,,,,
CC1=C([C@@H]2([C@@H]1c3ccccc3)C#C(=O)N2,,,,,,,,
*Oc1ccc(-c2cccc(Oc3ccc(C(*)=O)cc3)cc2)cc1OC(C)N,,,,,,,,
*OC(O)NC(=O)c1ccc(C(C)(C)c2ccc(-c3ccc(NC(=O)CCCCCCC(*)=O)cc3)cc2)cc1,,,5.155500000000005,5.155500000000005,6.199700000000006,6.199700000000006,4.203800000000003,4.203800000000003
*CCCCCCCCOc1ccc(OC(=O)CCCCCCC(=O)O*)cc1,,,4.421800000000003,4.421800000000003,6.2350000000000065,6.2350000000000065,4.660500000000004,4.660500000000004
*Oc1ccc(C(=O)c2ccc(-c3ccc(OC(=O)C)cc3)cc2)c(-c4ccc(Oc5cc(S(=O)(=O)c6cc(*)cc5)cc4)ccc3)cc2)ccc1,,,,,,,,
CCOc1ccccc1OCC(=O)CNc2ccc3c(c2)C[C@H]4CC=N(C4=O)c5cccc6F,,,,,,,,
*CCCOP(=O)(NCCC)O*,,,0.48679999999999984,1.513,1.5310000000000001,2.557200000000001,-0.04350000000000004,0.9826999999999999
Cc1ccccc1NC(=O)N/N=C/c2cccc(c2)Cl,4.588120000000003,4.588120000000003,,,,,,
*CC(COC(=O)C(=O)O*)c1ccc(OC(=O)c2ccc(OCCOC(C)CCCCCC)cc2)c1,,,,,,,,
*CC(*)c1ccc(/C=N/c2ccc(OC)cc2)cc1,,,4.008200000000002,4.008200000000002,4.959300000000004,4.959300000000004,2.4715000000000007,2.4715000000000007
*Oc1ccc(OC(=O)c2ccc(OCC(C)C)c(C(*)=O)c2)cc1,,,2.8267000000000015,3.458700000000002,4.151800000000003,4.151800000000003,2.1559,2.1559
CC12(CC[C@H](CCC1=O)C(=O)N)Cl,,,,,,,,
COc1ccccc1NC(=O)c2cc(ccc2C)C(=O)N3CCOCCC3,1.7013199999999997,3.118420000000002,,,,,,
CCOc1ccccc1OCC(=O)N/N=C\2\C(=O)N=C=C2N,0.05609999999999998,0.7728999999999999,,,,,,
c1ccc(c(c1)[C@@H]2CC(=O)Nc3ccccc3C(=O)N(C2=O)c4ccccc4O)F,3.1987000000000014,3.830700000000002,,,,,,
COc1ccc2c(c1)[nH]c(n2)NC(=O)C[NH+]3CCC[C@@H]3C(C1)C(=O)[O-],,,,,,,,
CC1=C([C@H]([C@H](C(=O)N1)c2cc(c(cc2O)OC)C)c3ccc(cc3)S(=O)(=O)N)OC,1.59972,3.3252200000000016,,,,,,
CCc1cc(on1)-(=O)Nc2ccc(cc2)Cl,,,,,,,,
CCc1ccc(c(c1)[N+](=O)[O-])CNc2c(ccc2Cl)Cl,,,,,,,,
*O[Si](*)(C)C(=O)Oc1ccc(OCCCCCCCCCCCC)cc1,,,5.412700000000007,5.412700000000007,6.918300000000007,6.918300000000007,5.6207000000000065,5.6207000000000065
*CCOC(=O)c1ccc(C(=O)OCCCCCCCOc2ccc(/SC=N/c3cc(-c4ccc(O*)cc4)cc3)cc2)cc1,,,,,,,,
Cc1c(c(=O)[nH]c1cc2nccc2)C[NH2+]CC(=O)Nc3cnncc3,,,,,,,,
*CCOCOc1ccc(S(=O)(=O)c2ccc(OCCCCCCCCOc3ccc(C(=O)O*)cc3)cc2)cc1,,,5.054100000000005,5.054100000000005,6.867300000000008,6.867300000000008,5.292800000000007,5.292800000000007
*Oc1ccc(Oc2ccc(C(C)(C)c3ccc(Oc4ccc(C(=O)c5ccc(*)cc5OCCCCCCCCCCCCC)cc4)cc3)cc2)cc1,,,12.59149999999998,13.223499999999975,13.834919999999974,13.834919999999974,12.443299999999983,13.075299999999977
*Sc1ccc(SC(C)=C(C)CCCOC(=O)/C=C/CC(*)=O)cc1,,,4.447000000000004,4.829900000000005,5.653200000000004,5.653200000000004,3.657300000000002,3.657300000000002
c1cc(c(n1)c2ccc(cc2)O,,,,,,,,
*Oc1cccc(C(C)(C)c2ccc(OC(=O)CCCCCCCCCCCCCC(=O)O*)cc2)c1,,,5.812700000000006,6.444700000000008,8.170800000000009,8.170800000000009,7.857200000000009,7.857200000000009
Cc1ccc(cc1)ONC(=O)Cc2cc3c(c2C(=O)N(c4ccccc3Cl)Cl)Cl,,,,,,,,
CCN(CC)S(=O)(=O)c1cc(ccc1Cl)OC,0.962,2.3791,,,,,,
Cn1c2c(n(n1)CC(=O)N[C@@H](C2=O)C)CC(=O)NC3CCCCC3,,,,,,,,
COc1ccc(cc1)OCC(=O)N2CC(C1)C,,,,,,,,
*C[Si](*)(CCCCC)CCC(=O)OCC,,,2.9867000000000017,2.9867000000000017,4.2283000000000035,4.2283000000000035,1.5991,1.5991
*c1ccc(COc2ccc(-c3ccc(C(=O)Nc4ccc(*)c(OCCCCCC)c4)cc3)cc2)cc1,,,8.144000000000007,8.144000000000007,8.760840000000004,8.760840000000004,6.291200000000007,7.555200000000009
Cc1ccccc1NC(=O)c2cccc(c2)Cl,3.9007200000000024,3.9007200000000024,,,,,,
*CCCC(=O)Oc1ccc(CCC(=O)c2ccc(OCC(*)=O)cc2)cc1/C,,,4.093720000000004,4.093720000000004,4.8739200000000045,4.8739200000000045,1.6171199999999997,1.6171199999999997
CCOC(=O)/C(=C/C=C/c1cccc1)/C(=O)Nc2ccc(o2)c3cccc3,,,,,,,,
*Oc1ccc(-c2ccc(/C=C(\COC(=O)c3ccc(-c4cc(F)c5ccc5)cc4)cc3)cc2C(*)F)cc1,,,,,,,,
CCOC(=O)c1ccc(cc1)NC(=O)c2cccc(c2Cl)Cl,4.422400000000003,4.422400000000003,,,,,,
C[C@H]1CCc2c(sc(n2)NC(=O)NCc3ccccc3)N1,1.9943999999999997,3.211400000000001,,,,,,
c1ccc(c(c1)CC(F)(F)F)NC(=O)c2ccco2,3.636700000000002,3.636700000000002,,,,,,
Cc1cccc(c1C)NC(=O)c2ccc(cc2Cl)C(=O)[O-],2.5726400000000007,2.5726400000000007,,,,,,
c1cc(ccc1CC(F)(F)F)S(=O)(=O)N2CN(CC2)C(=O)c3ccc(cc3)OC,0.0700000000000025,2.9042000000000012,,,,,,
CC[C@H]1CN(N(C1)NS(=O)(=O)c2cccc2)C,,,,,,,,
Cc1c(nc2c3ccc(ccc3n2)n1C(=O)NC(=O)c4nc(C)SC,,,,,,,,
*CCCS*,,,1.3262,1.3262,2.1494999999999997,2.1494999999999997,0.575,0.575
CCOc1ccc(cc1OCC)[C@@H]2C=CN(CC2=O)/N=C(\C#N)/c3ccccc3F)C,,,,,,,,
COC(=O)c1c(c(cs1)NC(=S)Nc2cccc3c2cc5c(c3)OCO4,,,,,,,,
*OC(=O)c1ccc(C(=O)OCCCCCCOC(C)OC(C)=O)cc1*,,,1.6929999999999996,1.6929999999999996,3.424520000000002,3.424520000000002,2.0328999999999997,2.6649000000000003
*O[Si](C)(C)C[Si](*)(CC)c1ccccc1,,,1.8771999999999998,1.8771999999999998,3.3828000000000022,3.3828000000000022,2.0852,2.0852
*/C(*)=C(/C(=O)c1cc(C#N)ccc1)c1ccc(N)cc1,,,3.0365800000000007,3.0365800000000007,3.8167800000000023,3.8167800000000023,2.8079800000000006,2.8079800000000006
*NC(*)(C)CCCCC(F)(F)CC(F)(F)C(F)(F)C(F)(F)F,,,4.035500000000002,4.752300000000003,4.376900000000004,5.403100000000004,4.092400000000002,4.092400000000002
*O[Si](*)(C)CCCCCCCCCCOc1ccc(-c2ccc(C(=O)Nc3ccc([N+](=O)[O-])cc3)cc2)cc1,,,7.359600000000008,7.359600000000008,8.865200000000003,8.865200000000003,7.5676000000000085,7.5676000000000085
*CCCCCOC(=O)NCCCc1ccc(Cc2ccc(NS(*)(=O)=O)cc2)cc1,,,4.064700000000003,4.658000000000005,4.888000000000004,5.481300000000005,2.9709000000000017,2.9709000000000017
Cn1c(=O)c(n(n1)SCC(=O)Nc2ccco2)N3CCCCC3,,,,,,,,
c1cc(ccc1NC(=O)c2cccc(c2)Nc3ccncc3)Br,4.8400000000000025,4.8400000000000025,,,,,,
CC[C@H](C)C(=O)Nc1ccc(cc1)S(=O)(=O)NC[C@@H]2C[C@@H](C2)c3ccccc3,4.143300000000003,4.927400000000004,,,,,,
*CCCc1ccnc(SCCCc2ccc(*)cc2)cc1,,,,,,,,
*CCCc1ccc(NC(=O)/C=C/c2ccc(*)cc2)cc1,,,4.291000000000003,4.291000000000003,4.989520000000004,4.989520000000004,2.3369999999999997,2.969000000000001
*/C=C/c1ccc(NCC(=O)CCc2ccc(OCCCCCCCCCCCCCCCCCC(*)=O)cc2)cc1/C=C/c1ccc(-c2ccc(/C=C/c3ccc(O*)cc3)cc2)cc1-1,,,,,,,,
CCOc1cccc(c1OC)/C=C/2\C(=O)N(C(=O)[C@@H]2CC)c3ccccc3,4.076900000000003,4.076900000000003,,,,,,
*OC(=O)OCCCCCCOC(=O)c1ccc(Cc2ccc(C(*)=O)cc2)cc1,,,3.1670000000000016,3.1670000000000016,4.980200000000005,4.980200000000005,2.984300000000002,2.984300000000002
*C(=O)NC(=O)NNCCCSCNCC(=O)CCCCCCSCCOP(=O)(=O)O*,,,,,,,,
c1cc(cc(c1C)/N=C/[C@H]2N(C(=O)[C@@H]2c3ccccc3Cl)[N+](=O)[O-],,,,,,,,
*Cc1ccc(C(CC)(C)c2ccc(C(=O)NN*)cc2)cc1,,,4.098620000000002,4.098620000000002,4.613300000000003,4.613300000000003,3.302600000000001,3.302600000000001
CCCCc1nc(nn1)NC(=O)c2ccc(c(c2)OC)OC,,,,,,,,
*N=P(*)([2H])Cl,,,1.31337,1.31337,1.7975999999999999,1.7975999999999999,0.8345,0.8345
Cc1ccc(cc1)NC(=O)Nc2cccc(c2)NC(=O)N,3.12962,3.12962,,,,,,
Cc1ccc2c(=O)n(nn2CCc3ccc(cc3)F)C1,,,,,,,,
*Oc1ccc(C(=O)c2ccc(OCCCCOC(*)=S)cc2)cc1C,,,3.4324200000000014,4.064420000000004,4.757520000000004,4.757520000000004,2.898620000000001,2.898620000000001
CCNC(=O)c1ccc(cc1)c2cc(c(c(o2)C)C)C)C(=O)NCc3cccnc3,,,,,,,,
c1ccc2c(c1)C(=O)/C(=C/c3ccccc3OCC2)/C(=O)NC(=O)O,1.3472999999999995,1.3472999999999995,,,,,,
*Oc1ccc2cc(OCCCCCCCCCC#CCCCCOc3cc(C(*)=O)cc3I)cc2)cc1OCCCc1ccc(/C=N/c2ccc(F)cc2C,,,,,,,,
Cc1cc(c(s1)c2nc(c(n2)SC)O)C(=O)NCc3ccccc3F,,,,,,,,
*Cc1ccccc1COc1ccc(SCCCCCCC)c1*,,,,,,,,
*Nc1ccc(SC(=O)NNc2ccc(C(*)=O)cc2)c1,,,,,,,,
CCOC(=O)c1cc(o1)Nc2ccc(cc2)[N+](=O)[O-],,,,,,,,
*CC(*)OCCN(C)OCCCC,,,0.269300000000001,1.6864000000000001,1.0479000000000003,2.4650000000000007,-1.4398999999999973,-0.02279999999999982
*OP(=O)(OC)OCCOC(=O)NC(=O)c1ccc(/C=C/C(C#N)=C2*)cc1,,,,,,,,
CCOC(=O)c1ccc(cc1)S(=O)(=O)Nc2cccc(c2)S(=O)(=O)N3CCCC3,1.0314999999999999,3.041900000000002,,,,,,
C[C@@H](C(=O)[O-])Sc1nc2c3c(c2COCC3)c(c4cco4)[nH]ncn2,,,,,,,,
*CCCCCCCCNC(=O)CCCCCCCCCNSC(=O)CCNC(=O)N*,,,3.3805000000000014,4.4067000000000025,4.0313000000000025,5.057500000000004,1.346800000000003,3.3992000000000018
*CCCCCCCCCCCCCCSCSCN(*)[Si](C#N)c1cccc1,,,,,,,,
Cc1ccc(cc1OC)COC(=O)NC(=O)c2ccc(cc2)Cl,3.723620000000002,3.723620000000002,,,,,,
*c1ccc(C(=O)Oc2cc(C(*)=O)c(OC)c(C)c2)c(C)c1,,,3.3437400000000013,3.3437400000000013,4.042260000000003,4.042260000000003,0.9683399999999998,1.6003399999999997
*CC(*)(C)*)OC(F)(F)C(F)F,,,,,,,,
*CC(CBr)C(F)(F)C(F)(F)C(F)(F)C(F)(F)C(F)(F)C(F)(F)C(F)(F)C(F)(F)C(F)(F)C(F)(F)C(F)(F)(F)COC(F)(F)(F)C(F)(*)(F)F,,,,,,,,
c1ccc(c(c1)/C=N/NC(=O)c2cc(c3cc2sc4c3c2cccc4)Cl)C#N,,,,,,,,
*Oc1ccc(OCCCCCCCCCCCCCCCCCCCC(C)(C)CCCCC(=O)OC(=O)c2ccc(C(*)=O)cc2)c(C)c1,,,11.25191999999999,11.883919999999986,12.577019999999981,12.577019999999981,10.581119999999993,10.581119999999993
c1c(c(c(sc1)Cc2cccccc2)Cl)C(=O)[O-],,,,,,,,
c1ccc(cc1)/C=C/C(=O)NCC(=O)c2ccccc2,2.698900000000001,2.698900000000001,,,,,,
COc1ccc(cc1)OCC(=O)N/N=C/c2ccccc2N(C)C,3.0744000000000016,3.0744000000000016,,,,,,
c1ccc(cc1)C[n+]2c3ccccc3sc2C(=O)NCC(=O)Nc4ccc(cc4)F,3.7447000000000026,3.7447000000000026,,,,,,
*CCOC(=O)NCCCCCCCNC(=O)C(=O)O*,,,-0.4508999999999987,-0.4508999999999987,1.3622999999999998,1.3622999999999998,-0.21219999999999906,-0.21219999999999906
COc1ccc(cc1)c2nccc(c2)C(=O)[O-],1.1206999999999998,1.1206999999999998,,,,,,
*Oc1ccc(OCCCCCCCCCCOC(=O)c2ccc(C(*)=O)cc2)cc1,,,4.929300000000005,5.561300000000006,6.2544000000000075,6.2544000000000075,4.258500000000003,4.258500000000003
*/C=C/C(*)CCCCCCOc1cc(C(=O)/N=C/c2ccc(C(C)(C)C)cc2)cc1,,,,,,,,
*CC(*)(C)C(=O)OCC(F)(CF)(F)C(F)(F)C(F)(F)F,,,,,,,,
Cc1cccc(c1)[C@@H]2C(=O)NN(C2=O)c3ccccc3F,3.0798200000000016,3.0798200000000016,,,,,,
*CCCCCCCCCCCCCCCCOC(=O)c1ccc(C(=O)c2ccc(O*)cc2)cc1,,,7.629300000000009,8.261300000000007,8.954400000000003,8.954400000000003,7.379900000000009,7.379900000000009
Cc1cccc2c1C(=O)n(n2)N3CCN(CC3)S(=O)(=O)c4cccc4,,,,,,,,
*CC(*)C(=O)OCCCCCOCCOCCCOCCOCCOCCOCCOCCOCc1cccc1,,,,,,,,
Cc1nc(c2c1c(nn2Cc3n[nH]c4c(c3=O)n4C(C)C)OCC)C,,,,,,,,
CCc1cc(n(n1CC)C(F)(F)F)C(F)(F)F,,,,,,,,
c1ccc2c(c1)c(n(c2=O)Cl)C(=O)Nc3ccccc3NC(=O)c4cco4,,,,,,,,
*C#CCC#C#CCCOC(=O)CCCOc1ccc(C(=O)Cc2ccc(O*)cc2C)cc1,,,,,,,,
*O[PH](C)(CCCCCCCCCCCCCCCCCc1ccc(*)s1,,,,,,,,
*CC(CC(*)C(=O)OCC(C)C)(C)COC1COCCOC1,,,2.4240000000000004,2.4240000000000004,3.060100000000001,3.060100000000001,0.3672000000000004,0.3672000000000004
*CCCCCCC[N+](C)S(*)(=O)O,,,0.07280000000000009,1.4899,0.8961000000000006,2.3132,-0.6783999999999988,0.7386999999999999
*/C=C/C(COC(*)=O)c1ccc(C(=O)Oc2ccc(-c3cc(Br)cc3)cc2)cc1,,,,,,,,
c1ccc2c(c1)C(=O)C[C@H](O2)CC(=O)NC(=O)Nc3ccsc3,2.8203000000000005,2.8203000000000005,,,,,,
CCC(=O)N(c1coc2c1cccc2)COc3cccc(n3)C(=O)NCc4ccco4,4.130300000000003,4.130300000000003,,,,,,
*CC(*)CCOc1ccc(CCCCCCCCCCCCCCCCCCCCCCCCCCCC)cc1C=C,,,14.21349999999997,14.21349999999997,14.849599999999965,14.849599999999965,12.156699999999981,12.156699999999981
*/C=C(/*)CC#N,,,1.08608,1.08608,1.86628,1.86628,0.85748,0.85748
C[C@H](c1c2c(c(sc3nc2n1)CCC3)COC)[NH+]5CCCCC4,,,,,,,,
*CCCSCCSCCSS*,,,3.4408000000000025,3.4408000000000025,4.2641000000000036,4.2641000000000036,2.6896000000000004,2.6896000000000004
*Oc1ccc(C(=O)c2ccc(OC(=O)c3cc(C(C)(C)c4ccc(*)cc4)cc3)cc2)cc1,,,,,,,,
*CCOc1ccc(/C(C)=C(\CC)c2ccc(/C=C/CCCCCCCOC(=O)c3ccc(C(=O)O*)cc3)cc2)cc1,,,8.000300000000008,8.000300000000008,9.813499999999998,9.813499999999998,8.239000000000008,8.239000000000008
*CCCCCCCCCNC(=O)NCCCCCCC[N+](*)[As](C)C,,,3.8012000000000024,4.827400000000004,4.142600000000003,5.559700000000006,2.4843000000000006,3.901400000000003
COC(=O)c1ccc(cc1)S(=O)(=O)N(Cc2ccc(cc2Cl)Cl)C(F)(F)F,3.0736000000000017,4.490700000000003,,,,,,
*CCCC[PH](C)(CCCCCCCC[Si](C)(C)CC(=O)O*)[Si](C)C,,,5.216200000000005,5.216200000000005,7.029400000000008,7.029400000000008,5.454900000000005,5.454900000000005
CC(C)Oc1cccc(c1)C(=S)NC(=S)Nc2ccc(c2)Cl,,,,,,,,
C[C@H](c1cccc(c1)C(=O)N/N=C/c2cc(ccc2C)[N+](=O)[O-])N,2.7541199999999995,3.4709200000000013,,,,,,
*CCCCCCCCCCOc1ccc(/C=C\CCCCCSc2ccc(N=*)cc2OC(CC)COCOCCOCCCOCCCOCCCCOCOCCOCCOCCOCCOCOCOC)cc1,,,,,12.687599999999984,12.687599999999984,11.335699999999992,11.335699999999992
*CCc1ccc(CNC(=O)CCNC(=O)CCCCCCCCCCCNC(=O)CCCCCCSc2cc(*)cc2)cc1,,,,,,,,
Cc1ccc(c(c1)C(=O)N/N=C/c2ccccc2Cl)Cl,4.849820000000003,4.849820000000003,,,,,,
c1cc(ccc1OCC)/C=N/n2c(nnn2Cc3ccccc3Cl)Br,,,,,,,,
*/C=C/C=C/C(*)C(=O)OC,,,1.2917,1.2917,1.9278000000000002,1.9278000000000002,0.14820000000000005,0.14820000000000005
*CCCCCCCCCCCCCCCOC(=O)NCc1ccc(N/N=N/c2ccc(OCCOCCCOc3cccc3)cc2)cc1*,,,,,,,,
*Oc1ccccc1/C=C/c1ccc(/N=C(\C#N)c2cc(OCCCCCOC)cc2)c(OC(*)=O)c1,,,,,,,,
*Oc1ccc(Oc2ccc(/C=C/c3ccc(OC(=O)c4ccc(OC(=O)CCCCCCCCCCCCC(*)=O)cc4)cc3)cc2)cc1,,,9.727599999999997,10.359599999999991,11.052699999999989,11.052699999999989,9.056800000000003,9.056800000000003
COc1ccc(c(c1)O)OCC(=O)N/N=C/c2cc(nnc2)C,1.18042,1.81242,,,,,,
*Oc1ccc(OC(C)=O)c2ccc(Oc3ccc(C(*)=O)cc3C)c(OCCCCCCCCCC)c2)cc1,,,,,,,,
*COc1ccc(OC(=O)c2ccc(OCCCCCCCOC(=O)OCCCCOc3ccc(C(=O)c4ccc(*)cc4)cc3)cc2)cc1,,,8.487100000000007,8.487100000000007,9.185620000000002,9.185620000000002,6.880700000000009,7.5127000000000095
*Oc1ccc(C(C)(C)c2ccc(-c3ccc(Oc4ccc(C(=O)c5cccc(*)cc5)cc4)cc3)cc2)cc1,,,,,,,,
c1cc(ccc1C(=O)NC(=O)c2cccs2,,,,,,,,
*CCCCC(*)C(=O)OC,,,1.7397,1.7397,2.375800000000001,2.375800000000001,-0.3171000000000003,-0.3171000000000003
c1ccc2c(c1)sc2nnc(s2)SCC(=O)N3CCCCC3,,,,,,,,
Cc1ccc(c(c1)Cl)C#N,2.520100000000001,2.520100000000001,,,,,,
c1cc(nc1)C(=O)N2CCN(CC2)c3cno(=O)c4cccc4[nH]3,,,,,,,,
*O[Si](*)(CCCCCCCCCCCC)CCCCCCC,,,6.593800000000008,6.593800000000008,8.099400000000008,8.099400000000008,6.801800000000007,6.801800000000007
*CCCCCCCCC(=O)NCCNC(=O)CCCCCCCCCCCCO*,,,5.252800000000006,5.252800000000006,6.297000000000006,6.297000000000006,4.722500000000003,4.722500000000003
*Oc1ccc(C(C)(C)c2ccc(S(=O)(=O)CCCCC(*)=O)cc2)cc1,,,3.229000000000002,3.8610000000000024,4.5541000000000045,4.5541000000000045,2.558200000000001,2.558200000000001
*CC(*)C(=O)NC(C)C1(C)C,,,,,,,,
*CCCCCCCCCCCCCCCCCOC(=O)c1ccc(O*)cc1,,,6.788400000000007,7.420400000000009,8.113500000000009,8.113500000000009,6.539000000000008,6.539000000000008
Cc1c(sc2c1c(ncn2)SCC(=O)Nc3ccc(cc3)Cl)C,4.692340000000003,4.692340000000003,,,,,,
*CCCCCCNC(=O)CCCCCCCCC=C(C)CCC(=O)OCCCCCCO*,,,6.626100000000008,6.626100000000008,7.670300000000009,7.670300000000009,6.095800000000006,6.095800000000006
*CC(*)C(=O)OCCOCCCCOc1ccc(-c2cc(OCCCCCC)cc2OCCCCCCCC)cc1,,,,,,,,
c1ccc2c(cc(cc2n1)SCC(=O)N,,,,,,,,
Cc1cnc(s1)NC(=S)NC(=O)Cc2ccco2,2.1002199999999998,2.1002199999999998,,,,,,
*Oc1ccc(C(=O)/N=C/c2ccc(Oc3ccc(C(C)(C)c4ccc(-c5cc(OC(=O)Nc5cc(*)cc5)cc4)cc3)cc2C(CCCCCCCCCCCCC)c2)ccc1,,,,,,,,
c1cc(cc(c1)F)C(=O)CSc2nc(o2)SC(=O)N,,,,,,,,
Cc1c(n([nH]c1CCC2=O)N)NC(=O)[C@H]2C(=S)NC(=O)NC2,,,,,,,,
*CC(*)C(=O)Oc1c(F)cc(Cl)cc1F,,,2.933600000000001,2.933600000000001,3.569700000000002,3.569700000000002,0.8767999999999996,0.8767999999999996
CCCn1c2c(nnn1)SCCC2,,,,,,,,
*CCCCS(CCCCOC(=O)O*)c1ccc(C#N)cc1,,,2.858580000000001,2.858580000000001,4.6717800000000045,4.6717800000000045,3.0972800000000005,3.0972800000000005
*/S(=C/CC(C)C(C)C)Oc1ccc(C(O)C(C)(C)c2ccc(*)cc2)c1,,,,,,,,
Cc1cc(ccc1C(=O)NC)NC(=S)Nc2ccc(cc2)OC,3.1721200000000014,3.1721200000000014,,,,,,
*CCCCCCCOC(=O)c1ccc(OCCCCCCCCCCCOC(=O)CCC(*)=O)cc1,,,7.225800000000008,7.225800000000008,8.006000000000009,8.006000000000009,4.7492000000000045,4.7492000000000045
CCc1cccc(c1)/C=N/NC(=O)c2cc(so2)c3nnc3,,,,,,,,
*CC(CCCCCCCCCCCCC[Si](C)(C)C)C(O*)C(=O)OCCCCCCCCCCCCCCCCOC(=O)CCCOc1cc(-c2cc(C(=O)Oc3ccc(O*)cc3)cc2)cc1,,,,,,,,
*NNc1cccc(Nc2ccc(SS(=O)(=O)CCCCC(=O)Nc3cccc(Cc4cc(*)=O)cc3)cc2)c1,,,,,,,,
*/C(*)Oc1ccc(C=O)c(Cl)c1,,,2.1611000000000002,2.1611000000000002,2.939700000000001,2.939700000000001,0.7994999999999999,0.7994999999999999
COc1ccc(cc1C)C(=O)Nc2cc(ccc2F)F,3.5341200000000015,3.5341200000000015,,,,,,
CCn1cc2c(coc2nc1SCC(=O)Nc3ccc(c3)F)c4cc(cc4OC)OC,,,,,,,,
CCc1cccc(c1)c2cnc(o2)Nc3cccc(c3)Cl,5.301000000000003,5.301000000000003,,,,,,
Cc1ccc(c(n1)C(=O)NCCCCN2C(=O)c3cccc(c3)OC)OC,,,,,,,,
c1cc(oc1)/C=C/C(=O)NC(=O)Nc2ccc(cc2)F,2.7802000000000007,2.7802000000000007,,,,,,
Cc1c(c2cc(nnc2n1)SCC(=O)N3CCCCCC3)Br,,,,,,,,
c1cc2cc(c1)n3cc(n[nH]c3=O)/SC(=C/c4ccc(c4)O)/C#N,,,,,,,,
Cc1cccc(c1C(=O)NC)c2cc3c(=O)n(c2=O)C)C,,,,,,,,
*Oc1ccc(-c2ccc(Oc3ccc(C(=O)c4cc(Oc5ccc(C(*)=O)cc5)cc4C(C)C)(C)c3Br)cc2)cc1,,,,,,,,
Cc1cc(no1)/N=C/2\C(=O)N(C(=S)S2)CCc3ccccc3OC,1.7075199999999997,3.124620000000002,,,,,,
*Oc1ccc(OC(=O)c2ccc(*)cc2)c(C(=O)OC,,,,,,,,
Cc1ccc(cc1)S(=O)(=O)N2CCSCC2,0.3154199999999998,1.73252,,,,,,
*Oc1ccc(C(C)(C)c2ccc(OC(=O)CCCCCCCCC(*)=O)cc2)cc1,,,5.311200000000005,5.9432000000000045,6.636300000000007,6.636300000000007,4.640400000000003,4.640400000000003
*O[SiH](CC)CSCSS*,,,1.5302999999999998,1.5302999999999998,2.6176000000000004,2.6176000000000004,2.304,2.304
*CCCCCCCCCCCCCOc1ccc(-c2ccc(O*)c(F)c2)cc1,,,7.256100000000007,7.888100000000008,8.581200000000004,8.581200000000004,7.0067000000000075,7.0067000000000075
Cc1ccccc1C(=O)NC(=O)CSc2nnc3c(n2)ccc(c3)Cl,3.8194200000000027,3.8194200000000027,,,,,,
*Oc1ccc(OC(=O)CNC(=O)NCCNC(*)=O)cc1,,,-1.2891999999999988,-0.6571999999999996,0.03590000000000071,0.03590000000000071,-2.3502999999999963,-1.3240999999999987
*CCCS(=O)(=O)OCCCCCCOc1ccc(NC(=O)OC(C)C(=O)S*)cc1,,,3.3927000000000014,3.3927000000000014,4.598900000000004,4.598900000000004,3.024400000000001,3.024400000000001
*CCC(COC(=O)CCCCCCCC(C)C)C(C)C(=O)N*,,,4.063900000000003,4.063900000000003,4.714700000000004,4.714700000000004,3.056400000000001,3.056400000000001
c1ccc(c(c1)[C@H]2N(C(=O)C2=O)Cl)N(CCn3cncc3)C(F)(F)F,1.0985999999999991,2.5157000000000007,,,,,,
c1ccc(cc1)N2CC[C@@H](C2)C(=O)OC,1.6859,1.6859,,,,,,
COc1ccccc1/C=N/NC(=O)c2cccs2,3.304700000000002,3.304700000000002,,,,,,
Cc1ccccc1sc2c(=O)CNC(=O)c3ccc(cc3)C=C2,,,,,,,,
*Oc1cccc(S(=O)(=O)c2ccc(C(Cl)(CCC)c3ccc(Oc4ccc(C(=O)c5cc(*)cc5)cc4)cc3)c2)c1,,,,,,,,
*O[Si](C)(CCCCCCCCCCCCC)CCCCOC(=O)OCN(*)COC(C)C,,,5.701800000000005,6.728000000000008,6.307200000000006,7.724300000000009,5.909800000000005,7.326900000000007
c1ccc2c(c1)c3cccc3S(=O)(=O)N(C2=O)c4cccc4Cl,,,,,,,,
*O[Si](*)(C)CCOC(C)C,,,0.7572999999999999,0.7572999999999999,2.2629,2.2629,0.9653,0.9653
C[C@H](C(=O)Nc1ccccc1)CC(=O)Nc2ncc(cc2C)OC,3.0020200000000017,3.0020200000000017,,,,,,
Cc1cccc(c1)CS(=O)(=O)N/N=C/c2cc(ccc2OC)O,1.5307199999999999,2.9468200000000015,,,,,,
COc1ccc(cc1)S(=O)(=O)CC(=O)Nc2ccccc2,2.1075999999999997,2.1075999999999997,,,,,,
*CC(*)C(=O)OCCCCOC(*)(F)F,,,1.959,1.959,2.9852000000000016,2.9852000000000016,-0.7777999999999998,-0.7777999999999998
COc1ccc(cc1)[C@H]2Nc3nc(s2)NCC3=O,,,,,,,,
c1ccc(cc1)S(=O)(=O)N=C[C@H]2CC[C@H](C2)S(=O)(=O)=O,,,,,,,,
*/C=C(/*)CCCC#C,,,1.9759,1.9759,2.756100000000001,2.756100000000001,1.7473,1.7473
*Oc1ccc(OC(=O)CCCCC/C=C(C#N)c2ccc(O*)cc2)c(C(=O)OC(C)OC)c1,,,3.446080000000002,4.710080000000005,5.316080000000005,5.316080000000005,5.002480000000004,5.002480000000004
*c1cccc(NC(=O)NCc2ccc(C(=O)NCc3ccc(OC(=O)c4ccc(C(=O)c6cc(c7ccc(CC(=O)Nc7cc6cc(Oc6C(=O)N(*)C6=O)cc5)cc4)ccc3)cc2)c1,,,,,,,,
*CCCCCCCCCCCOC(=O)CCCCCCCCCCCSCc1s*,,,,,,,,
*C1CC(=O)CCCC(=CCCCCCCCC(=O)O*)C1,,,3.3167000000000018,3.3167000000000018,4.985800000000005,4.985800000000005,3.5538000000000016,3.5538000000000016
*CC(Oc1ccc(C)(C)c2ccc(O*)cc2O[Si](C)(C)CC)cc1Cl,,,,,,,,
C/C(=N/NC(=O)c1ccc(cc1)C)/S(=O)(=O)OC,1.8185200000000001,1.8185200000000001,,,,,,
NC(=O)/C=C/1\C(=O)OC)/C(C)C(=S)Nc2cccc2,,,,,,,,
*Oc1ccc([Si](C)(C)C)c(OC(=O)CCCOC(=O)c2ccc(C(=O)OCCC(=O)c3ccc(*)c3)cc2)cc1,,,,,,,,
*OC(=O)c1ccc(-c2ccc(OCCCCCCCCC)cc2)cc(NC(=O)CCCCCCCC(=O)O*)cc1,,,4.926200000000004,4.926200000000004,7.772400000000008,7.772400000000008,7.458800000000007,7.458800000000007
CN1CCOC(=O)c2cc(sc2sc1NC(=O)c3ccncc3)C#N,,,,,,,,
*CCCNC(=O)SCCCCCCCSCO*,,,3.472700000000003,3.472700000000003,4.516900000000004,4.516900000000004,2.942400000000001,2.942400000000001
*CCCCCCCCOc1ccc(C(=O)OCCCCOCCOCCCOCCOCCOCCOCCOCCOCCOCCOCCOCCCOc2cc(-c4ccc(C(=O)O*)cc4)cc3)cc2)cc1,,,,,,,,
*/C=C(/*)CCOC(CN)CCCCCC,,,2.1599999999999993,2.876800000000002,2.940200000000001,3.6570000000000027,1.9314000000000004,2.6482
*Oc1ccc(/C=C/c2ccc(OC(*)=O)cc2OC)cc1OCCC(=O)OCCC,,,3.1965000000000012,3.828500000000003,4.521600000000005,4.521600000000005,3.1616000000000017,3.1616000000000017
*Oc1ccc(C(=O)CNCCCCCOCCCCS*)cc1,,,1.4031999999999987,3.0614000000000017,2.7714000000000008,3.7976000000000028,2.457799999999999,3.4840000000000018
*CCNC(=O)CCCCCC(=O)NCCCCCNC(=O)NC(=O)CCCCC(=O)N*,,,0.20480000000000553,1.2310000000000023,0.855600000000005,1.8818000000000008,-0.8026999999999964,0.22350000000000247
CCOn1c(nnn1-c2ccc(c3c2cccc3)Br)C,,,,,,,,
Cc1cc(c(=O)oc1c2cccc(c2)C)NC(=O)c3ccccc3,4.175940000000002,4.175940000000002,,,,,,
Cc1cc([n+]n1c2ccco2)[C@H](C)(C)C,,,,,,,,
*OC(C)CCCCCOC(C)(C)OC(=O)C(C)C(C)CCCCCCCN(*)C#N,,,3.8807800000000023,4.906980000000004,4.486180000000004,5.903280000000007,4.0887800000000025,5.505880000000005
CC1=C([C@@H]2C(=O)N1C(=O)NCC2=C)C(=O)Nc3cc(cc3)[N+](=O)[O-],,,,,,,,
C[C@@H]1CC[NH+](CC1)c2nnc3sc2nc(n3)N4CCOCC4,-4.5232999999999945,-4.5232999999999945,,,,,,
*NC(NC(=O)c1cc(C(*)=O)cc1)C(C)(C)CCCC,,,,,,,,
*Nc1ccc(C(=O)CCCCNC(=O)CCCC/C=C/CO*)cc1,,,2.8469000000000015,2.8469000000000015,3.9605000000000032,3.9605000000000032,3.563100000000002,3.563100000000002
c1ccc(cc1)COc2c3c(sc3c4ccccc4s(n3)Sc5nc5ccsc5)C(F)(F)F,,,,,,,,
Cc1cccc(c1)S(=O)(=O)N2CCCCC2,0.7525199999999996,2.16962,,,,,,
*/C=N/C1C=C/C(=*)C(CCCC)C1,,,,,3.768200000000003,3.768200000000003,2.2767,2.2767
c1cc(ccc2c1ccc(c2)C#N)C(=O)[O-],,,,,,,,
*CC(COc1ccc(/N=C/c2ccc(O*)cc2)cc1)OC,,,2.924500000000001,3.5565000000000024,4.249600000000004,4.249600000000004,2.6751000000000005,2.6751000000000005
Cc1ccc(o1)C(=O)CSc2nnn(n2C)Nc3cccc(c3)C,,,,,,,,
*O[Si](C)(C)c1ccccc1N(*)C(C)C,,,0.6942999999999997,1.9113000000000002,1.2996999999999999,2.5897000000000006,0.9022999999999992,2.1923
c1cc(sc1)/C=N/n2c([nH]cn2)C(=O)Nc3nnc4cccc4Cl,,,,,,,,
*Oc1ccc(-c2ccc(OC(=O)C(Cc3ccc(S(*)=O)cc3)cc2)cc1,,,,,,,,
*CCCCCCCCCCCCCCO*,,,4.679800000000005,4.679800000000005,5.7240000000000055,5.7240000000000055,4.149500000000003,4.149500000000003
Cc1ccc(c(c1)NC(=O)c2cc(c3cc2cccc3C[N+](=O)[O-])C#N)C(=O)N,2.9048000000000016,2.9048000000000016,,,,,,
*c1cc(C(=O)Nc2c(Cl)cc(C)c(N(*)c3ccc([N+](=O)[O-])cc3)cc2)cc1,,,,,,,,
CCOc1cccc(c1)C2CCN(C2)C(=O)NCC(=O)c3ccccc3,2.05,3.467100000000002,,,,,,
CCOc1ccccc1OC(=O)N/N=C/c2ccccc2,3.991900000000003,3.991900000000003,,,,,,
Cc1cc(=O)c2sc(s2)[C@H](N1)c3ccccc3O,,,,,,,,
*CC(*)(C)C(=O)OCCCCOc1ccc(OC(=O)OCCOCCOC)cc1,,,3.223200000000002,3.223200000000002,4.003400000000004,4.003400000000004,1.3104999999999998,1.3104999999999998
*CCOc1cc(OC(=O)c2ccc(CCCCCCCOCCCOCCOCCOC3ccc(-c4ccc(/C=C/C(=O)Nc5cc(C(=O)O*)cc5)cc4)cc3)cc2)c(OC)c1,,,,,,,,
c1cc(sc1)CC(=O)NCCCN2C(=O)/N=C/c3cccc3Cl,,,,,,,,
*C#CCCCC#CCCCCO[Si](C)(C)CCCCCCNC(*)=O,,,4.491700000000003,4.491700000000003,5.271900000000005,5.271900000000005,2.3526,3.378800000000002
*CCCCCCCCCCNC(=O)c1ccc(OCCCCCCCC)c(C(=O)O*)cc1,,,,,,,,
*NC(C*)c1ccc([N+](=O)[O-])nc1,,,0.29270000000000007,1.0095,0.6341,1.6602999999999999,-1.0242000000000002,0.0019999999999998908
c1cc(c(c(c1)N=C(c2ccco2)C(=O)CCO3)OCC=C(\C[C@@H]3c4cccc4)C(F)(F)F)C#N,,,,,,,,
*CCSCC(=O)Cc1ccc(NC(=O)CCCCCC(=O)NNC(=O)c2ccc(C(=O)CSSc3ccc(NC(=O)O*)cc3)cc2)cc1,,,6.848100000000007,6.848100000000007,8.661300000000004,8.661300000000004,7.086800000000006,7.086800000000006
[H]/N=C/1\CO1(=O)C(=S)N(C1=O)c2ccc(c(c2)C)O(C)C,,,,,,,,
CC1=C([C@H](c2ccccc2)N1C(=O)C)(c3ccco3)C(=O)C,,,,,,,,
COc1ccc(cc1Cl)sc2-c3csc(n3cn2)C(=O)NC(=S)Nc4ccc(cc4)OC,,,,,,,,
Cc1ccc(cc1)C(=O)NC(=S)Nc2ccccc2Oc3ccc(cc3)OC,4.9227200000000035,4.9227200000000035,,,,,,
COc1cccc(c1)C2=C/C(=NC(=O)N([C@]2(c3ccccc3)C#N)c4cco4,,,,,,,,
c1ccc(cc1)C(=O)N/N=C(\N2C3CCC2)/NC(=O)c4ccco4,,,,,,,,
*CCN(*)CC(=O)c1ccc(OCC)cc1,,,0.8512999999999997,1.8775,1.1926999999999996,2.609800000000001,-0.4655999999999998,0.9514999999999998
Cc1c(c([nH+]c(n1C)C(=O)Nc2ccccc2)NC(=O)c3cccnc3)C,,,,,,,,
*OC(=O)NCc1ccc(/C=N/c2ccc(OC(=O)c3cc([Si](*)(C)C)sc3)cc2OCC=C=CCCCCCC)cc1-c1cccc(C)c1,,,6.854220000000008,7.88042000000001,10.155019999999997,10.155019999999997,7.831220000000009,8.857420000000005
CCOC(=O)c1c(cccc1OC)C(=O)N,0.9708000000000001,0.9708000000000001,,,,,,
c1ccc(cc1)C(=O)Nc2c(cccc2OC(=O)c3ccc(c3)[N+](=O)[O-])O,,,,,,,,
*CC(*)C(=O)OCCCCCCNC(=O)OC(C)(C)C,,,3.024700000000002,3.024700000000002,3.660800000000002,3.660800000000002,0.9678999999999998,0.9678999999999998
*/C=C(/*)CNN1CCCCCC,,,,,,,,
*CCCCCCCC/C=C/NC(=O)NC(CCCCCOc1ccc(C(=O)O*)cc1)OC,,,4.525300000000004,4.525300000000004,6.338500000000007,6.338500000000007,4.764000000000005,4.764000000000005
*Sc1ccccc1CC(C)CC(*)(C)C(=O)OCCCCCCOCCCNCCCC,,,4.671000000000004,6.080100000000008,5.8772000000000055,6.903400000000008,4.445200000000003,5.471400000000005
Cc1cn[nH]c2n1nc3c(c2)SCC(=O)Nc4cccc(c4Cl)S(=O)(=O)C,,,,,,,,
c1ccc(cc1)Nc2ccccc2F,3.569300000000001,3.569300000000001,,,,,,
*CCCCCCCCCCCOC(=O)c1cc(C(=O)O*)cc1,,,,,,,,
*/C=C/C=CC(\C)C(*)C,,,2.774700000000001,2.774700000000001,3.4108000000000027,3.4108000000000027,1.6312,1.6312
CCCC(=O)Nc1c(c2c1cccc2F)NC(=O)C3CCCC3,3.1876000000000015,3.1876000000000015,,,,,,
C[C@H]1CN(CC1)C(=O)c2cncc(c2)C,0.45491999999999977,1.8720199999999998,,,,,,
Cc1c(c(nc1SCC(=O)NCc2ccc(cc2)[N+](=O)[O-])C#N)C#N,,,,,,,,
*C(CSSc1ccc(CI)c(*)cc1)n1cccc11,,,,,,,,
*/N=C/c1ccc(Oc2ccc(-c3ccc(C(*)=O)c3)cc2)cc1,,,,,,,,
*CCCCCCOc1cccc(/C=C/c2ccc(/C=C/c3ccc(O*)cc3)cc2)cc1,,,,,,,,
*Oc1ccc(C(C)(C)c2ccc(Oc3ccc(N4C(=O)c5ccc(Oc5cc(*)cc6-c5cc6ccc5ccc52=O)cc1)OC(=O)CCCCCCCCCCCCCC)c1,,,,,,,,
Cc1c(sc2c(nc1)NC(=O)[C@H]3[C@H](C2=O)C(F)F)C(F)(F)F)O,,,,,,,,
*CCSCCCCCCCOC(=O)CSCCCCCSCSCCS*,,,6.490400000000008,6.490400000000008,7.313700000000009,7.313700000000009,5.739200000000007,5.739200000000007
Cn1c2ccccc2cc1c1NC(=O)c3ccccc3,,,,,,,,
c1c(ccc(c1)Cl)Nn2c(non2)SC(=O)N3CCOCC3,,,,,,,,
c1ccc(cc1)c2cs(oc3c2c4cc3cccnc4)C#N,,,,,,,,
c1cc(ccc1NC(=O)CSc2nnc(n2)N)Cc3ccc(cc3)F,,,,,,,,
COc1ccc(cc1)COc2c(cc(cc2[N+](c3ccccc3)O)C,,,,,,,,
C[C@@]12C3=C([C@@H]1C)c4cc(cccC3=O)C1=O,,,,,,,,
CCC(=O)Nc1cc2c(c1)c(sc2Br)CC(=O)[O-],,,,,,,,
*Nc1ccc(NC(=O)CCCCCCCCC(=O)c2ccc(-c3cc(C(=O)c4ccc(-c5cc(*)cc5)CCCCCC6=C3)cc2)cc1,,,,,,,,
C[C@@H](C(=O)Nc1nnn1c2ccc(cc2)SC)C(=O)NCc3ccccc3,,,,,,,,
*/C=C/C(*)(O)[Si](C)(C)C,,,1.4106999999999998,1.4106999999999998,2.1909,2.1909,0.6164000000000001,0.6164000000000001
c1ccc2c(c1)nc(s2)c3cc(s3)NC(=O)NCc4ccc(c4c3Cl)F,,,,,,,,
*Oc1cc(C(=O)O*)c(S(=O)(=O)CCCCCCCCCCCCC)cc1OCC,,,3.6071000000000017,4.239100000000004,5.9652000000000065,5.9652000000000065,5.651600000000005,5.651600000000005
*/N=C/c1ccc(OCCO*)cc1OC,,,1.06397,1.06397,1.7691,1.7691,1.3717,1.3717
CCOc1ccccc1CNC(=O)c2cccc(c2)N3C(=O)CC(*)=O,,,,,,,,
*CCCCCC(COCCCCCCCC(=O)OCCCc1ccc(CC(=O)O*)cc1)C,,,5.028400000000005,5.028400000000005,6.841600000000009,6.841600000000009,5.2671000000000054,5.2671000000000054
Cc1cc(cc(c1)C)NC(=O)CSC(=O)Nc2ccc(c(c2)[N+](=O)[O-])C#N,3.9871200000000018,3.9871200000000018,,,,,,
*CC(O*)CC(=O)NCCC)SCOCCO,,,,,,,,
*O[Si](*)(C)C#C(=O)OCOc1ccc(-c2cc(C(=O)Oc3ccc([C@](C)(C)c4ccc(C(C)C)cc5)cc4)cc3)cc2)cc1,,,,,,,,
*/C=C(/c1ccc(/N=N/c2ccc(N(C)(C)c3ccc(*)cc3)cc2)cc1)OC,,,,,,,,
*Oc1cccc(/N=C/C(C)=C/c2ccc(-c3ccc([N+](=O)[O-])cc3)cc2)cc1*,,,,,,,,
*Oc1ccc(-c2ccc(NC(=O)c3ccc(OC(=O)c4ccc(C(=O)c5ccc(*)s5)cc4)cc3)cc2)cc1,,,6.191200000000005,6.823200000000005,7.434620000000006,7.434620000000006,6.043000000000004,6.675000000000004
*CC(*)C(=O)OCc1ccc(C=CCCCCCCCCC)cc1,,,6.293700000000007,6.293700000000007,6.929800000000008,6.929800000000008,4.236900000000005,4.236900000000005
*CCCCCCCCCCCC[N+](*)(C#N)C,,,2.903080000000001,4.320180000000003,4.854880000000005,4.854880000000005,3.196580000000002,3.196580000000002
*CCCNC(=O)C(CC)C(CCOCCOCC)C(CCC)C(=O)O*,,,1.7644000000000009,1.7644000000000009,3.577600000000002,3.577600000000002,2.003100000000001,2.003100000000001
*CCCC(*)C(=O)OCCCCCCCOc1ccc(N(c2ccc(C#N)c2)cc1,,,,,,,,
Cn1c2c(nnc2nn1)NC(=O)c3ccc(cc3Cl)Br,,,,,,,,
*C(=O)Oc1ccc(/N=C/c2ccc(OCCCCCCCCCCOCCOCCOC)cc2)cc1)C(=O)O*,,,,,,,,
*c1ccc(/N=C/c2ccc(-c3cccc(C(=O)Nc4ccc(*)cc4)cc3)cc2)cc1,,,,,,,,
*CCOCCOCCSCSCSCCOC(=O)NCCCCCCCCCNC(=O)N*,,,4.279300000000003,4.279300000000003,4.930100000000004,4.930100000000004,2.2456,3.271800000000002
*Cc1ccc(OC(=O)c2ccc(C(*)=O)cc2)c([N+](=O)[O-])c1C,,,3.2433400000000026,3.2433400000000026,3.887420000000003,3.887420000000003,0.9782199999999999,0.9782199999999999
*/C=N/c1ccc(/C=C/c2cc(/*)cc2)ccc1,,,,,,,,
c1ccc(cc1)c2nc(no2)c3ccno3,2.3915999999999995,2.3915999999999995,,,,,,
*NC(=O)c1ccc(Oc2ccc(C(*)=O)cc2)cc1,,,2.3903000000000008,2.3903000000000008,3.041100000000002,3.041100000000002,0.9613999999999999,0.9613999999999999
*c1cc(OCCCCCCCCCC)c(C(=O)OCCCCCCOC(*)=O)cc1C,,,6.404720000000006,6.404720000000006,7.103240000000008,7.103240000000008,4.665220000000004,5.297220000000006
Cc1ccc2c(c1)cc(n2)NC(=S)Nc3ccc(cc3)[N+](=O)[O-],,,,,,,,
c1cc(cc(c1)Br)c2nc(s2)c3cc(ccc3)F,,,,,,,,
*COCCOc1cccc(O*)c1,,,0.7854,1.4174,2.1105,2.1105,0.8835999999999999,0.8835999999999999
CCOC(=O)c1ccc(cc1)NC(=O)CSCc2ncccn2,2.5252000000000008,2.5252000000000008,,,,,,
CC[C@H]1C(=O)N(C(=S)N2CCCC2)C(=O)NNCc3ccccc3nc2,,,,,,,,
*CC(F)(F)C(F)(F)COC(=O)c1ccc(C(*)=O)cc1OCCCCCCCCCCCC,,,7.246100000000006,7.246100000000006,8.026300000000008,8.026300000000008,4.769500000000005,4.769500000000005
c1ccc2c(c1)c(nc(o2)c3ccc(c(c3)F)O)C(=O)N(Cc4cccc4)O,,,,,,,,
*/C=C/C(C)CSCSCCCCCCOCCOCC(=O)CCCCSC(=O)O*,,,4.641900000000004,4.641900000000004,6.455100000000007,6.455100000000007,5.793900000000006,5.793900000000006
*O[Si](C)(C)O[Si](C)(C)O[Si](*)(C)CCc1cccc1,,,,,,,,
*c1ccc(-c2ccc([Si](*)(C#N)CCCCOCCOCCO[Si](C)(C)O[Si](C)(C)O[Si](C)(C)C)cc2)cc1,,,5.952180000000007,5.952180000000007,7.112100000000008,7.112100000000008,4.736480000000004,5.368480000000007
Cc1ccc(cc1)OCCC(=O)N/N=C/c2ccc(cc2)OC,3.706920000000003,3.706920000000003,,,,,,
c1ccc(cc1)C[NH+]2CN(CC2)C(=O)C[NH+]3CCOCC3,-3.6307999999999945,0.6205000000000003,,,,,,
*CCCCCCCCC(=O)NCCCCCCCNC(*)COC,,,3.0135000000000014,4.0397000000000025,3.7921000000000022,4.818300000000004,1.3042999999999991,2.3304999999999993
COc1ccccc1CNC(=O)c2ccccc2Cl,3.2786000000000017,3.2786000000000017,,,,,,
c1cc(ccc1C(=O)NC(=O)c2ccco2)c3cccs3,3.5783000000000014,3.5783000000000014,,,,,,
Cc1cc2cc(ccn2c1)NC(=O)/C=C(/C\,,,,,,,,
*CCCCCC(=O)NCCCCCc1ccc(CCNC(=O)CCCCCCCC(*)=O)cc1,,,5.684200000000006,5.684200000000006,6.4644000000000075,6.4644000000000075,3.207600000000001,3.207600000000001
Cc1ccc(o1)/C=N\2/C(=O)OC(=C/c3ccccc3Cl)/SC(=O)NC,,,,,,,,
Cc1ccc(cc1)C(=O)CSc2nc3n(sc2n1SCCC3=O)C,,,,,,,,
*CCOCCOCCOCCOC(=O)OC1C,,,,,,,,
*N=[PH](*)(CCC)Oc1ccc(COC(=O)Oc2ccc(/N=N/c3ccc(OCCCCCCCCCCCCCCCCCCCCCCCCC)cc3)cc2)cc1,,,,,,,,
*CCSCC(*)COC,,,1.7759999999999998,1.7759999999999998,2.4121000000000006,2.4121000000000006,-0.2807999999999999,-0.2807999999999999
*c1ccc(C(C)c2ccc(/C=N/c3ccc(OCCOc4cccc(Oc5ccc(C(=O)c6cccc(*)cc5)cc4)cc3)cc2)cc1,,,,,,,,
C[C@H](C(=O)Nc1ccc(cc1)C(=O)N[C@@H](C)Cl)C(=S)NC,1.0963999999999996,2.1225999999999994,,,,,,
*CCP(*)(C)CC,,,1.6024999999999998,1.6024999999999998,2.4258000000000006,2.4258000000000006,0.2855999999999999,0.2855999999999999
*Oc1cccc(C[Si](C)(C)c2ccc(OC(=O)c3ccc(-c4cc(C(*)=O)cc4)cc3)cc2)c1,,,,,,,,
Cc1cc(c2c(c1)C(=O)N(C2=O)C)CC(=O)Nc3cc4ccccc4n3,,,,,,,,
Cn1c(n2c(n1)c3c(nnc3s2)[C@H](N)C)c4cc(cc4)Br,,,,,,,,
C(O)CCC(=O)OC1=C(c2ccccc2N1C(=O)C)C,2.28772,2.28772,,,,,,
C[C@H](C(=O)N/N=C/c1ccccc1)NC(=O)c2ccccc2,2.739300000000001,2.739300000000001,,,,,,
*CC(*)OC(C)C(=O)Cc1ccc(OCCCCCCCCCCCCCCC)cc1,,,7.693200000000009,7.693200000000009,8.471800000000007,8.471800000000007,5.984000000000008,5.984000000000008
CC(C)c1ccc(cc1)NC(=O)CSc2nnnn2CCC(=O)Nc3ccccc3OC,3.564700000000002,3.564700000000002,,,,,,
*c1ccc(/C=C/C(=O)c2ccc(*)cc2)c(C(C)CC)c1,,,5.096200000000005,5.096200000000005,5.713040000000006,5.713040000000006,3.243400000000002,4.507400000000004
*Oc1ccc(Oc2ccc(Oc3cccc(Oc4ccc(Oc5cccc(OC(=O)CCCCC(*)=O)cc5)cc4)cc3)cc2)cc1,,,,,,,,
*CC(*)(C)C(=O)OCCCCCOC(=O)CCc1ccc(C(C)(C)c2ccc([N+](=O)[O-])cc2)cc1,,,5.766000000000006,5.766000000000006,6.546200000000008,6.546200000000008,3.8533000000000026,3.8533000000000026
Cc1nc2c(cc1OC)CCN2C(=O)CSC2=O,,,,,,,,
C[C@@H]1CCC[C@H](-1)N2[C@H](c3c2cccc3)NC(=O)CC(=C1)CC,,,,,,,,
*CCCOC(=O)c1ccc(C(=O)O*)cc1,,,0.6169,0.6169,2.4301000000000004,2.4301000000000004,0.8555999999999999,0.8555999999999999
*CC(*)(C)C#COCCOc1ccc(-c2ccc(SCCCCCCCCC/c3ccc(/N=N/c4cc(OCCOCCOCOCCOCCOCCOCCOCCOCCOCC)cc4)cc3C(C)cc2)cc1,,,,,,,,
*CC(*)C(=O)OCCC=C/COc1ccc(-c2ccc(OCCOC(=O)c3ccc(/C=C/c4cc(OCCOCCOCOCCOC)cc4)cc3)cc2)cc1,,,,,,,,
*CCCCCCCCCCOc1ccccc1OC(=O)c1ccccc1C(=O)NCCOC(*)=O,,,5.3281000000000045,5.3281000000000045,6.108300000000007,6.108300000000007,3.487400000000003,3.487400000000003
COc1cc(=O)[C@H](C(=O)Nc2c(cc(cc2Cl)Br)S(=O)(=O)N3C(=O)COC3=O)C,,,,,,,,
Cc1cc[nH]c1/C=N/NC(=O)CC2CCCC2,3.137620000000002,3.137620000000002,,,,,,
Cn1c(c(no1)CSCC(=O)Nc2ccc(cc2)C(=O)OC)Br,,,,,,,,
*/C=C/C*,,,1.1923,1.1923,1.9725,1.9725,0.0504,0.0504
*O[Si](*)(C)CCCC([2H])(F)F,,,1.3776,1.3776,2.8832000000000013,2.8832000000000013,1.5856,1.5856
*Oc1ccc(/C=N/c2ccc(Sc3ccc(/C=C(/C)c4cccc(*)c4)cc3)cc2)cc1,,,7.222500000000006,7.854500000000007,8.465920000000006,8.465920000000006,7.074300000000007,7.706300000000008
Cc1ccc(cc1)CNC(=O)Cn2c(nnc(n2)c3ccsc3)C(C)C,,,,,,,,
CC(C)(C)c1ccc(c(c1)F)C(=O)Nc2ncccc2,3.770500000000002,3.770500000000002,,,,,,
*CC(*)(C)C(=O)c1ccc(OCCCCCCCCCCCCCCCCCC)cc1,,,9.165600000000001,9.165600000000001,9.945799999999997,9.945799999999997,7.25290000000001,7.25290000000001
c1ccc(cc1)COc2c(ncn2[C@H](c3cc(c(cc3)O)Br)C#N)F,3.5502800000000017,4.182280000000002,,,,,,
COc1ccc(cc1)/C=C/C(=O)NCC=C2C(=O)OC3=CCCn4c2cc(cc4)[N+](=O)[O-],,,,,,,,
*OS(*)COc1ccc(C(=O)Oc2ccc(C(=O)Oc3ccc(OC(=O)c4cc([N+](C)(F)C(F)(F)C5=O)cc4)cc3)cc2)cc1,,,,,,,,
*CCCCCCCCOC(=O)NCCCCCCCN(CCO*)CCC(=O)OCCCCC,,,4.024300000000003,5.441400000000006,5.068500000000005,6.485600000000008,3.4940000000000015,4.911100000000005
Cc1ccccc1/C=N/NC(=S)Nc2cccc(c2)Cl,3.9689200000000024,3.9689200000000024,,,,,,
CSc1nnnc(n1)SCC(=O)N2CC[NH+](CC2)c3cccc(c3)[N+](=O)[O-],-0.07949999999999902,1.3376,,,,,,
*CC1=C(CCC*)CCCC1C1CCCCC1,,,5.483400000000005,5.483400000000005,6.263600000000006,6.263600000000006,3.428200000000002,3.428200000000002
c1ccc(cc1)[C@H](S(=O)(=O)Nc2nccs2)C(=O)c3cccs3,3.570500000000002,4.163800000000002,,,,,,
CCn1c(nnn1)NC(=O)Cc2c3ccccc3sc2,2.0888999999999993,2.0888999999999993,,,,,,
*OS(=O)(Oc1ccc(C(C)c2cccc(Oc3ccc(C(=O)c4ccc(OC(=O)OCCNC(*)=O)cc4)cc3)cc2)cc1)C(C)CCOC#CCC,,,,,,,,
COc1cccc(c1OCC)NC(=O)[C@H]2CCCN2C(=O)COC[NH+]3CCOCCC3,-1.1143999999999945,1.7198,,,,,,
*O[Si](*)(C)CCO[Si](C)(C)C,,,1.1838,1.1838,2.689400000000001,2.689400000000001,1.3918,1.3918
*O[Si](*)(C)CCC(=O)Nc1ccc(C(C)(C)C)cc1,,,2.6586000000000007,2.6586000000000007,4.164200000000003,4.164200000000003,2.866600000000001,2.866600000000001
CCOc1cc(cc1O)/C=N/c2c(nc(s2)C(=O)NC[C@@H]3CCCO3)CC,,,,,,,,
*Nc1ccc(NC(=O)c2ccc(NC(=O)c3ccccc3C(*)=O)c2)cc1,,,,,,,,
C[C@]1(C*)(NC(=O)N(CCCCC(=O)[O-])c2ccc(c2)S(=O)(=O)N(C)CC)C,,,,,,,,
*CCCCCCOc1cccc(/C=N/C(=O)c2ccc(C(*)(C)C)cc2)c1,,,6.028400000000007,6.028400000000007,6.592600000000007,6.592600000000007,4.104800000000004,4.104800000000004
*CCOCCOCCOC(=O)c1ccc(OCCCCCCCCCOc2cc(O*)cc2)cc1[N+](=O)[O-],,,,,,,,
*C(=O)c1ccc(P(=O)(OC)CC(=O)OCCCC(C)(C)C)c2ccc(C(=O)O*)c(C)c2C(C)(C)C)cc1,,,,,,,,
*CCCCCNC(=O)/C=C/COC(=O)CCCC(C)CC(=O)O*,,,1.3386,1.3386,3.1518000000000015,3.1518000000000015,1.5772999999999997,1.5772999999999997
*CC(*)C(=S)OCc1ccccC,,,,,,,,
c1ccc2c(c1)cc(c(n2)N)SCC(=O)Nc3ccco3,3.1408000000000014,3.1408000000000014,,,,,,
*CC(CC)(CO*)(C(CNC)CS(F)(F)OC(F)(F)F)OC(F)(F)C(F)(F)C(F)(F)C(F)(F)C(F)(F)C(F)(F)C(F)(F)F,,,,,,,,
c1ccc(c(c1)C(=O)C(Cl)Cl)Cl,3.3264000000000014,3.3264000000000014,,,,,,
Cc1ccc2c1cc(cc2)c3nc(no3)Nc4ccc(cc4)F,,,,,,,,
CC[C@@H](C)[C@@H](C)C(=O)Nc1cc(cc1)C(=O)NCC,,,,,,,,
c1ccc(cc1)2C(=O)N(C(=S)N2c3cccc(c3)C(F)(F)F)F,,,,,,,,
CCOc1ccccc1NC(=O)Nc2nc(o2)c3ccccc3,,,,,,,,
CC(C)S(=O)(=O)Nc1ccccc1OCC(=O)Nc2nncs2,1.7056999999999993,2.2989999999999995,,,,,,
c1ccc2c(c1)C(=O)OC2=C(C(=O)N(C3=O)CC=CC3)NC(=O)[O-],-2.6696999999999953,-0.22639999999999993,,,,,,
*Oc1ccc(S(=O)(=O)c2ccc(Oc3ccc(C(*)=O)cc3)cc2)cc1,,,3.1978000000000018,3.8298000000000023,4.5229000000000035,4.5229000000000035,2.527000000000001,2.527000000000001
*NNC(=O)CNC(=O)CC(CCCCCCN(C)C(=O)c1cc(Cc2ccc(NC(=O)c3cc(C#CCCOC(*)=O)cc3)cc2)cc(/N=N/c2ccc([N+](=O)[O-])ccc2)cc1)cc1,,,,,,,,
C[C@@H](C(=O)Nc1cc(cc1O)NC(=O)[C@@H]2CCO2)c3cccc(c3)Cl,,,,,,,,
Cc1cccc(c1)NC(=O)CSc2nnc(s2)c3ccc(cc3)Cl,4.897720000000002,4.897720000000002,,,,,,
CCCc1ccccc1C(=O)Nc2c(nnc2CCC(=O)Nc3ccccc3OC)C,,,,,,,,
CCC(=O)CNc1cccc(c1)OCc2ccc(cc2)NC(=O)c3ccc(cc3)Cl,5.562300000000005,5.562300000000005,,,,,,
*CCSCCCCCCCO*,,,2.682300000000001,2.682300000000001,3.7265000000000024,3.7265000000000024,2.1519999999999997,2.1519999999999997
*CCOCCOCCOCCOCCOCCOC(=O)c1ccc(S(=O)(=O)CCCCC(C)(C)c2ccc(C(=O)O*)cc2)cc1,,,3.231600000000003,3.231600000000003,5.044800000000005,5.044800000000005,3.4703000000000026,3.4703000000000026
c1ccc(cc1)C(=O)Nc2ccc(cc2)C(F)(F)F)F,,,,,,,,
*O[Si](*)(C)CCCCCCCCCOC(=O)OCCOCCOC(=O)COCCCCOC(COC(C)OCCOC)c1ccc(-c2ccc(/N=N/c3ccc(C#N)(C)cc3)ccc2)cc1,,,,,,,,
*CCCCCCCCCOc1ccc(C=*)cc1,,,,,5.849100000000005,5.849100000000005,3.600900000000003,3.600900000000003
c1ccc(cc1)OCC(=O)N/N=C(/c2ccco2)/S(=O)(=O)c3ccccc3,3.394400000000002,3.394400000000002,,,,,,
*CCCCOC(=O)NCCCC(CCC)CCCCCCCCCO*,,,5.822300000000007,5.822300000000007,6.866500000000008,6.866500000000008,5.292000000000005,5.292000000000005
C[n+]1c(cc(c1OCc2ccc3cccc3sc2N)C(=O)C)[C@@H](N4CCCC4)C,,,,,,,,
C[C@@H](C(=O)O[C@H]1ccccc1)c2nnnc2[S-],,,,,,,,
Cc1cccc(c1)C[NH2+]Cc2c(nno2)C,0.9500399999999994,1.97624,,,,,,
*CCCCOc1cc(C=S)cc(OCCCCCCCCCCCOc2ccc(C(=O)O*)cc2)cc1,,,,,,,,
CC(=O)N1CCN(CC1)S(=O)(=O)C,-3.7240999999999964,-0.8898999999999995,,,,,,
*Oc1ccc(Oc2ccc(/N=N/c3ccc(OCCP(*)(C)C)cc3C)cc2cc12)C(C)C=O,,,,,,,,
*CCC(OC(C)C#N)(CC)C(=O)O*,,,0.22377999999999987,0.22377999999999987,2.03698,2.03698,0.46248,0.46248
*CCCCCCCCOC(=O)CCCC(=O)N*,,,2.5457,2.5457,3.1965000000000012,3.1965000000000012,1.5381999999999998,1.5381999999999998
COc1ccccc1C(=O)N2CCN(CC2)C(=O)c3ccc(cc3)Cl,0.11260000000000181,2.9468000000000014,,,,,,
*OP(=O)(Oc1ccc(C(*)(C)C)cc1)(C)c1ccccc1,,,,,,,,
C[C@@]1(CCC[NH+]1CC=C)OC(=O)c2cc(ccc2OC)OC,1.4414999999999998,2.858600000000001,,,,,,
CC(C)C(=O)[C@@H](C)N(C)C(=S)n1nc(c(n1)C)c2ccc(c(c2)Cl)Cl,2.821620000000001,4.238720000000003,,,,,,
Cc1cc(n(n1)C(=O)c2c3ccccc3oc2=O)O,,,,,,,,
*CCCCCCCOc1ccc(/C=C/c2ccc(O*)cc2)cc1,,,5.279800000000005,5.911800000000007,6.604900000000008,6.604900000000008,5.030400000000004,5.030400000000004
Cc1c(nnn1c2ccc(c(c2)C)C,,,,,,,,
C[C@H](C(=O)Nc1ccc(c(c1)C)OC)O,1.3229199999999999,1.3229199999999999,,,,,,
*Oc1cccc(/C=C/CC(=O)c2ccc(/N=N/c3cc(OCCCCCCCCCCCCCCOC(*)=O)cc3)cc2)c1,,,,,,,,
CCOC(=O)Nc1cccc2c1nn(c2SCC(=O)NNc3ccc(cc3OC)OC)C,4.178400000000002,4.178400000000002,,,,,,
c1cc(ccc1C(=O)Nc2ccc(cc2[N+](=O)[O-])O)/SC,2.6426000000000007,3.2746000000000013,,,,,,
*CCCCCCCCCOC(=O)c1ccc(C(=O)Nc2ccc(*)cc2)cc1,,,5.846300000000006,5.846300000000006,6.544820000000007,6.544820000000007,3.892300000000003,4.524300000000005
CCOc1cc(ccc1)NC(=S)NC(=O)c2ccccc2,3.2121000000000013,3.2121000000000013,,,,,,
*CC(*)C(=O)NCCCSCCSCCOC(=O)OCOC(=O)c1cccc1,,,,,,,,
*CCCCCSCCCCCCCCCCCCCCOC(=O)OCCOCCOC(=O)c1ccc(C(=O)O*)cc1,,,6.981300000000008,6.981300000000008,8.794500000000005,8.794500000000005,7.220000000000009,7.220000000000009
c1ccc(cc1)N/C=C/2\C(=[NH2+])N(C(=N2)c3cccc(c3)F)N,-2.2636999999999965,-1.0466999999999984,,,,,,
CC1=C([C@@H](N[C@H](C(=O)[O-])OC)C(=O)[O-])C,,,,,,,,
CCC(=O)n1cc(sn1)/N=C/c2c(c(c(s2)C)OC)OC,,,,,,,,
*CC(*)(CCOC([2H])(F)F,,,,,,,,
c1cc(ccc1NC(=O)Oc2cc(ccc2OC(F)(F)F)C#N)Br,4.830280000000002,4.830280000000002,,,,,,
CCCC(=O)Nc1c(c(s1)NC(=O)c2ccccc2)C(=O)OC,,,,,,,,
COc1cc(ccc1OC)/C=C/2\C(=O)N(C(=S)S2)NC(=O)c3cc(cc3OC)O,,,,,,,,
CC1=N[C@H]([C@H](C1=S)c2cccc(c2)[N+](=O)[O-])c4c(cc3OC)OCO4,,,,,,,,
*Oc1ccc(OC(=O)c2ccc(C(COC(=O)Nc3ccc(C(*)=O)cc3)cc2)cc1,,,,,,,,
c1cc2c(c(c1)[nH]c(s2)[N+](=O)[O-])N=,,,,,,,,
*O[Si](C)(C)C[SH](*)(C)c1ccc(C(C)C)cc1,,,3.2688000000000024,3.2688000000000024,4.356100000000004,4.356100000000004,4.042500000000002,4.042500000000002
*Oc1ccc(/C(C)=C/c2cccc(-c3ccc(N4C(=O)c5ccc(*)c(C)c5C4=O)cc3)cc2)c1,,,,,,,,
*Oc1ccc(C(C)(C)c2ccc(Oc3ccc(C(=O)Cc4ccc(NC(=O)c5cc(OC/C=C/c6cc(*)cc6)ccc5)cc4)cc3)cc2)cc1,,,,,,,,
c1cc(cc(c1)/C=C/c2ccc(cc2NC(=O)CC)F)Cl,4.998000000000003,4.998000000000003,,,,,,
C[C@@H](c1cc(c(c1)NC(=O)CBr)/N=C/c2ccccc2Br,,,,,,,,
C[C@@H](C(=O)Nc1ccccc1F)OCc2ccccc2C,3.677920000000002,3.677920000000002,,,,,,
*CC(*)(C)C(=O)OCCCCCCCCCCCCCCCCCOc1ccc(/N=N/c2ccc(OC)c2)cc1,,,,,,,,
Cc1cc(=O)[nH]c1NC(=O)[C@H](C(=O)N2C(=O)CCC2)c3ccccc3[N+](=O)[O-],,,,,,,,
CN1C(=O)/C(=C\2\C(=O)Nc3c2ccccc3)/C(=C(/N#N)OC)/SC2=O,,,,,,,,
*CCCCCCCCCCOC(=O)CCCCCCCCNC(=O)O*,,,3.3077000000000005,4.3339000000000025,6.147100000000006,6.147100000000006,3.5464000000000024,4.572600000000005
Cc1ccc(cc1)NC(=O)c2ccc(cc2)C[C@@H]3CCC3=C(=O)[O-],,,,,,,,
*[PH](*)(CC(C)CC(C)(C)C)C(=O)O[Na],,,2.4219,2.4219,3.288300000000002,3.288300000000002,1.8433000000000006,1.8433000000000006
*Sc1ccccc1C(=O)OCc1ccc(Oc2ccc(C(=O)CCCCCCCCCCCCCCCCCCCCCCC(*)=O)cc2)cc1,,,12.70549999999998,13.088399999999975,13.91169999999997,13.91169999999997,11.915799999999987,11.915799999999987
c1cc(sc1)C(=O)Nc2ccc(cc2)c3cnnc(n3)SCC(F)(F)F,4.506800000000002,4.506800000000002,,,,,,
*CCCCCCCCCNCSCCCCSCCCCNNC(=O)Cc1ccccc1Cc1cccc1O*,,,,,,,,
*Oc1ccc(C2C(*)C(F)(F)C(F)(F)F)cc1O,,,,,,,,
Cn1c2c(ncnc2nc1SCC(=O)[O-])c3ccc(cc3)C(=O)NCc4cccc4,,,,,,,,
Cc1ccc(cc1=S)NC(=S)NC(=O)c2ccc(cc2)OC,,,,,,,,
*Oc1ccc(S(=O)(=O)CCCCCCC(=O)OCCCCOc2cc(-c3ccc(C(*)=O)cc3)cc2)cc1O,,,,,,,,
COc1ccccc1[N+](=O)[O-],1.6033999999999997,1.6033999999999997,,,,,,
*c1ccc(-c2ccc(-c3ccc(N=*)cc3)cc2SC)cc1,,,,,6.383020000000005,6.383020000000005,5.214000000000005,5.846000000000005
c1cc(ccc1NC(=O)Nc2ccccc2Br)C(=O)Nc3ccc(cc3)I,5.950000000000003,5.950000000000003,,,,,,
c1ccc(c(c1)C(=O)Nc2cccs2)SS(=O)(=O)CC(C)(C)C,4.4684000000000035,4.4684000000000035,,,,,,
COc1ccc(cc1)OCCC(=O)NC2CN(CC2)C(=O)c3cccs3,1.1394000000000002,2.5565000000000007,,,,,,
*CC(C(*)(C)C(=O)OC(F)(F)C(F)(F)C(F)(F)F,,,,,,,,
CCOc1ccccc1N(CCc2ccc(cc2)[N+](=O)[O-])C(=O)Nc3ccco3,3.577700000000002,4.867700000000005,,,,,,
*O[Si](C)(CCCCCCCCCCCC)C(*)C,,,5.494800000000007,5.494800000000007,6.539000000000007,6.539000000000007,4.892200000000005,4.892200000000005
CC(=O)COc1ccc(cc1)NC(=O)Cn2c(ns2)c3cccc3,,,,,,,,
*CCCCSC(=C)c1ccc(CNC(=O)CCCCCCNC(=O)CCc2cc(CCCCCOc3ccc(-c4cc(-c5ccc(*)cc5)cc4)cc3)cc2)cc1,,,,,,,,
c1ccc2c(c1)cc(ccc2C(=O)NC(=O)NNN3C(=O)c4ccc(c4)F)c5ccc(c5)OC(=O)c5ccccc5C(=O)[O-],,,,,,,,
CC(Cl)(O*)C(=O)Nc1c(ccc1[N+](=O)[O-])NC(F)(F)F,,,,,,,,
*CCCCCC(C)CC(*)(C)C,,,4.2489000000000035,4.2489000000000035,5.029100000000005,5.029100000000005,2.3362000000000003,2.3362000000000003
*c1cnc(Sc2ccc(-n3c4cc(C(=O)c5ccc(C(C)(C)c6ccc(*)co5)cc4)cc3)cc2)c(C)c1,,,,,,,,
*/C=C/c1ccc(OC(C)CCC)cc1C(=O)OCCCOC(*)=O,,,3.616900000000002,3.616900000000002,4.397100000000004,4.397100000000004,2.6895000000000007,2.6895000000000007
*Oc1ccc(/C(=C/c2cccs2)c2ccc(OC(=O)NCCCCCCCNC(*)=O)cc2)cc1,,,5.1955000000000044,5.827500000000006,6.520600000000006,6.520600000000006,4.134400000000002,5.160600000000003
*Oc1ccc(C(=O)c2ccc(OCC)c(C(*)=S)cc2)cc1[Si](C)(C)C,,,,,,,,
*c1ccc(-c2ccc(NC(=O)c3ccc(Oc4ccc(C(=O)c5ccc(C(*)=O)cc5)cc4)cc3)cc2)cc1,,,7.441700000000006,7.441700000000006,8.140220000000006,8.140220000000006,5.066300000000004,5.698300000000005
CCOc1ccc(cc1OCCO(=O)CCC(=O)c2cccc(c2)OC)OC,,,,,,,,
CC(C)(C)C(=O)Nc1nc(o1)[C@@H]2CC[NH+](CC2)C(=O)c3ccc(cc3)F,,,,,,,,
*Oc1ccc(-c2ccc(OC(=O)c3ccc(C(=O)Oc4cccc(O*)cc4)cc3)cc2C)c(Cl)c1,,,,,,,,
c1ccc(c(c1)c2c(ccc(c2)F)Cl)O,3.2197000000000013,3.851700000000002,,,,,,
*CC(*)(CC(CC)=O)C(C)C,,,2.6477000000000013,2.6477000000000013,3.427900000000002,3.427900000000002,0.735,0.735
c1ccc(cc1)[C@@H]2C(=O)N[C@H](C2=O)CCCC2,,,,,,,,
*/C=C/CC/C=C/C(=C)O*,,,2.5805000000000007,2.5805000000000007,3.059000000000001,3.059000000000001,2.3977999999999997,2.3977999999999997
*Oc1ccc(Oc2ccc(C(=O)c3ccc(OCCCCCOC(=O)COc4ccc(C(*)=O)c(OCCCSCCCCCCC)cc4C)cc3)cc2)cc1,,,,,,,,
*CC(*)(C)CC(=O)OCCCOCCCOCCCOC(=O)CC(C)(C)C,,,3.758600000000002,3.758600000000002,4.538800000000005,4.538800000000005,1.8458999999999999,1.8458999999999999
**CC=CCCCCCCCCOc1ccc(-c2cc(-c3ccc(COc4ccN=*)cc4)cc3)cc2)cc1,,,,,,,,
C[C@@H]1CCc2c3c(sc2c(n2)C)C1(=O)NCc4cncn4,,,,,,,,
*/C=C/c1cc(OCC(=O)CC)c(*)s1,,,2.7490000000000014,2.7490000000000014,3.4475200000000026,3.4475200000000026,1.7083,2.3403000000000005
Cc1cc(n[nH]1)CC(=O)NN(C)C(=O)c2ccc(cc2OC)Cl,2.13922,2.5101199999999997,,,,,,
Cn1nc(nc1SC)SCC(=O)Nc2ccccc2C(F)(F)F,3.286600000000001,3.286600000000001,,,,,,
*Nc1ccccc1C(=O)NCNC(=O)c1ccc(OP(=O)(CCCCCCC(*)=O)cc1,,,,,,,,
COc1ccc(cc1)NC(=O)c2ccc(cc2)NC(=O)C,2.905900000000001,2.905900000000001,,,,,,
*O[Si](*)(CC)[Si](C)(C)CC,,,1.5291,1.5291,3.0347000000000017,3.0347000000000017,1.7370999999999999,1.7370999999999999
*c1ccc(C(C)(C)c2ccc([Si](*)(C)c3ccccc3)cc2)cc1,,,3.9836000000000036,3.9836000000000036,5.143520000000005,5.143520000000005,2.767900000000001,3.3999000000000015
Cc1cc2ccc3c(=O)n(c2nn1)[C@H](c4ccccc4N2c5ccccc5)C,,,,,,,,
*CCOCCOC(=O)CCCCCOC(=O)c1ccc(O*)cc1,,,2.0571,2.6891000000000007,3.3822000000000028,3.3822000000000028,1.8077,1.8077
*c1ccc(OCCCOc2ccc(OC(*)=O)cc2OOCC)cc1C,,,3.708420000000003,3.708420000000003,4.406940000000004,4.406940000000004,1.96892,2.6009200000000003
c1ccc2c(c1)cc(s2)CNC(=O)[C@H]3CCCO3,2.6965000000000003,2.6965000000000003,,,,,,
Cc1nc(n2c1c(=O)c3cc2ccc(c3)OC)c4cccs4,,,,,,,,
*N=P(*)(OCCc1cccc1)Oc1ccccc1,,,,,,,,
CC1=CC[C@H](N=C([C@@]1(C#N1)c2ccc(cc2)C(=O)OC)O)O,,,,,,,,
*CCCCCCCCCCCCCCCCCNC(=O)CCOCCNC(=O)CC/C=C/CC(=O)N*,,,5.708700000000004,5.708700000000004,6.359500000000005,6.359500000000005,4.701200000000004,4.701200000000004
Cc1ccc(c(c1)OC[C@@H](C)C)S(=O)(=O)Nc2ccccc2,3.8306200000000032,4.423920000000003,,,,,,
*CC(*)(C)C(C#N)C(=O)OCCCCCCCCCC(C)C,,,5.102180000000005,5.102180000000005,5.882380000000007,5.882380000000007,3.189480000000002,3.189480000000002
c1cc(c(cS(=O)(=O)N)Cl)C(=O)Nc2cc(cc2)[N+](=O)[O-],,,,,,,,
*C(=O)c1ccc(/N=N/c2ccc(C(*)=O)cc2)cc1,,,3.727000000000002,3.727000000000002,4.507200000000004,4.507200000000004,0.8289999999999998,0.8289999999999998
*OC(C)[Se](C)C(C)(C)CN(*)c1ccc(/C=C/c2ccc([N+](=O)[O-])c(Br)c2OCCCC)cc1,,,6.943300000000007,6.943300000000007,7.621700000000008,7.621700000000008,5.934300000000006,7.224300000000007
c1cc(cc(c1)/C=C/2\C(=O)N(C(=S)N2)c3ccc(cc3)F)F,2.2008,3.227000000000001,,,,,,
c1cc2c(cc1ccn2c3ncccc3[N+](=O)[O-])C#N,1.6938799999999998,2.983880000000001,,,,,,
*CCNC(=O)c1ccc(*)cc1OCCCCCCCCCCC,,,5.345900000000005,5.345900000000005,6.044420000000006,6.044420000000006,3.391900000000002,4.023900000000004
*CC(OC(*)C(=O)Oc1ccc(C(Cl)=O)c(Cl)c(Cl)c1,,,,,,,,
*Oc1ccc(S(=O)(=O)c2ccc(C(*)=S)cc2)cc1-c1ccccc1,,,3.607800000000002,4.239800000000003,4.9329000000000045,4.9329000000000045,3.0740000000000016,3.0740000000000016
c1ccc(cc1)NC(=O)C[C@@H]2CC[NH+](CC2)C#N,0.7911799999999993,2.2082800000000002,,,,,,
c1cc(oc1)c2nnc(n2N)C3CCCCC3,2.2996,2.2996,,,,,,
Cc1c(cnc(n1)SC)[C@H](C)C(=S)NCCc2ccccc2C,3.052340000000002,4.078540000000003,,,,,,
CCc1cc(ccc1)S(=O)(=O)CCl,2.2190000000000003,2.2190000000000003,,,,,,
CCC(=O)Nc1noc2c1ccc(c2F)c3ccccc3,3.982400000000002,3.982400000000002,,,,,,
c1ccc(cc1)CC(=O)N/N=C/c2cc(cc2)Br,,,,,,,,
*Oc1ccccc1C(O)CCC(CCCCCCCCCCCCCCCCCCCCCC(*)=OCC(C)(C)C(C)CC)c1,,,,,,,,
Cc1c2ccoc2c1c3cccc(=O)n(c3nc2=O)[N+](=O)[O-],,,,,,,,
Cc1cc(=O)n(cs1)CCC(=O)Nc2nnnn2CCCc3nc4c(nc4ccc4s3)C,,,,,,,,
*CCCOC(=O)C(CCSCCCOC(=O)c1ccc(C(=O)O*)c1cccc1,,,,,,,,
*Oc1ccc(/C(=O)c2ccc(C(=O)Oc3ccc(Oc4ccc(CC(F)(F)F)C(F)(F)C(F)(F)C(F)(F)C(F)c5ccc(*)c5)cc4C(F)(F)F)c(F)cc3)cc2)cc1,,,,,,,,
COC(=O)c1ccc(cc1)C(=O)Nc2ccc(cc2Br)Br,4.2505000000000015,4.2505000000000015,,,,,,
*Oc1ccc(/C=C/C/C=N/c2ccc(-c3ccc(OC(=O)CCOc4ccc(C(=O)Oc5ccc(-c6cc(C(Br)=O*)cc6)cc5)cc4)ccc3)cc1O,,,,,,,,
*[C@@H](Cc1cccc1)c1c(*)c1ccccc1C,,,,,,,,
c1cc2c(c3c([nH]1)O[C@H]([C@@H]3C)CNC3=N2)[N+](=O)[O-],,,,,,,,
Cc1cccnc1NC(=O)c2c(c3c(s2)C)c(=O)nc4ccccc4n3=O,2.5986399999999996,2.7072400000000005,,,,,,
c1cc(cc(c1))C(=O)NN2CC(C(C2)C(=O)N)Cc3ccco3,1.9844999999999997,1.9844999999999997,,,,,,
CS(=O)(=O)N[C@H](C)c1ccc(nc1)CO,0.18409999999999976,0.9682000000000002,,,,,,
CCOc1ccccc1NC(=O)[C@H](N)c2ccc(cc2)c3cncnc3,2.4640000000000004,3.1808000000000014,,,,,,
*CCCCCCCOC(=O)CCC(C)CC(=O)Oc1c(C(=O)O*)cc1OC,,,2.397500000000001,2.397500000000001,4.210700000000004,4.210700000000004,2.636200000000001,2.636200000000001
c1cc(ccc1NC(=O)C)Cl,2.2984,2.2984,,,,,,
c1ccc(cc1)c2nc3nccnn3c2[C@H]=C(CN4CCCCO4)C(=O)[O-],-0.4650999999999994,0.9519999999999997,,,,,,
*CCCSCCCCC(C=O)NCCCCCCNC(=O)CCC(=O)O*,,,0.6375000000000026,1.6637000000000006,2.450700000000001,3.4769000000000014,0.8762000000000016,1.9024000000000005
Cn1cnn(c1NC(=O)/N=C/c2ccccc2)C#N,,,,,,,,
*/C=C/C(=O)NCCCCNC(=O)NCCCC*,,,1.1680999999999997,1.1680999999999997,1.9483,1.9483,0.026199999999999835,0.026199999999999835
*CCSCCCCCNC(=O)CCCCCCC(*)=O,,,3.565500000000003,3.565500000000003,4.3457000000000034,4.3457000000000034,1.0888999999999993,1.0888999999999993
C[C@@]1CCc2cccc2C1=C(OC(=O)C3=O)Br,,,,,,,,
c1cc(ccc1C(=O)Nc2cccc(c2)NC(=O)CSCC(=O)NCc3cccc3[N+](=O)[O-])Cl,,,,,,,,
*CC(*)(C)C(=O)OCc1ccc(C(=O)CCCOC(=O)Oc2ccc(/N=N/c3ccc(OC)cc3)cc2)cc1,,,6.988300000000006,6.988300000000006,7.768500000000008,7.768500000000008,5.075600000000006,5.075600000000006
*OC(C(*)=O)CCNC(C)COc1cc(Br)c(CC(C)(C)c2cccc(C(=O)Nc3ccc([N+](=O)[O-])cc3)cc2)cc1,,,,,,,,
c1ccc(cc1)C(=O)OCCOc2ccc(cc2)NC(=O)N,2.413000000000001,2.413000000000001,,,,,,
Cc1ccc(cc1C)C(=O)Nc2c(c(n2)C)C,2.7392400000000015,2.7392400000000015,,,,,,
Cc1ccc(cc1)C(=O)Nc2cc(cn(c2C(F)(F)F)C)C,,,,,,,,
COc1ccc(cc1)N2C(=O)c3ccccc3C2=O,2.495800000000001,2.495800000000001,,,,,,
CCOc1ccccc1NC(=O)c2ccc(cc2)C)C,,,,,,,,
*Oc1cccc(N(CC)C(=O)NC(*)CC)c1,,,0.41609999999999947,2.3381,1.7395999999999994,3.029600000000001,0.5126999999999993,1.8027000000000002
*CCCCCC(=O)NCCNC(=S)NCCCCCNC(=O)/C=C/N*,,,-1.8632999999999944,0.9059000000000021,-1.521899999999994,1.5567000000000009,-3.180199999999996,-0.10159999999999764
Cc1ccc2c(c1)oc(=O)n(n2)CCN(C)/N=C/c3ccc(cc3)Cl,,,,,,,,
Cc1c(cc2cccccc2n1)c3ccc(cc3)[N+](=O)[O-],,,,,,,,
*CC(*)(NC(C)(C)CO[Si](C)(C)COC(=O)c1ccc(C(=O)OCCCCCCCCCCCCOc2ccc(C(=O)OC)cc2)cc(C(C)(C)C)cc2)cc1,,,,,,,,
*/C=C(/*)CC(=O)C1CCCCC1C,,,2.9579000000000013,2.9579000000000013,3.738100000000003,3.738100000000003,2.7293000000000003,2.7293000000000003
*CCCS*,,,1.3262,1.3262,2.1494999999999997,2.1494999999999997,0.575,0.575
*O[Si](C)(C)O[Si](*)(C)CCC,,,1.4606999999999999,1.4606999999999999,2.9663000000000013,2.9663000000000013,1.6686999999999999,1.6686999999999999
CCc1cc(sc1C#N)C(=O)Nc2cccc(c2OC)OC,3.4516800000000023,3.4516800000000023,,,,,,
*CCCCCCCOC(=O)CCCCCCCCCCCCCO*,,,6.173500000000008,6.173500000000008,7.217700000000009,7.217700000000009,5.643200000000006,5.643200000000006
CCOC(=O)c1ccc(cc1)Cl,2.516700000000001,2.516700000000001,,,,,,
*CC(*)C(=O)OC(F)(F)C(F)(F)C(F)(F)C(F)(F)C(F)(F)C(F)(F)C(F)(F)C(F)(F)C(F)(F)C(F)(F)C(F)(F)C(F)(F)(F)c1Br,,,,,,,,
*Oc1ccc(S(=O)(=O)c2ccc(C(*)=O)cc2)cc1C,,,1.71392,2.345920000000001,3.0390200000000016,3.0390200000000016,1.04312,1.04312
c1ccc(cc1)CN2C(=O)[C@H]3CN(CC3)C(=O)OC4CCCC5,,,,,,,,
*CCCCCCCCOC(=C(C#C[N+](C)(C)C)c1ccc(C#N)cc1)c1cc(SCCCCCO*)c(=O)c1,,,6.602380000000008,6.602380000000008,7.646580000000009,7.646580000000009,6.072080000000007,6.072080000000007
Cc1ccccc1C(=O)CC(=O)N/N=C/c2cccc(o2)C(F)(F)F,,,,,,,,
COc1ccc2c(c1)c(c(=O)n(c2=O)c3ccccc3)C=C,,,,,,,,
Cn1c(nnn1C)SNC(=O)c2ccc(c(c2)OC)OC,,,,,,,,
*Nc1ccc(CNC(=O)CC)c(C(*)OCCOCC)cc1,,,,,,,,
Cc1cc(c(o1)c2ccccc2SC(=O)NC(C)C)C,4.773540000000003,4.773540000000003,,,,,,
Cc1ccc(cc1NC(=O)c2ccco2)S(=O)(=O)N3CCCCC3,1.5978199999999994,3.014920000000001,,,,,,
CCOc1ccccc1NC(=S)Nc2ccccc2Cl,4.547600000000003,4.547600000000003,,,,,,
Cc1ccc(cc1Br)CNC(=O)C=C2NNC2=S,-0.3595799999999995,1.6928199999999998,,,,,,
Cc1ccc(cc1NC(=O)c2c(nncn2C)CN3CCOCC3)C(=O)O[C@@H]4CC5CCCO5,,,,,,,,
*Oc1ccc(C(=O)c2ccc(C(*)=O)cc2)c(C)c1,,,2.11212,2.7441200000000014,3.4372200000000017,3.4372200000000017,1.44132,1.44132
C[C@H](C)(C)S(=O)(=O)Nc1cc(c(cc1)C(F)(F)F)Cl)Br,,,,,,,,
CCOC(=O)Cc1ccc(cc1c2ccc(cc2)OC)/c3nnncc4,,,,,,,,
*CCCCCCC(=O)OCCOCCOC(=O)/c1ccc(ON=C(\C)CCCOC(=O)c2ccc(C(=O)O*)cc2)cc1,,,4.129000000000003,4.129000000000003,5.942200000000007,5.942200000000007,4.3677000000000055,4.3677000000000055
*SCCCCCSS(=O)(=O)OCCCCCCCOCCOCCCOc1ccc(*)c1,,,,,,,,
*Nc1ccc(NC(=O)c2ccc(NC(=O)Cc3ccc(C(*)=O)cc3)cc2OCCCCCCCCCCCCC)c(C(C)C)c1,,,9.328000000000003,9.328000000000003,10.177599999999998,10.177599999999998,8.097900000000008,8.097900000000008
*CCCCCCCC(OC(=O)OCCCCCCCOC(*)=O)C(=O)Oc1cccc1[N+](=O)[O-],,,,,,,,
*/N=C/c1cc(Oc2ccc(S(=O)(=O)c3ccc(*)cc3)cc2C(=O)O[Na])cc1,,,,,,,,
*CCCCCCCCCCCO*,,,3.5095000000000023,3.5095000000000023,4.553700000000004,4.553700000000004,2.9792000000000014,2.9792000000000014
c1cco2c1)cc(nc2C(=O)NCC=C(C#N)Sc3nnn3C,,,,,,,,
Cc1ccc(n1C(=O)Nc2ccccc2)/C=N/NC(=O)C,3.1308200000000017,3.1308200000000017,,,,,,
CC/C=N/1=CC(C(=C/c2cc(cc2F)F)\OC1=O)C,,,,,,,,
Cc1ccc(o1)C(=O)NC2CCCC[C@@H]2C(=O)[O-],0.6265199999999997,0.6265199999999997,,,,,,
COC(=O)c1nnc(s1)Cc2c(ccc(c2)Cl)OC,2.5775000000000006,2.5775000000000006,,,,,,
c1ccc(c(c1)NC(=O)N/N=C/c2ccc3c(c2)OCO3)Cl,4.008400000000002,4.008400000000002,,,,,,
*Oc1cccc(C(C)(C)c2ccc(Oc3ccc(-c4ccc(Oc5cc(C(=O)c7cccc(S(*)(=O)=O)cc5)cc4)cc3)cc2)c1,,,,,,,,
Cc1ccc2c(c1)nc(o2)C(=O)OC,1.92282,1.92282,,,,,,
c1c(c(cc(c1)Cl)O)/C=N/NC(=O)CSCCc2nn[nH]c2SC,2.0927999999999995,3.095700000000002,,,,,,
c1cc(ccc1CNC(=O)[C@H]2CCCC2)C(=O)N3CCCCC3,1.7019999999999993,3.1191000000000013,,,,,,
Cc1c(c(=O)c2c(n1CCCC2)C,,,,,,,,
c1cc2ccccc2s1,2.901300000000001,2.901300000000001,,,,,,
COc1ccccc1SCC(=O)N/N=C(\C#N)\c2ccc(cc2)C#N)/N,,,,,,,,
*OC(=O)c1c(O)cc(C(=O)c2ccc(C(OCC(C)(C)C)c(C(*)=O)cc2)cc1OC(=O)c1ccccc1,,,,,,,,
c1cc(c(cc1Cl)(C(F)(F)F)NC(=O)c2cc(cs2)C(F)(F)F,,,,,,,,
c1ccc(cc1)[C@H]2CC(=C(N2C(=O)C[NH+]3CCOc4cccc4)c4ccccc4)C(F)(F)F,,,,,,,,
