polymer_idx,feature,shap_value
1,fingerprint_H_bit_12,13.087722864682487
1,fingerprint_H_bit_177,9.280087585791577
1,poly_slogp_vsa1_sum_backbonefeaturizer,3.239817450944701
1,poly_fp_density_morgan1_sum_backbonefeaturizer,2.547823439300763
1,poly_sp2_carbon_count_sidechainfeaturizer_sum,2.4178849343695203
1,poly_balaban_j_index_sidechainfeaturizer_sum,2.2840845802321934
1,logd_at_WATER_PH_H,2.282845714489281
1,homo_eV_H,1.9427657656951023
1,poly_num_aromatic_rings_sum_backbonefeaturizer,1.8338421421995748
1,poly_num_hbond_donors_sum_backbonefeaturizer,1.8058735459358675
1,fingerprint_H_bit_119,1.781592283085456
1,fingerprint_H_bit_183,1.7250428233766448
1,fingerprint_H_bit_64,1.7192679352870133
1,poly_fp_density_morgan1_sidechainfeaturizer_sum,1.7101931863757969
1,fingerprint_H_bit_147,1.7096114491350263
1,fingerprint_H_bit_33,1.6155469604674475
1,fingerprint_H_bit_53,1.5942834260066667
1,poly_num_hbond_acceptors_sum_backbonefeaturizer,1.5633123363884802
1,fingerprint_H_bit_100,1.5397390069880312
1,poly_molecular_weight_sum_backbonefeaturizer,1.5389401886093173
1,poly_num_rings_sum_backbonefeaturizer,1.419893012203286
1,fingerprint_H_bit_214,1.3666121495108572
1,fingerprint_H_bit_85,1.2612854377995026
1,poly_max_ring_size_sidechainfeaturizer_sum,1.2337380312324595
1,poly_max_estate_index_sidechainfeaturizer_sum,1.2143724411404562
1,fingerprint_H_bit_113,1.2133768912351255
1,poly_heteroatom_density_sidechainfeaturizer_sum,1.1875555416818584
1,fingerprint_H_bit_120,1.141971362438262
1,fingerprint_H_bit_197,1.1264322140592575
1,poly_num_aromatic_rings_sidechainfeaturizer_sum,1.1217550672402399
1,fingerprint_H_bit_155,1.0629137771138428
1,poly_molecular_weight_sidechainfeaturizer_sum,1.0602263176526168
1,poly_num_atoms_sidechainfeaturizer_sum,1.0472849502280683
1,fingerprint_H_bit_167,1.0435054172008889
1,poly_num_rotatable_bonds_sum_backbonefeaturizer,0.9585242958228096
1,fingerprint_H_bit_48,0.9536089764761545
1,fingerprint_H_bit_175,0.9390609399955586
1,fingerprint_H_bit_80,0.9203362351625433
1,fingerprint_H_bit_236,0.9171881654223882
1,fingerprint_H_bit_41,0.8783975116919923
1,poly_topological_surface_area_sum_backbonefeaturizer,0.8440368040548679
1,fingerprint_H_bit_56,0.7986369665343531
1,fingerprint_H_bit_45,0.7972678961578572
1,poly_single_bonds_sum_backbonefeaturizer,0.794749022019056
1,poly_sp2_carbon_count_sum_backbonefeaturizer,0.790946727207226
1,fingerprint_H_bit_213,0.7837075473158661
1,poly_num_aromatic_rings_sum_fullpolymerfeaturizer,0.7752108863860862
1,fingerprint_H_bit_133,0.7717118632036781
1,fingerprint_H_bit_69,0.7707788892453861
1,drug_fingerprint_bit_201,0.7700975552329906
1,fingerprint_H_bit_78,0.7642786111995484
1,fingerprint_H_bit_28,0.7475294035718137
1,fingerprint_H_bit_84,0.7367930459379534
1,drug_fingerprint_bit_110,0.7273998246670556
1,fingerprint_H_bit_182,0.7116551516183698
1,fingerprint_H_bit_81,0.7077685697311988
1,fingerprint_H_bit_245,0.6825249540572609
1,fingerprint_H_bit_159,0.667976287474198
1,fingerprint_H_bit_237,0.6673974794726517
1,poly_heteroatom_count_sum_backbonefeaturizer,0.6526758521227242
1,poly_smr_vsa5_sum_fullpolymerfeaturizer,0.6466788858751116
1,fingerprint_H_bit_58,0.6461472675089263
1,poly_topological_surface_area_sidechainfeaturizer_sum,0.6276213408882642
1,fingerprint_H_bit_217,0.6166662155504353
1,poly_num_atoms_sum_backbonefeaturizer,0.607801154551615
1,drug_num_hbond_acceptors_sum_fullmolecularfeaturizer,0.5961482797542546
1,fingerprint_H_bit_139,0.5776599476009512
1,poly_num_rotatable_bonds_sidechainfeaturizer_sum,0.5635032188217255
1,fingerprint_H_bit_222,0.5604432153592551
1,fingerprint_H_bit_1,0.5518314339074791
1,poly_smr_vsa5_sidechainfeaturizer_sum,0.5482971289295169
1,poly_num_rings_sidechainfeaturizer_sum,0.5419149283808397
1,fingerprint_H_bit_232,0.5405783058787932
1,poly_num_hbond_donors_sum_fullpolymerfeaturizer,0.5402115348137048
1,drug_balaban_j_index_sum_fullmolecularfeaturizer,0.5362457168494713
1,drug_fingerprint_bit_206,0.5281060551882226
1,poly_max_ring_size_sum_backbonefeaturizer,0.5115537479869943
1,drug_fingerprint_bit_167,0.5077116405087307
1,poly_heteroatom_count_sidechainfeaturizer_sum,0.5073784658918605
1,drug_num_aromatic_rings_sum_fullmolecularfeaturizer,0.49918541048711657
1,poly_smr_vsa5_sum_backbonefeaturizer,0.474514899451508
1,poly_sp3_carbon_count_sidechainfeaturizer_sum,0.4661259428868649
1,lumo_eV_H,0.4642426664038262
1,poly_max_ring_size_sum_fullpolymerfeaturizer,0.4584774619182726
1,drug_num_hbond_donors_sum_fullmolecularfeaturizer,0.4338721441384997
1,drug_bridging_rings_count_sum_fullmolecularfeaturizer,0.42277417696881275
1,drug_fingerprint_bit_177,0.4207061292397963
1,drug_fingerprint_bit_128,0.4205769793633662
1,drug_fingerprint_bit_165,0.40477562729191296
1,drug_num_rotatable_bonds_sum_fullmolecularfeaturizer,0.40448649321527635
1,drug_fingerprint_bit_184,0.4042792528465486
1,drug_fingerprint_bit_120,0.3962730801470368
1,drug_num_rings_sum_fullmolecularfeaturizer,0.3922890898680668
1,drug_fingerprint_bit_250,0.3862899153134677
1,drug_fingerprint_bit_226,0.37798630161309005
1,fingerprint_H_bit_251,0.3741571315712856
1,fingerprint_H_bit_118,0.37258408137552834
1,fingerprint_H_bit_128,0.36330571027224234
1,poly_num_hbond_donors_sidechainfeaturizer_sum,0.3626014466393404
1,drug_topological_surface_area_sum_fullmolecularfeaturizer,0.36258857274905426
1,drug_fingerprint_bit_125,0.36135461615162645
1,fingerprint_H_bit_27,0.3514128820747001
1,poly_sp2_carbon_count_sum_fullpolymerfeaturizer,0.33546449516531857
1,poly_sp3_carbon_count_sum_fullpolymerfeaturizer,0.3326731109056844
1,poly_double_bonds_sidechainfeaturizer_sum,0.33244137882423735
1,drug_fingerprint_bit_33,0.3285678498393885
1,drug_fingerprint_bit_49,0.3189939957766959
1,drug_homo_eV,0.31843255893126887
1,drug_logp,0.31663346149162935
1,poly_sp3_carbon_count_sum_backbonefeaturizer,0.31491929794333934
1,drug_fingerprint_bit_39,0.3111380321987057
1,drug_fingerprint_bit_253,0.31102217296451373
1,drug_fingerprint_bit_160,0.30825232009333636
1,poly_num_rotatable_bonds_sum_fullpolymerfeaturizer,0.29916935373401543
1,drug_fingerprint_bit_246,0.2873733305801828
1,fingerprint_H_bit_204,0.28593855615861014
1,drug_fingerprint_bit_71,0.2844613235631402
1,drug_fingerprint_bit_63,0.28310193606568324
1,drug_slogp_vsa1_sum_fullmolecularfeaturizer,0.28060608118350955
1,drug_fingerprint_bit_24,0.2786079656319718
1,drug_fingerprint_bit_115,0.27607598036093234
1,drug_fingerprint_bit_22,0.274574112819752
1,drug_fingerprint_bit_99,0.2730381032453601
1,drug_fingerprint_bit_237,0.2719644705436314
1,drug_fingerprint_bit_142,0.2705636006586215
1,poly_double_bonds_sum_backbonefeaturizer,0.2673301308784412
1,drug_fingerprint_bit_130,0.2618262621258517
1,drug_fingerprint_bit_45,0.26094953494438305
1,drug_fingerprint_bit_36,0.2609468807757476
1,poly_slogp_vsa1_sum_fullpolymerfeaturizer,0.26088067811442855
1,fingerprint_H_bit_37,0.2548940230806767
1,drug_fingerprint_bit_15,0.24776937407268132
1,drug_fingerprint_bit_151,0.24506163714110635
1,drug_fingerprint_bit_164,0.24346433697919156
1,drug_fingerprint_bit_247,0.2412991926686668
1,fingerprint_H_bit_70,0.2375474652273181
1,drug_heteroatom_count_sum_fullmolecularfeaturizer,0.23168307116391793
1,drug_fingerprint_bit_180,0.2241033152941118
1,fingerprint_H_bit_151,0.2211822533112247
1,drug_fingerprint_bit_73,0.21905731257520275
1,drug_fingerprint_bit_4,0.2151598819640046
1,drug_fingerprint_bit_218,0.2142058494066815
1,drug_fingerprint_bit_139,0.21201332837266632
1,fingerprint_H_bit_226,0.20970584692611635
1,drug_fingerprint_bit_42,0.20918809167685812
1,drug_fluorine_count_sum_fullmolecularfeaturizer,0.20362230266078077
1,drug_fingerprint_bit_202,0.201530877511347
1,drug_heteroatom_density_sum_fullmolecularfeaturizer,0.1971469630203348
1,drug_fingerprint_bit_50,0.19560820106189705
1,fingerprint_H_bit_227,0.19256754232078244
1,fingerprint_H_bit_52,0.18921461371252354
1,drug_fingerprint_bit_146,0.18832886589158818
1,drug_fingerprint_bit_122,0.1824703180073908
1,drug_fingerprint_bit_137,0.1806667105951714
1,poly_heteroatom_density_sum_fullpolymerfeaturizer,0.18025182839223275
1,poly_num_hbond_acceptors_sidechainfeaturizer_sum,0.18017988570381646
1,drug_fingerprint_bit_6,0.17952678853601986
1,drug_fingerprint_bit_216,0.17884241675990628
1,fingerprint_H_bit_145,0.17809730683627967
1,drug_fingerprint_bit_74,0.17556414606411844
1,fingerprint_H_bit_162,0.17371075980325656
1,drug_fingerprint_bit_81,0.170283971944345
1,poly_balaban_j_index_sum_fullpolymerfeaturizer,0.1700894649964099
1,drug_fingerprint_bit_35,0.16856538426779785
1,drug_fingerprint_bit_203,0.16649507909300065
1,drug_fingerprint_bit_255,0.16499261267077334
1,drug_sp2_carbon_count_sum_fullmolecularfeaturizer,0.16371515415706725
1,drug_fingerprint_bit_196,0.16255191979358027
1,drug_fingerprint_bit_132,0.156399765619252
1,drug_fingerprint_bit_181,0.15552365430523857
1,drug_fingerprint_bit_185,0.15297934908974256
1,drug_fingerprint_bit_108,0.15274478140168496
1,drug_fingerprint_bit_75,0.15155558721825363
1,drug_fingerprint_bit_0,0.14825024366486902
1,drug_fingerprint_bit_18,0.14582516542210974
1,drug_fingerprint_bit_161,0.14515346924427577
1,drug_fingerprint_bit_5,0.14499274248893368
1,fingerprint_H_bit_121,0.13819901949147947
1,drug_fingerprint_bit_194,0.1368431376769912
1,fingerprint_H_bit_89,0.13539869850336572
1,drug_fingerprint_bit_205,0.134015625866155
1,drug_fingerprint_bit_145,0.13096638338081298
1,fingerprint_H_bit_18,0.13040518580510968
1,poly_single_bonds_sum_fullpolymerfeaturizer,0.12720705241673505
1,drug_fingerprint_bit_159,0.12534475192276634
1,drug_fingerprint_bit_210,0.12254912059729581
1,drug_fingerprint_bit_26,0.12221862764022406
1,drug_chlorine_count_sum_fullmolecularfeaturizer,0.12178877359419352
1,drug_fingerprint_bit_118,0.12123513269593496
1,drug_fingerprint_bit_83,0.11991492877167634
1,fingerprint_H_bit_13,0.11921481905929375
1,drug_fingerprint_bit_197,0.11793464843963897
1,drug_single_bonds_sum_fullmolecularfeaturizer,0.11616447832909718
1,fingerprint_H_bit_216,0.11480432820991746
1,drug_fingerprint_bit_10,0.11459121782380856
1,fingerprint_H_bit_63,0.11415358968351917
1,drug_fingerprint_bit_43,0.1122227933240971
1,drug_fingerprint_bit_106,0.11136754276125767
1,drug_total_halogens_sum_fullmolecularfeaturizer,0.10991003904480616
1,drug_fingerprint_bit_109,0.10884696648044496
1,drug_fingerprint_bit_30,0.10725007113717996
1,drug_fingerprint_bit_169,0.10682544034125652
1,drug_fingerprint_bit_156,0.10674634673839123
1,drug_fingerprint_bit_1,0.10597098491584786
1,drug_fraction_bicyclic_rings_sum_fullmolecularfeaturizer,0.10317578876322406
1,drug_fingerprint_bit_236,0.10180880404023619
1,drug_fingerprint_bit_28,0.10099341695665624
1,drug_fingerprint_bit_84,0.09923056622330938
1,drug_logd_at_WATER_PH,0.09847385823844132
1,drug_fingerprint_bit_242,0.09721025314858787
1,drug_fingerprint_bit_67,0.09474024679778832
1,drug_fingerprint_bit_105,0.09252303621621435
1,drug_fingerprint_bit_34,0.08966546997749557
1,drug_fingerprint_bit_144,0.08956946126748369
1,fingerprint_H_bit_67,0.08690667803973443
1,drug_fingerprint_bit_150,0.08518299587776246
1,drug_num_aliphatic_heterocycles_sum_fullmolecularfeaturizer,0.08419388340058
1,drug_fingerprint_bit_77,0.08313296179545936
1,drug_smr_vsa5_sum_fullmolecularfeaturizer,0.0829507765354446
1,drug_fingerprint_bit_126,0.08164444322283626
1,drug_fingerprint_bit_116,0.08022961810663636
1,drug_fingerprint_bit_37,0.07947265384098488
1,drug_fingerprint_bit_119,0.07869749709835992
1,drug_fingerprint_bit_204,0.07630453167266961
1,drug_molecular_weight_sum_fullmolecularfeaturizer,0.07520160478745426
1,drug_fingerprint_bit_208,0.07144777775889573
1,poly_num_non_aromatic_rings_sum_fullpolymerfeaturizer,0.0703442832806924
1,drug_fingerprint_bit_153,0.07023419737726586
1,drug_fingerprint_bit_76,0.0701531294869802
1,drug_fingerprint_bit_85,0.0693720669538908
1,drug_fingerprint_bit_27,0.0692125608246282
1,drug_fingerprint_bit_178,0.06811493115132979
1,drug_fingerprint_bit_41,0.06780553457188936
1,fingerprint_H_bit_68,0.06769774096194868
1,drug_fingerprint_bit_69,0.06713783352083914
1,drug_fingerprint_bit_212,0.0670459624496241
1,drug_fingerprint_bit_136,0.0665020002990681
1,drug_fingerprint_bit_140,0.06545066896213855
1,drug_fingerprint_bit_231,0.06344140189080885
1,drug_fingerprint_bit_44,0.06330066473312088
1,drug_fingerprint_bit_114,0.06266507791924011
1,fingerprint_H_bit_54,0.06261233600138942
1,drug_fingerprint_bit_239,0.06252824203430908
1,drug_fingerprint_bit_191,0.061366219040183
1,drug_fingerprint_bit_93,0.056943590852532804
1,drug_fingerprint_bit_61,0.05612437608797709
1,drug_fingerprint_bit_229,0.054796104080754526
1,fingerprint_H_bit_112,0.05424798623105244
1,fingerprint_H_bit_114,0.0542261192922775
1,drug_fingerprint_bit_127,0.05404182711784768
1,drug_fingerprint_bit_238,0.05355041894439584
1,poly_num_non_aromatic_rings_sum_backbonefeaturizer,0.053353966677198536
1,fingerprint_H_bit_212,0.052279486662883526
1,drug_fingerprint_bit_117,0.050901838504965706
1,drug_fingerprint_bit_95,0.05074229171108021
1,poly_slogp_vsa1_sidechainfeaturizer_sum,0.05044138458151933
1,drug_fingerprint_bit_13,0.04940010951194281
1,drug_fp_density_morgan1_sum_fullmolecularfeaturizer,0.04936404389824937
1,drug_fingerprint_bit_154,0.0489405989316436
1,fingerprint_H_bit_32,0.04740871338463705
1,drug_fingerprint_bit_170,0.047287325795599626
1,fingerprint_H_bit_134,0.046920380854560295
1,drug_fingerprint_bit_252,0.04660851298891729
1,fingerprint_H_bit_205,0.0462001596469605
1,drug_fingerprint_bit_189,0.046024258813093306
1,drug_fingerprint_bit_131,0.04496757356668758
1,drug_fingerprint_bit_193,0.043708889681902376
1,drug_fingerprint_bit_60,0.04334098819983367
1,drug_fingerprint_bit_12,0.04320394492992586
1,drug_fingerprint_bit_103,0.04242239270911618
1,drug_fingerprint_bit_179,0.04093122938637032
1,drug_fingerprint_bit_7,0.03907110656383902
1,fingerprint_H_bit_57,0.03860972510473185
1,drug_fingerprint_bit_101,0.03564549513722404
1,drug_fingerprint_bit_92,0.03510598545135053
1,drug_fingerprint_bit_222,0.03470229129810761
1,poly_num_aliphatic_heterocycles_sum_fullpolymerfeaturizer,0.033638969643678275
1,fingerprint_H_bit_164,0.03291729172881116
1,logp_H,0.032776318222534004
1,drug_fingerprint_bit_155,0.03274001367869799
1,drug_fingerprint_bit_245,0.03194438276226979
1,fingerprint_H_bit_98,0.03188775561001049
1,fingerprint_H_bit_66,0.031835557633381355
1,drug_fingerprint_bit_171,0.031411556969446836
1,drug_fingerprint_bit_57,0.03130601322073855
1,fingerprint_H_bit_65,0.03116225490960291
1,drug_fingerprint_bit_16,0.030646557803421275
1,drug_fingerprint_bit_248,0.03032141795110077
1,drug_fingerprint_bit_72,0.029297675041688603
1,fingerprint_H_bit_116,0.02924573528644126
1,fingerprint_H_bit_30,0.028727850313126913
1,fingerprint_H_bit_131,0.028630803208199145
1,drug_fingerprint_bit_78,0.027416633069639134
1,drug_fingerprint_bit_113,0.027215900472467452
1,drug_fingerprint_bit_70,0.026920422054341343
1,drug_fingerprint_bit_2,0.026902643647035145
1,fingerprint_H_bit_34,0.026712923408465285
1,fingerprint_H_bit_224,0.026583796261020063
1,fingerprint_H_bit_143,0.026205863842252403
1,drug_max_ring_size_sum_fullmolecularfeaturizer,0.025911002003191012
1,drug_fingerprint_bit_227,0.025423143880422057
1,drug_fingerprint_bit_19,0.025407330141188438
1,drug_fingerprint_bit_187,0.024755374702426815
1,drug_fingerprint_bit_14,0.024485313320920132
1,drug_fingerprint_bit_235,0.02333009400937163
1,drug_fingerprint_bit_152,0.022878255719165862
1,drug_fingerprint_bit_240,0.022273462431147414
1,drug_fingerprint_bit_172,0.02190204912108646
1,drug_fingerprint_bit_174,0.021784710351003544
1,drug_fingerprint_bit_31,0.02168714010819406
1,drug_fingerprint_bit_32,0.021629030505829712
1,drug_fingerprint_bit_96,0.020855835273099626
1,drug_fingerprint_bit_52,0.02018297934488669
1,fingerprint_H_bit_158,0.020069236703905955
1,poly_num_aliphatic_heterocycles_sum_backbonefeaturizer,0.01970562896430485
1,drug_fingerprint_bit_62,0.019523738791702328
1,drug_fingerprint_bit_134,0.019231139186920685
1,drug_fingerprint_bit_46,0.018660936911087642
1,drug_lumo_eV,0.018415216848783517
1,drug_fingerprint_bit_47,0.018397950279762283
1,fingerprint_H_bit_46,0.016969802397299227
1,drug_fingerprint_bit_20,0.015467057258069175
1,drug_fingerprint_bit_223,0.015166310190742145
1,fingerprint_H_bit_106,0.014533766278122242
1,fingerprint_H_bit_185,0.01432434041314462
1,fingerprint_H_bit_26,0.014313197742755166
1,drug_fingerprint_bit_97,0.014093661495362559
1,drug_fingerprint_bit_58,0.013714260436027772
1,drug_fingerprint_bit_162,0.013245550107085915
1,poly_single_bonds_sidechainfeaturizer_sum,0.010963098845495805
1,drug_fingerprint_bit_90,0.007675748281157246
1,drug_fingerprint_bit_219,0.00599666180722377
1,drug_fingerprint_bit_8,0.005695892517709292
1,drug_fingerprint_bit_104,0.0054934997686924775
1,drug_fingerprint_bit_135,0.004742986612396523
1,fingerprint_H_bit_219,0.0033012944542690054
1,drug_max_estate_index_sum_fullmolecularfeaturizer,0.003165145575943432
1,drug_fingerprint_bit_213,0.0018085799183385526
1,drug_fingerprint_bit_173,0.0011053213276130442
1,drug_fingerprint_bit_224,0.0009304314948624937
1,drug_fingerprint_bit_56,0.0006066403679921681
1,drug_fingerprint_bit_100,0.00022319721991055047
1,fingerprint_H_bit_231,0.0
1,fingerprint_H_bit_230,0.0
1,drug_fingerprint_bit_68,0.0
1,drug_fingerprint_bit_89,0.0
1,fingerprint_H_bit_146,0.0
1,fingerprint_H_bit_178,0.0
1,fingerprint_H_bit_176,0.0
1,fingerprint_H_bit_173,0.0
1,fingerprint_H_bit_148,0.0
1,fingerprint_H_bit_3,0.0
1,fingerprint_H_bit_132,0.0
1,fingerprint_H_bit_4,0.0
1,fingerprint_H_bit_5,0.0
1,fingerprint_H_bit_130,0.0
1,drug_fingerprint_bit_198,0.0
1,fingerprint_H_bit_8,0.0
1,fingerprint_H_bit_161,0.0
1,fingerprint_H_bit_160,0.0
1,fingerprint_H_bit_157,0.0
1,fingerprint_H_bit_156,0.0
1,drug_fingerprint_bit_195,0.0
1,fingerprint_H_bit_228,0.0
1,fingerprint_H_bit_229,0.0
1,drug_fingerprint_bit_190,0.0
1,fingerprint_H_bit_192,0.0
1,fingerprint_H_bit_6,0.0
1,fingerprint_H_bit_105,0.0
1,fingerprint_H_bit_104,0.0
1,fingerprint_H_bit_103,0.0
1,fingerprint_H_bit_82,0.0
1,fingerprint_H_bit_102,0.0
1,fingerprint_H_bit_101,0.0
1,fingerprint_H_bit_99,0.0
1,fingerprint_H_bit_83,0.0
1,fingerprint_H_bit_129,0.0
1,fingerprint_H_bit_79,0.0
1,fingerprint_H_bit_77,0.0
1,fingerprint_H_bit_76,0.0
1,fingerprint_H_bit_111,0.0
1,fingerprint_H_bit_87,0.0
1,fingerprint_H_bit_31,0.0
1,fingerprint_H_bit_29,0.0
1,fingerprint_H_bit_88,0.0
1,drug_fingerprint_bit_123,0.0
1,drug_fingerprint_bit_166,0.0
1,drug_fingerprint_bit_112,0.0
1,drug_fingerprint_bit_157,0.0
1,drug_fingerprint_bit_176,0.0
1,fingerprint_H_bit_109,0.0
1,fingerprint_H_bit_108,0.0
1,fingerprint_H_bit_107,0.0
1,fingerprint_H_bit_86,0.0
1,fingerprint_H_bit_172,0.0
1,fingerprint_H_bit_171,0.0
1,fingerprint_H_bit_140,0.0
1,fingerprint_H_bit_137,0.0
1,fingerprint_H_bit_136,0.0
1,fingerprint_H_bit_135,0.0
1,fingerprint_H_bit_122,0.0
1,fingerprint_H_bit_117,0.0
1,fingerprint_H_bit_115,0.0
1,fingerprint_H_bit_234,0.0
1,fingerprint_H_bit_142,0.0
1,fingerprint_H_bit_141,0.0
1,fingerprint_H_bit_124,0.0
1,fingerprint_H_bit_235,0.0
1,drug_fingerprint_bit_102,0.0
1,fingerprint_H_bit_25,0.0
1,drug_triple_bonds_sum_fullmolecularfeaturizer,0.0
1,drug_iodine_count_sum_fullmolecularfeaturizer,0.0
1,drug_fingerprint_bit_98,0.0
1,drug_fingerprint_bit_244,0.0
1,fingerprint_H_bit_0,0.0
1,drug_fingerprint_bit_88,0.0
1,drug_fingerprint_bit_87,0.0
1,fingerprint_H_bit_127,0.0
1,fingerprint_H_bit_126,0.0
1,fingerprint_H_bit_110,0.0
1,fingerprint_H_bit_250,0.0
1,fingerprint_H_bit_249,0.0
1,fingerprint_H_bit_248,0.0
1,fingerprint_H_bit_247,0.0
1,fingerprint_H_bit_246,0.0
1,fingerprint_H_bit_196,0.0
1,fingerprint_H_bit_195,0.0
1,fingerprint_H_bit_225,0.0
1,fingerprint_H_bit_210,0.0
1,fingerprint_H_bit_209,0.0
1,fingerprint_H_bit_208,0.0
1,fingerprint_H_bit_206,0.0
1,fingerprint_H_bit_203,0.0
1,fingerprint_H_bit_202,0.0
1,fingerprint_H_bit_201,0.0
1,fingerprint_H_bit_2,0.0
1,poly_chlorine_count_sum_fullpolymerfeaturizer,0.0
1,poly_bromine_count_sum_fullpolymerfeaturizer,0.0
1,poly_iodine_count_sum_fullpolymerfeaturizer,0.0
1,poly_triple_bonds_sum_fullpolymerfeaturizer,0.0
1,poly_bridging_rings_count_sum_fullpolymerfeaturizer,0.0
1,poly_num_aliphatic_heterocycles_sidechainfeaturizer_sum,0.0
1,poly_total_halogens_sidechainfeaturizer_sum,0.0
1,fingerprint_H_bit_200,0.0
1,poly_chlorine_count_sidechainfeaturizer_sum,0.0
1,poly_bromine_count_sidechainfeaturizer_sum,0.0
1,poly_iodine_count_sidechainfeaturizer_sum,0.0
1,drug_fingerprint_bit_209,0.0
1,drug_fingerprint_bit_215,0.0
1,fingerprint_H_bit_62,0.0
1,fingerprint_H_bit_198,0.0
1,fingerprint_H_bit_199,0.0
1,poly_fluorine_count_sidechainfeaturizer_sum,0.0
1,fingerprint_H_bit_221,0.0
1,fingerprint_H_bit_223,0.0
1,fingerprint_H_bit_90,0.0
1,fingerprint_H_bit_91,0.0
1,fingerprint_H_bit_92,0.0
1,fingerprint_H_bit_93,0.0
1,fingerprint_H_bit_94,0.0
1,fingerprint_H_bit_252,0.0
1,fingerprint_H_bit_96,0.0
1,fingerprint_H_bit_97,0.0
1,fingerprint_H_bit_71,0.0
1,fingerprint_H_bit_72,0.0
1,fingerprint_H_bit_73,0.0
1,fingerprint_H_bit_238,0.0
1,drug_fingerprint_bit_254,0.0
1,fingerprint_H_bit_74,0.0
1,fingerprint_H_bit_95,0.0
1,fingerprint_H_bit_253,0.0
1,fingerprint_H_bit_254,0.0
1,fingerprint_H_bit_255,0.0
1,poly_num_non_aromatic_rings_sidechainfeaturizer_sum,0.0
1,poly_fraction_bicyclic_rings_sum_fullpolymerfeaturizer,0.0
1,fingerprint_H_bit_239,0.0
1,fingerprint_H_bit_240,0.0
1,fingerprint_H_bit_220,0.0
1,fingerprint_H_bit_242,0.0
1,fingerprint_H_bit_211,0.0
1,poly_total_halogens_sum_fullpolymerfeaturizer,0.0
1,fingerprint_H_bit_243,0.0
1,fingerprint_H_bit_244,0.0
1,drug_fingerprint_bit_220,0.0
1,drug_fingerprint_bit_221,0.0
1,fingerprint_H_bit_215,0.0
1,fingerprint_H_bit_241,0.0
1,poly_fluorine_count_sum_backbonefeaturizer,0.0
1,poly_total_halogens_sum_backbonefeaturizer,0.0
1,poly_triple_bonds_sidechainfeaturizer_sum,0.0
1,fingerprint_H_bit_24,0.0
1,fingerprint_H_bit_23,0.0
1,fingerprint_H_bit_22,0.0
1,fingerprint_H_bit_21,0.0
1,fingerprint_H_bit_20,0.0
1,fingerprint_H_bit_19,0.0
1,fingerprint_H_bit_170,0.0
1,fingerprint_H_bit_169,0.0
1,fingerprint_H_bit_168,0.0
1,fingerprint_H_bit_166,0.0
1,fingerprint_H_bit_165,0.0
1,fingerprint_H_bit_163,0.0
1,poly_fluorine_count_sum_fullpolymerfeaturizer,0.0
1,fingerprint_H_bit_149,0.0
1,fingerprint_H_bit_150,0.0
1,fingerprint_H_bit_152,0.0
1,fingerprint_H_bit_153,0.0
1,fingerprint_H_bit_154,0.0
1,fingerprint_H_bit_187,0.0
1,fingerprint_H_bit_188,0.0
1,fingerprint_H_bit_194,0.0
1,fingerprint_H_bit_190,0.0
1,drug_fingerprint_bit_9,0.0
1,drug_fingerprint_bit_17,0.0
1,drug_fingerprint_bit_21,0.0
1,drug_fingerprint_bit_51,0.0
1,drug_fingerprint_bit_54,0.0
1,fingerprint_H_bit_10,0.0
1,fingerprint_H_bit_193,0.0
1,fingerprint_H_bit_189,0.0
1,fingerprint_H_bit_59,0.0
1,fingerprint_H_bit_60,0.0
1,fingerprint_H_bit_35,0.0
1,fingerprint_H_bit_36,0.0
1,fingerprint_H_bit_40,0.0
1,fingerprint_H_bit_43,0.0
1,fingerprint_H_bit_44,0.0
1,poly_chlorine_count_sum_backbonefeaturizer,0.0
1,fingerprint_H_bit_49,0.0
1,drug_bromine_count_sum_fullmolecularfeaturizer,0.0
1,poly_bridging_rings_count_sidechainfeaturizer_sum,0.0
1,poly_fraction_bicyclic_rings_sum_backbonefeaturizer,0.0
1,poly_fraction_bicyclic_rings_sidechainfeaturizer_sum,0.0
1,fingerprint_H_bit_11,0.0
1,fingerprint_H_bit_14,0.0
1,drug_fingerprint_bit_217,0.0
1,fingerprint_H_bit_47,0.0
1,poly_bromine_count_sum_backbonefeaturizer,0.0
1,poly_iodine_count_sum_backbonefeaturizer,0.0
1,poly_triple_bonds_sum_backbonefeaturizer,0.0
1,poly_bridging_rings_count_sum_backbonefeaturizer,0.0
1,fingerprint_H_bit_9,0.0
1,fingerprint_H_bit_15,0.0
1,fingerprint_H_bit_16,0.0
1,fingerprint_H_bit_55,0.0
1,drug_fingerprint_bit_232,0.0
1,drug_fingerprint_bit_234,0.0
1,fingerprint_H_bit_179,0.0
1,fingerprint_H_bit_180,0.0
1,fingerprint_H_bit_181,0.0
1,fingerprint_H_bit_184,0.0
1,fingerprint_H_bit_50,0.0
1,fingerprint_H_bit_51,0.0
1,fingerprint_H_bit_17,0.0
1,drug_double_bonds_sum_fullmolecularfeaturizer,-0.0006002388090412378
1,drug_fingerprint_bit_82,-0.0007143388761287854
1,drug_fingerprint_bit_65,-0.0017758663151894013
1,drug_fingerprint_bit_38,-0.002766454395970151
1,drug_fingerprint_bit_79,-0.003288998139934316
1,drug_fingerprint_bit_59,-0.0037299401036908603
1,drug_fingerprint_bit_211,-0.004312776983862573
1,poly_fp_density_morgan1_sum_fullpolymerfeaturizer,-0.006120230064379244
1,drug_fingerprint_bit_53,-0.007005835689450013
1,fingerprint_H_bit_123,-0.007204367914144297
1,fingerprint_H_bit_61,-0.008044011128582829
1,drug_fingerprint_bit_149,-0.008073401903562927
1,drug_fingerprint_bit_55,-0.009295566412267768
1,drug_fingerprint_bit_148,-0.009387705766090573
1,drug_fingerprint_bit_192,-0.010624661586588036
1,drug_sp3_carbon_count_sum_fullmolecularfeaturizer,-0.014671498321460388
1,drug_fingerprint_bit_94,-0.014854710450631707
1,drug_fingerprint_bit_225,-0.015386679300919729
1,fingerprint_H_bit_7,-0.01736756038738091
1,drug_fingerprint_bit_121,-0.018436979517833137
1,drug_fingerprint_bit_86,-0.018585497140474243
1,poly_double_bonds_sum_fullpolymerfeaturizer,-0.019645856176851027
1,drug_fingerprint_bit_80,-0.022010508813609466
1,drug_fingerprint_bit_241,-0.023078398779442937
1,drug_charge_at_WATER_PH,-0.02315565106146648
1,drug_fingerprint_bit_25,-0.02663306315976271
1,poly_heteroatom_density_sum_backbonefeaturizer,-0.030992043493467403
1,drug_fingerprint_bit_129,-0.03202234870135954
1,drug_fingerprint_bit_124,-0.03352697703712495
1,drug_fingerprint_bit_182,-0.033895203400998684
1,poly_num_hbond_acceptors_sum_fullpolymerfeaturizer,-0.0364250929976447
1,fingerprint_H_bit_207,-0.04377320532363101
1,drug_fingerprint_bit_3,-0.048039707862016154
1,drug_fingerprint_bit_91,-0.05009839540572049
1,drug_fingerprint_bit_143,-0.05016180632716203
1,fingerprint_H_bit_218,-0.050299562492350125
1,fingerprint_H_bit_186,-0.05281159531852458
1,drug_fingerprint_bit_29,-0.05360110133221591
1,poly_num_rings_sum_fullpolymerfeaturizer,-0.05428914057653793
1,drug_fingerprint_bit_183,-0.055421845650362976
1,drug_fingerprint_bit_111,-0.05775063234257929
1,poly_max_estate_index_sum_backbonefeaturizer,-0.05782240448779891
1,drug_fingerprint_bit_48,-0.06327657412982875
1,drug_fingerprint_bit_66,-0.0792222841473991
1,drug_fingerprint_bit_230,-0.08413761055331968
1,drug_num_atoms_sum_fullmolecularfeaturizer,-0.09680585911068586
1,drug_fingerprint_bit_40,-0.10173291556672849
1,poly_molecular_weight_sum_fullpolymerfeaturizer,-0.10226266824191445
1,drug_fingerprint_bit_138,-0.10381593748955344
1,drug_fingerprint_bit_199,-0.10472381274314595
1,drug_fingerprint_bit_158,-0.10833401107232797
1,fingerprint_H_bit_39,-0.11452171676453614
1,drug_fingerprint_bit_168,-0.11782353939118859
1,drug_fingerprint_bit_207,-0.12697942575998508
1,drug_fingerprint_bit_228,-0.14275989362171668
1,drug_fingerprint_bit_251,-0.14425554983685665
1,drug_num_non_aromatic_rings_sum_fullmolecularfeaturizer,-0.1448431144981844
1,WATER_PH,-0.1501146774667852
1,fingerprint_H_bit_125,-0.15766817204958805
1,fingerprint_H_bit_38,-0.1621165496475358
1,drug_fingerprint_bit_133,-0.16935532233904566
1,drug_fingerprint_bit_214,-0.17989402835087578
1,fingerprint_H_bit_42,-0.19628765284146277
1,drug_fingerprint_bit_243,-0.2046096982105507
1,fingerprint_H_bit_138,-0.2701427057804829
1,drug_fingerprint_bit_186,-0.2804947643817443
1,drug_fingerprint_bit_163,-0.31225548177476775
1,drug_fingerprint_bit_147,-0.33781513443295347
1,poly_topological_surface_area_sum_fullpolymerfeaturizer,-0.3687578440770322
1,drug_fingerprint_bit_107,-0.37632096648084573
1,drug_fingerprint_bit_175,-0.37674647747735285
1,charge_at_WATER_PH_H,-0.3941750738457858
1,drug_fingerprint_bit_64,-0.42386079186166575
1,poly_heteroatom_count_sum_fullpolymerfeaturizer,-0.426175477325864
1,fingerprint_H_bit_191,-0.42872071018530633
1,drug_fingerprint_bit_23,-0.45441571906358763
1,drug_fingerprint_bit_233,-0.46297765577559397
1,poly_num_atoms_sum_fullpolymerfeaturizer,-0.5267347379550066
1,poly_max_estate_index_sum_fullpolymerfeaturizer,-0.537448372714729
1,drug_fingerprint_bit_249,-0.6420863586893019
1,drug_fingerprint_bit_200,-0.6909400775093859
1,fingerprint_H_bit_233,-0.6985812841808239
1,poly_balaban_j_index_sum_backbonefeaturizer,-0.7346884749764707
1,CONCENTRATION,-0.8052920105103417
1,drug_fingerprint_bit_188,-1.0775474153706797
1,drug_fingerprint_bit_11,-1.6097087744840948
1,drug_fingerprint_bit_141,-1.6882957500294948
1,fingerprint_H_bit_144,-1.9881267634077449
1,fingerprint_H_bit_174,-2.0676220041630797
1,fingerprint_H_bit_75,-4.372881721124683
